2024-10-04 11:59:47,169 - INFO - Starting payments service
2024-10-04 11:59:47,172 - INFO - Starting Eureka client registration
2024-10-04 11:59:47,187 - INFO - Eureka client started and service registered successfully.
2024-10-04 11:59:48,472 - INFO - Starting payments service
2024-10-04 11:59:48,473 - INFO - Starting Eureka client registration
2024-10-04 11:59:48,494 - INFO - Eureka client started and service registered successfully.
2024-10-04 12:00:13,961 - INFO - Attempting to connect to MySQL database: ielts_payment
2024-10-04 12:00:13,975 - INFO - Attempting to connect to MySQL database: ielts_database
2024-10-04 12:00:13,980 - INFO - Checking plan status for user ID: 3
2024-10-04 12:00:13,983 - ERROR - Error closing database connections: cannot access local variable 'ielts_cursor' where it is not associated with a value
2024-10-04 12:00:14,015 - DEBUG - Received request to create order
2024-10-04 12:00:15,088 - INFO - Order created successfully with ID: order_P4rWUiuFnh5Vip
2024-10-04 12:00:57,935 - DEBUG - Received payment success notification
2024-10-04 12:00:57,937 - INFO - Attempting to connect to MySQL database: ielts_payment
2024-10-04 12:00:57,943 - INFO - Payment details stored in ielts_payment database for user ID: 3
2024-10-04 12:00:57,943 - INFO - Attempting to connect to MySQL database: ielts_database
2024-10-04 12:00:57,948 - INFO - User email retrieved: deeepak.m@dpsarkai.com
2024-10-04 12:01:00,900 - INFO - Thank you email sent to: deeepak.m@dpsarkai.com
2024-10-04 12:01:00,905 - INFO - User details updated in ielts_database for user ID: 3
2024-10-04 12:03:03,116 - INFO - Starting payments service
2024-10-04 12:03:03,118 - INFO - Starting Eureka client registration
2024-10-04 12:03:03,132 - INFO - Eureka client started and service registered successfully.
2024-10-04 12:03:10,466 - INFO - Starting payments service
2024-10-04 12:03:10,467 - INFO - Starting Eureka client registration
2024-10-04 12:03:10,486 - INFO - Eureka client started and service registered successfully.
2024-10-04 12:03:21,989 - INFO - Starting payments service
2024-10-04 12:03:21,990 - INFO - Starting Eureka client registration
2024-10-04 12:03:22,007 - INFO - Eureka client started and service registered successfully.
2024-10-04 12:03:23,046 - INFO - Starting payments service
2024-10-04 12:03:23,047 - INFO - Starting Eureka client registration
2024-10-04 12:03:23,062 - INFO - Eureka client started and service registered successfully.
2024-10-04 12:04:39,616 - INFO - Attempting to connect to MySQL database: ielts_payment
2024-10-04 12:04:39,623 - INFO - Attempting to connect to MySQL database: ielts_database
2024-10-04 12:04:39,626 - INFO - Checking plan status for user ID: 14
2024-10-04 12:04:39,627 - ERROR - Error closing database connections: cannot access local variable 'ielts_cursor' where it is not associated with a value
2024-10-04 12:04:39,642 - INFO - Attempting to connect to MySQL database: ielts_payment
2024-10-04 12:04:39,645 - INFO - Attempting to connect to MySQL database: ielts_database
2024-10-04 12:04:39,647 - INFO - Checking plan status for user ID: 14
2024-10-04 12:04:39,648 - ERROR - Error closing database connections: cannot access local variable 'ielts_cursor' where it is not associated with a value
2024-10-04 12:04:49,438 - INFO - Attempting to connect to MySQL database: ielts_payment
2024-10-04 12:04:49,441 - INFO - Attempting to connect to MySQL database: ielts_database
2024-10-04 12:04:49,442 - INFO - Checking plan status for user ID: 14
2024-10-04 12:04:49,443 - ERROR - Error closing database connections: cannot access local variable 'ielts_cursor' where it is not associated with a value
2024-10-04 12:04:49,455 - DEBUG - Received request to create order
2024-10-04 12:04:49,863 - INFO - Order created successfully with ID: order_P4rbKeJgRgwCQX
2024-10-04 12:05:27,544 - DEBUG - Received payment success notification
2024-10-04 12:05:27,545 - INFO - Attempting to connect to MySQL database: ielts_payment
2024-10-04 12:05:27,551 - INFO - Payment details stored in ielts_payment database for user ID: 14
2024-10-04 12:05:27,552 - INFO - Attempting to connect to MySQL database: ielts_database
2024-10-04 12:05:27,555 - INFO - User email retrieved: deepaklearner004@gmail.com
2024-10-04 12:05:31,133 - INFO - Thank you email sent to: deepaklearner004@gmail.com
2024-10-04 12:05:31,139 - INFO - User details updated in ielts_database for user ID: 14
2024-10-04 12:08:34,722 - INFO - Attempting to connect to MySQL database: ielts_payment
2024-10-04 12:08:34,723 - INFO - Attempting to connect to MySQL database: ielts_database
2024-10-04 12:08:34,728 - INFO - Checking plan status for user ID: 14
2024-10-04 12:08:34,730 - INFO - Plan status is active for user ID: 14
2024-10-04 12:08:34,731 - ERROR - Error closing database connections: cannot access local variable 'ielts_cursor' where it is not associated with a value
2024-10-04 12:08:34,742 - INFO - Attempting to connect to MySQL database: ielts_payment
2024-10-04 12:08:34,746 - INFO - Attempting to connect to MySQL database: ielts_database
2024-10-04 12:08:34,748 - INFO - Checking plan status for user ID: 14
2024-10-04 12:08:34,749 - INFO - Plan status is active for user ID: 14
2024-10-04 12:08:34,750 - ERROR - Error closing database connections: cannot access local variable 'ielts_cursor' where it is not associated with a value
2024-10-04 12:10:16,008 - INFO - Starting payments service
2024-10-04 12:10:16,010 - INFO - Starting Eureka client registration
2024-10-04 12:10:16,023 - INFO - Eureka client started and service registered successfully.
2024-10-04 12:10:17,068 - INFO - Starting payments service
2024-10-04 12:10:17,069 - INFO - Starting Eureka client registration
2024-10-04 12:10:17,084 - INFO - Eureka client started and service registered successfully.
2024-10-04 12:11:05,284 - INFO - Starting payments service
2024-10-04 12:11:05,285 - INFO - Starting Eureka client registration
2024-10-04 12:11:05,307 - INFO - Eureka client started and service registered successfully.
2024-10-04 12:11:22,194 - INFO - Attempting to connect to MySQL database: ielts_payment
2024-10-04 12:11:22,200 - INFO - Attempting to connect to MySQL database: ielts_database
2024-10-04 12:11:22,205 - INFO - Checking plan status for user ID: 14
2024-10-04 12:11:22,206 - INFO - Plan status is active for user ID: 14
2024-10-04 12:11:22,208 - ERROR - Error closing database connections: cannot access local variable 'ielts_cursor' where it is not associated with a value
2024-10-04 12:11:22,221 - INFO - Attempting to connect to MySQL database: ielts_payment
2024-10-04 12:11:22,224 - INFO - Attempting to connect to MySQL database: ielts_database
2024-10-04 12:11:22,226 - INFO - Checking plan status for user ID: 14
2024-10-04 12:11:22,227 - INFO - Plan status is active for user ID: 14
2024-10-04 12:11:22,228 - ERROR - Error closing database connections: cannot access local variable 'ielts_cursor' where it is not associated with a value
2024-10-04 12:17:47,121 - INFO - Starting payments service
2024-10-04 12:17:47,122 - INFO - Starting Eureka client registration
2024-10-04 12:17:47,142 - INFO - Eureka client started and service registered successfully.
2024-10-04 12:48:31,464 - INFO - Attempting to connect to MySQL database: ielts_payment
2024-10-04 12:48:31,472 - INFO - Attempting to connect to MySQL database: ielts_database
2024-10-04 12:48:31,477 - INFO - Checking plan status for user ID: 14
2024-10-04 12:48:31,480 - INFO - Plan status is active for user ID: 14
2024-10-04 12:48:31,481 - ERROR - Error closing database connections: cannot access local variable 'ielts_cursor' where it is not associated with a value
2024-10-04 12:48:31,494 - INFO - Attempting to connect to MySQL database: ielts_payment
2024-10-04 12:48:31,497 - INFO - Attempting to connect to MySQL database: ielts_database
2024-10-04 12:48:31,499 - INFO - Checking plan status for user ID: 14
2024-10-04 12:48:31,501 - INFO - Plan status is active for user ID: 14
2024-10-04 12:48:31,502 - ERROR - Error closing database connections: cannot access local variable 'ielts_cursor' where it is not associated with a value
2024-10-04 12:54:57,204 - INFO - Starting payments service
2024-10-04 12:54:57,206 - INFO - Starting Eureka client registration
2024-10-04 12:54:57,229 - INFO - Eureka client started and service registered successfully.
2024-10-04 12:55:00,115 - INFO - Starting payments service
2024-10-04 12:55:00,117 - INFO - Starting Eureka client registration
2024-10-04 12:55:00,150 - INFO - Eureka client started and service registered successfully.
2024-10-04 12:55:02,908 - INFO - Starting payments service
2024-10-04 12:55:02,912 - INFO - Starting Eureka client registration
2024-10-04 12:55:02,977 - INFO - Eureka client started and service registered successfully.
2024-10-04 12:55:05,755 - INFO - Starting payments service
2024-10-04 12:55:05,756 - INFO - Starting Eureka client registration
2024-10-04 12:55:05,781 - INFO - Eureka client started and service registered successfully.
2024-10-04 12:56:36,950 - INFO - Starting payments service
2024-10-04 12:56:36,960 - INFO - Starting Eureka client registration
2024-10-04 12:56:36,987 - INFO - Eureka client started and service registered successfully.
2024-10-04 13:10:18,367 - INFO - Starting payments service
2024-10-04 13:10:18,369 - INFO - Starting Eureka client registration
2024-10-04 13:10:18,387 - INFO - Eureka client started and service registered successfully.
2024-10-04 13:12:59,599 - INFO - Starting payments service
2024-10-04 13:12:59,600 - INFO - Starting Eureka client registration
2024-10-04 13:12:59,617 - INFO - Eureka client started and service registered successfully.
2024-10-04 13:23:32,403 - INFO - Starting payments service
2024-10-04 13:23:32,405 - INFO - Starting Eureka client registration
2024-10-04 13:23:32,429 - INFO - Eureka client started and service registered successfully.
2024-10-04 14:23:35,793 - INFO - Starting payments service
2024-10-04 14:23:35,795 - INFO - Starting Eureka client registration
2024-10-04 14:23:35,817 - INFO - Eureka client started and service registered successfully.
2024-10-04 14:23:39,297 - INFO - Starting payments service
2024-10-04 14:23:39,299 - INFO - Starting Eureka client registration
2024-10-04 14:23:39,324 - INFO - Eureka client started and service registered successfully.
2024-10-04 14:23:43,077 - INFO - Starting payments service
2024-10-04 14:23:43,079 - INFO - Starting Eureka client registration
2024-10-04 14:23:43,144 - INFO - Eureka client started and service registered successfully.
2024-10-04 14:23:46,724 - INFO - Starting payments service
2024-10-04 14:23:46,729 - INFO - Starting Eureka client registration
2024-10-04 14:23:46,760 - INFO - Eureka client started and service registered successfully.
2024-10-04 14:57:13,628 - INFO - Starting payments service
2024-10-04 14:57:13,630 - INFO - Starting Eureka client registration
2024-10-04 14:57:13,654 - INFO - Eureka client started and service registered successfully.
2024-10-04 15:03:56,943 - INFO - Starting payments service
2024-10-04 15:03:56,944 - INFO - Starting Eureka client registration
2024-10-04 15:03:56,963 - INFO - Eureka client started and service registered successfully.
2024-10-04 15:05:49,611 - INFO - Attempting to connect to MySQL database: ielts_payment
2024-10-04 15:05:49,617 - INFO - Attempting to connect to MySQL database: ielts_database
2024-10-04 15:05:49,620 - INFO - Checking plan status for user ID: 14
2024-10-04 15:05:49,621 - INFO - Plan status is active for user ID: 14
2024-10-04 15:05:49,623 - ERROR - Error closing database connections: cannot access local variable 'ielts_cursor' where it is not associated with a value
2024-10-04 15:05:49,635 - INFO - Attempting to connect to MySQL database: ielts_payment
2024-10-04 15:05:49,637 - INFO - Attempting to connect to MySQL database: ielts_database
2024-10-04 15:05:49,640 - INFO - Checking plan status for user ID: 14
2024-10-04 15:05:49,642 - INFO - Plan status is active for user ID: 14
2024-10-04 15:05:49,642 - ERROR - Error closing database connections: cannot access local variable 'ielts_cursor' where it is not associated with a value
2024-10-04 15:06:09,340 - INFO - Starting payments service
2024-10-04 15:06:09,343 - INFO - Starting Eureka client registration
2024-10-04 15:06:09,369 - INFO - Eureka client started and service registered successfully.
2024-10-04 15:13:12,417 - INFO - Attempting to connect to MySQL database: ielts_payment
2024-10-04 15:13:12,427 - INFO - Attempting to connect to MySQL database: ielts_database
2024-10-04 15:13:12,432 - INFO - Checking plan status for user ID: 14
2024-10-04 15:13:12,434 - INFO - Plan status is active for user ID: 14
2024-10-04 15:13:12,436 - ERROR - Error closing database connections: cannot access local variable 'ielts_cursor' where it is not associated with a value
2024-10-04 15:13:12,451 - INFO - Attempting to connect to MySQL database: ielts_payment
2024-10-04 15:13:12,455 - INFO - Attempting to connect to MySQL database: ielts_database
2024-10-04 15:13:12,465 - INFO - Checking plan status for user ID: 14
2024-10-04 15:13:12,467 - INFO - Plan status is active for user ID: 14
2024-10-04 15:13:12,469 - ERROR - Error closing database connections: cannot access local variable 'ielts_cursor' where it is not associated with a value
2024-10-04 15:13:31,144 - INFO - Attempting to connect to MySQL database: ielts_payment
2024-10-04 15:13:31,147 - INFO - Attempting to connect to MySQL database: ielts_database
2024-10-04 15:13:31,155 - INFO - Checking plan status for user ID: 14
2024-10-04 15:13:31,159 - INFO - Plan status is active for user ID: 14
2024-10-04 15:13:31,164 - ERROR - Error closing database connections: cannot access local variable 'ielts_cursor' where it is not associated with a value
2024-10-04 15:13:31,222 - INFO - Attempting to connect to MySQL database: ielts_payment
2024-10-04 15:13:31,227 - INFO - Attempting to connect to MySQL database: ielts_database
2024-10-04 15:13:31,232 - INFO - Checking plan status for user ID: 14
2024-10-04 15:13:31,233 - INFO - Plan status is active for user ID: 14
2024-10-04 15:13:31,235 - ERROR - Error closing database connections: cannot access local variable 'ielts_cursor' where it is not associated with a value
2024-10-04 15:13:45,446 - INFO - Attempting to connect to MySQL database: ielts_payment
2024-10-04 15:13:45,449 - INFO - Attempting to connect to MySQL database: ielts_database
2024-10-04 15:13:45,452 - INFO - Checking plan status for user ID: 14
2024-10-04 15:13:45,456 - INFO - Plan status is active for user ID: 14
2024-10-04 15:13:45,457 - ERROR - Error closing database connections: cannot access local variable 'ielts_cursor' where it is not associated with a value
2024-10-04 15:13:45,476 - INFO - Attempting to connect to MySQL database: ielts_payment
2024-10-04 15:13:45,479 - INFO - Attempting to connect to MySQL database: ielts_database
2024-10-04 15:13:45,482 - INFO - Checking plan status for user ID: 14
2024-10-04 15:13:45,485 - INFO - Plan status is active for user ID: 14
2024-10-04 15:13:45,487 - ERROR - Error closing database connections: cannot access local variable 'ielts_cursor' where it is not associated with a value
2024-10-04 15:18:39,476 - INFO - Starting payments service
2024-10-04 15:18:39,477 - INFO - Starting Eureka client registration
2024-10-04 15:18:39,493 - INFO - Eureka client started and service registered successfully.
2024-10-04 15:18:52,651 - INFO - Attempting to connect to MySQL database: ielts_payment
2024-10-04 15:18:52,657 - INFO - Attempting to connect to MySQL database: ielts_database
2024-10-04 15:18:52,661 - INFO - Checking plan status for user ID: 14
2024-10-04 15:18:52,663 - INFO - Plan status is active for user ID: 14
2024-10-04 15:18:52,665 - ERROR - Error closing database connections: cannot access local variable 'ielts_cursor' where it is not associated with a value
2024-10-04 15:18:52,675 - INFO - Attempting to connect to MySQL database: ielts_payment
2024-10-04 15:18:52,678 - INFO - Attempting to connect to MySQL database: ielts_database
2024-10-04 15:18:52,680 - INFO - Checking plan status for user ID: 14
2024-10-04 15:18:52,683 - INFO - Plan status is active for user ID: 14
2024-10-04 15:18:52,684 - ERROR - Error closing database connections: cannot access local variable 'ielts_cursor' where it is not associated with a value
2024-10-04 15:26:40,713 - INFO - Attempting to connect to MySQL database: ielts_payment
2024-10-04 15:26:40,715 - INFO - Attempting to connect to MySQL database: ielts_database
2024-10-04 15:26:40,717 - INFO - Checking plan status for user ID: 14
2024-10-04 15:26:40,718 - INFO - Plan status is active for user ID: 14
2024-10-04 15:26:40,720 - ERROR - Error closing database connections: cannot access local variable 'ielts_cursor' where it is not associated with a value
2024-10-04 15:26:40,732 - INFO - Attempting to connect to MySQL database: ielts_payment
2024-10-04 15:26:40,734 - INFO - Attempting to connect to MySQL database: ielts_database
2024-10-04 15:26:40,736 - INFO - Checking plan status for user ID: 14
2024-10-04 15:26:40,738 - INFO - Plan status is active for user ID: 14
2024-10-04 15:26:40,741 - ERROR - Error closing database connections: cannot access local variable 'ielts_cursor' where it is not associated with a value
2024-10-04 15:33:53,647 - INFO - Attempting to connect to MySQL database: ielts_payment
2024-10-04 15:33:53,649 - INFO - Attempting to connect to MySQL database: ielts_database
2024-10-04 15:33:53,652 - INFO - Checking plan status for user ID: 14
2024-10-04 15:33:53,653 - INFO - Plan status is active for user ID: 14
2024-10-04 15:33:53,655 - ERROR - Error closing database connections: cannot access local variable 'ielts_cursor' where it is not associated with a value
2024-10-04 15:33:53,700 - INFO - Attempting to connect to MySQL database: ielts_payment
2024-10-04 15:33:53,703 - INFO - Attempting to connect to MySQL database: ielts_database
2024-10-04 15:33:53,706 - INFO - Checking plan status for user ID: 14
2024-10-04 15:33:53,711 - INFO - Plan status is active for user ID: 14
2024-10-04 15:33:53,713 - ERROR - Error closing database connections: cannot access local variable 'ielts_cursor' where it is not associated with a value
2024-10-04 15:35:50,551 - INFO - Attempting to connect to MySQL database: ielts_payment
2024-10-04 15:35:50,555 - INFO - Attempting to connect to MySQL database: ielts_database
2024-10-04 15:35:50,559 - INFO - Checking plan status for user ID: 14
2024-10-04 15:35:50,561 - INFO - Plan status is active for user ID: 14
2024-10-04 15:35:50,562 - ERROR - Error closing database connections: cannot access local variable 'ielts_cursor' where it is not associated with a value
2024-10-04 15:35:50,584 - INFO - Attempting to connect to MySQL database: ielts_payment
2024-10-04 15:35:50,591 - INFO - Attempting to connect to MySQL database: ielts_database
2024-10-04 15:35:50,595 - INFO - Checking plan status for user ID: 14
2024-10-04 15:35:50,599 - INFO - Plan status is active for user ID: 14
2024-10-04 15:35:50,603 - ERROR - Error closing database connections: cannot access local variable 'ielts_cursor' where it is not associated with a value
2024-10-04 15:35:55,862 - INFO - Attempting to connect to MySQL database: ielts_payment
2024-10-04 15:35:55,865 - INFO - Attempting to connect to MySQL database: ielts_database
2024-10-04 15:35:55,869 - INFO - Checking plan status for user ID: 14
2024-10-04 15:35:55,871 - INFO - Plan status is active for user ID: 14
2024-10-04 15:35:55,872 - ERROR - Error closing database connections: cannot access local variable 'ielts_cursor' where it is not associated with a value
2024-10-04 15:35:55,892 - INFO - Attempting to connect to MySQL database: ielts_payment
2024-10-04 15:35:55,896 - INFO - Attempting to connect to MySQL database: ielts_database
2024-10-04 15:35:55,899 - INFO - Checking plan status for user ID: 14
2024-10-04 15:35:55,901 - INFO - Plan status is active for user ID: 14
2024-10-04 15:35:55,903 - ERROR - Error closing database connections: cannot access local variable 'ielts_cursor' where it is not associated with a value
2024-10-04 15:36:23,150 - INFO - Attempting to connect to MySQL database: ielts_payment
2024-10-04 15:36:23,151 - INFO - Attempting to connect to MySQL database: ielts_database
2024-10-04 15:36:23,153 - INFO - Checking plan status for user ID: 14
2024-10-04 15:36:23,154 - INFO - Plan status is active for user ID: 14
2024-10-04 15:36:23,155 - ERROR - Error closing database connections: cannot access local variable 'ielts_cursor' where it is not associated with a value
2024-10-04 15:36:23,168 - INFO - Attempting to connect to MySQL database: ielts_payment
2024-10-04 15:36:23,171 - INFO - Attempting to connect to MySQL database: ielts_database
2024-10-04 15:36:23,174 - INFO - Checking plan status for user ID: 14
2024-10-04 15:36:23,176 - INFO - Plan status is active for user ID: 14
2024-10-04 15:36:23,177 - ERROR - Error closing database connections: cannot access local variable 'ielts_cursor' where it is not associated with a value
2024-10-04 15:40:22,218 - INFO - Attempting to connect to MySQL database: ielts_payment
2024-10-04 15:40:22,220 - INFO - Attempting to connect to MySQL database: ielts_database
2024-10-04 15:40:22,223 - INFO - Checking plan status for user ID: 14
2024-10-04 15:40:22,224 - INFO - Plan status is active for user ID: 14
2024-10-04 15:40:22,227 - ERROR - Error closing database connections: cannot access local variable 'ielts_cursor' where it is not associated with a value
2024-10-04 15:40:22,239 - INFO - Attempting to connect to MySQL database: ielts_payment
2024-10-04 15:40:22,244 - INFO - Attempting to connect to MySQL database: ielts_database
2024-10-04 15:40:22,247 - INFO - Checking plan status for user ID: 14
2024-10-04 15:40:22,249 - INFO - Plan status is active for user ID: 14
2024-10-04 15:40:22,250 - ERROR - Error closing database connections: cannot access local variable 'ielts_cursor' where it is not associated with a value
2024-10-04 15:56:24,688 - INFO - Attempting to connect to MySQL database: ielts_payment
2024-10-04 15:56:24,690 - INFO - Attempting to connect to MySQL database: ielts_database
2024-10-04 15:56:24,693 - INFO - Checking plan status for user ID: 14
2024-10-04 15:56:24,695 - INFO - Plan status is active for user ID: 14
2024-10-04 15:56:24,696 - ERROR - Error closing database connections: cannot access local variable 'ielts_cursor' where it is not associated with a value
2024-10-04 15:56:24,709 - INFO - Attempting to connect to MySQL database: ielts_payment
2024-10-04 15:56:24,712 - INFO - Attempting to connect to MySQL database: ielts_database
2024-10-04 15:56:24,715 - INFO - Checking plan status for user ID: 14
2024-10-04 15:56:24,716 - INFO - Plan status is active for user ID: 14
2024-10-04 15:56:24,718 - ERROR - Error closing database connections: cannot access local variable 'ielts_cursor' where it is not associated with a value
2024-10-04 15:59:56,497 - INFO - Starting payments service
2024-10-04 15:59:56,499 - INFO - Starting Eureka client registration
2024-10-04 15:59:56,535 - INFO - Eureka client started and service registered successfully.
2024-10-04 16:00:00,565 - INFO - Starting payments service
2024-10-04 16:00:00,568 - INFO - Starting Eureka client registration
2024-10-04 16:00:00,598 - INFO - Eureka client started and service registered successfully.
2024-10-04 16:00:04,629 - INFO - Starting payments service
2024-10-04 16:00:04,631 - INFO - Starting Eureka client registration
2024-10-04 16:00:04,680 - INFO - Eureka client started and service registered successfully.
2024-10-04 16:00:08,027 - INFO - Starting payments service
2024-10-04 16:00:08,028 - INFO - Starting Eureka client registration
2024-10-04 16:00:08,052 - INFO - Eureka client started and service registered successfully.
2024-10-04 16:00:33,731 - INFO - Attempting to connect to MySQL database: ielts_payment
2024-10-04 16:00:33,735 - INFO - Attempting to connect to MySQL database: ielts_database
2024-10-04 16:00:33,738 - INFO - Checking plan status for user ID: 14
2024-10-04 16:00:33,739 - INFO - Plan status is active for user ID: 14
2024-10-04 16:00:33,740 - ERROR - Error closing database connections: cannot access local variable 'ielts_cursor' where it is not associated with a value
2024-10-04 16:00:33,750 - INFO - Attempting to connect to MySQL database: ielts_payment
2024-10-04 16:00:33,752 - INFO - Attempting to connect to MySQL database: ielts_database
2024-10-04 16:00:33,754 - INFO - Checking plan status for user ID: 14
2024-10-04 16:00:33,755 - INFO - Plan status is active for user ID: 14
2024-10-04 16:00:33,756 - ERROR - Error closing database connections: cannot access local variable 'ielts_cursor' where it is not associated with a value
2024-10-04 16:10:40,839 - INFO - Starting payments service
2024-10-04 16:10:40,841 - INFO - Starting Eureka client registration
2024-10-04 16:10:40,866 - INFO - Eureka client started and service registered successfully.
2024-10-04 16:44:11,058 - INFO - Starting payments service
2024-10-04 16:44:11,060 - INFO - Starting Eureka client registration
2024-10-04 16:44:11,081 - INFO - Eureka client started and service registered successfully.
2024-10-04 17:00:06,302 - INFO - Starting payments service
2024-10-04 17:00:06,304 - INFO - Starting Eureka client registration
2024-10-04 17:00:06,347 - INFO - Eureka client started and service registered successfully.
2024-10-04 17:00:10,683 - INFO - Starting payments service
2024-10-04 17:00:10,685 - INFO - Starting Eureka client registration
2024-10-04 17:00:10,734 - INFO - Eureka client started and service registered successfully.
2024-10-04 17:00:18,507 - INFO - Starting payments service
2024-10-04 17:00:18,518 - INFO - Starting Eureka client registration
2024-10-04 17:00:18,593 - INFO - Eureka client started and service registered successfully.
2024-10-04 17:14:18,830 - INFO - Starting payments service
2024-10-04 17:14:18,831 - INFO - Starting Eureka client registration
2024-10-04 17:14:18,880 - INFO - Eureka client started and service registered successfully.
2024-10-04 17:26:53,637 - INFO - Starting payments service
2024-10-04 17:26:53,649 - INFO - Starting Eureka client registration
2024-10-04 17:26:53,725 - INFO - Eureka client started and service registered successfully.
2024-10-04 17:33:25,902 - INFO - Starting payments service
2024-10-04 17:33:25,905 - INFO - Starting Eureka client registration
2024-10-04 17:33:25,947 - INFO - Eureka client started and service registered successfully.
2024-10-04 18:10:40,149 - INFO - Starting payments service
2024-10-04 18:10:40,159 - INFO - Starting Eureka client registration
2024-10-04 18:10:40,214 - INFO - Eureka client started and service registered successfully.
2024-10-04 18:10:45,722 - INFO - Starting payments service
2024-10-04 18:10:45,726 - INFO - Starting Eureka client registration
2024-10-04 18:10:45,756 - INFO - Eureka client started and service registered successfully.
2024-10-04 18:10:52,286 - INFO - Starting payments service
2024-10-04 18:10:52,290 - INFO - Starting Eureka client registration
2024-10-04 18:10:52,336 - INFO - Eureka client started and service registered successfully.
2024-10-04 18:27:14,976 - INFO - Attempting to connect to MySQL database: ielts_payment
2024-10-04 18:27:14,984 - INFO - Attempting to connect to MySQL database: ielts_database
2024-10-04 18:27:14,987 - INFO - Checking plan status for user ID: 6
2024-10-04 18:27:14,989 - ERROR - Error closing database connections: cannot access local variable 'ielts_cursor' where it is not associated with a value
2024-10-04 18:27:15,013 - INFO - Attempting to connect to MySQL database: ielts_payment
2024-10-04 18:27:15,017 - INFO - Attempting to connect to MySQL database: ielts_database
2024-10-04 18:27:15,020 - INFO - Checking plan status for user ID: 6
2024-10-04 18:27:15,022 - ERROR - Error closing database connections: cannot access local variable 'ielts_cursor' where it is not associated with a value
2024-10-04 18:27:28,553 - INFO - Attempting to connect to MySQL database: ielts_payment
2024-10-04 18:27:28,555 - INFO - Attempting to connect to MySQL database: ielts_database
2024-10-04 18:27:28,557 - INFO - Checking plan status for user ID: 6
2024-10-04 18:27:28,559 - ERROR - Error closing database connections: cannot access local variable 'ielts_cursor' where it is not associated with a value
2024-10-04 18:27:28,569 - DEBUG - Received request to create order
2024-10-04 18:27:29,493 - INFO - Order created successfully with ID: order_P4y7Y5NHDs3Trj
2024-10-04 18:28:09,827 - DEBUG - Received payment success notification
2024-10-04 18:28:09,828 - INFO - Attempting to connect to MySQL database: ielts_payment
2024-10-04 18:28:09,839 - INFO - Payment details stored in ielts_payment database for user ID: 6
2024-10-04 18:28:09,840 - INFO - Attempting to connect to MySQL database: ielts_database
2024-10-04 18:28:09,844 - INFO - User email retrieved: deepaktechie04@gmail.com
2024-10-04 18:28:12,387 - INFO - Thank you email sent to: deepaktechie04@gmail.com
2024-10-04 18:28:12,392 - INFO - User details updated in ielts_database for user ID: 6
2024-10-04 18:28:20,136 - INFO - Attempting to connect to MySQL database: ielts_payment
2024-10-04 18:28:20,138 - INFO - Attempting to connect to MySQL database: ielts_database
2024-10-04 18:28:20,141 - INFO - Checking plan status for user ID: 6
2024-10-04 18:28:20,144 - INFO - Plan status is active for user ID: 6
2024-10-04 18:28:20,146 - ERROR - Error closing database connections: cannot access local variable 'ielts_cursor' where it is not associated with a value
2024-10-04 18:28:20,158 - INFO - Attempting to connect to MySQL database: ielts_payment
2024-10-04 18:28:20,161 - INFO - Attempting to connect to MySQL database: ielts_database
2024-10-04 18:28:20,164 - INFO - Checking plan status for user ID: 6
2024-10-04 18:28:20,165 - INFO - Plan status is active for user ID: 6
2024-10-04 18:28:20,167 - ERROR - Error closing database connections: cannot access local variable 'ielts_cursor' where it is not associated with a value
2024-10-04 18:29:02,571 - INFO - Attempting to connect to MySQL database: ielts_payment
2024-10-04 18:29:02,577 - INFO - Attempting to connect to MySQL database: ielts_database
2024-10-04 18:29:02,579 - INFO - Checking plan status for user ID: 6
2024-10-04 18:29:02,580 - INFO - Plan status is active for user ID: 6
2024-10-04 18:29:02,582 - ERROR - Error closing database connections: cannot access local variable 'ielts_cursor' where it is not associated with a value
2024-10-04 18:29:02,597 - INFO - Attempting to connect to MySQL database: ielts_payment
2024-10-04 18:29:02,599 - INFO - Attempting to connect to MySQL database: ielts_database
2024-10-04 18:29:02,601 - INFO - Checking plan status for user ID: 6
2024-10-04 18:29:02,602 - INFO - Plan status is active for user ID: 6
2024-10-04 18:29:02,604 - ERROR - Error closing database connections: cannot access local variable 'ielts_cursor' where it is not associated with a value
2024-10-04 18:33:32,912 - INFO - Starting payments service
2024-10-04 18:33:32,914 - INFO - Starting Eureka client registration
2024-10-04 18:33:32,954 - INFO - Eureka client started and service registered successfully.
2024-10-04 18:42:47,800 - INFO - Attempting to connect to MySQL database: ielts_payment
2024-10-04 18:42:47,807 - INFO - Attempting to connect to MySQL database: ielts_database
2024-10-04 18:42:47,812 - INFO - Checking plan status for user ID: 6
2024-10-04 18:42:47,814 - INFO - Plan status is active for user ID: 6
2024-10-04 18:42:47,815 - ERROR - Error closing database connections: cannot access local variable 'ielts_cursor' where it is not associated with a value
2024-10-04 18:42:47,827 - INFO - Attempting to connect to MySQL database: ielts_payment
2024-10-04 18:42:47,832 - INFO - Attempting to connect to MySQL database: ielts_database
2024-10-04 18:42:47,835 - INFO - Checking plan status for user ID: 6
2024-10-04 18:42:47,837 - INFO - Plan status is active for user ID: 6
2024-10-04 18:42:47,838 - ERROR - Error closing database connections: cannot access local variable 'ielts_cursor' where it is not associated with a value
2024-10-04 18:50:10,911 - INFO - Attempting to connect to MySQL database: ielts_payment
2024-10-04 18:50:10,914 - INFO - Attempting to connect to MySQL database: ielts_database
2024-10-04 18:50:10,916 - INFO - Checking plan status for user ID: 6
2024-10-04 18:50:10,918 - INFO - Plan status is active for user ID: 6
2024-10-04 18:50:10,919 - ERROR - Error closing database connections: cannot access local variable 'ielts_cursor' where it is not associated with a value
2024-10-04 18:50:10,935 - INFO - Attempting to connect to MySQL database: ielts_payment
2024-10-04 18:50:10,938 - INFO - Attempting to connect to MySQL database: ielts_database
2024-10-04 18:50:10,943 - INFO - Checking plan status for user ID: 6
2024-10-04 18:50:10,945 - INFO - Plan status is active for user ID: 6
2024-10-04 18:50:10,948 - ERROR - Error closing database connections: cannot access local variable 'ielts_cursor' where it is not associated with a value
2024-10-04 18:50:29,640 - INFO - Starting payments service
2024-10-04 18:50:29,642 - INFO - Starting Eureka client registration
2024-10-04 18:50:29,674 - INFO - Eureka client started and service registered successfully.
2024-10-04 20:50:33,569 - INFO - Starting payments service
2024-10-04 20:50:33,571 - INFO - Starting Eureka client registration
2024-10-04 20:50:33,602 - INFO - Eureka client started and service registered successfully.
2024-10-04 20:50:44,845 - INFO - Starting payments service
2024-10-04 20:50:44,847 - INFO - Starting Eureka client registration
2024-10-04 20:50:44,893 - INFO - Eureka client started and service registered successfully.
2024-10-04 21:45:19,467 - INFO - Attempting to connect to MySQL database: ielts_payment
2024-10-04 21:45:19,478 - INFO - Attempting to connect to MySQL database: ielts_database
2024-10-04 21:45:19,483 - INFO - Checking plan status for user ID: 6
2024-10-04 21:45:19,487 - INFO - Plan status is active for user ID: 6
2024-10-04 21:45:19,488 - ERROR - Error closing database connections: cannot access local variable 'ielts_cursor' where it is not associated with a value
2024-10-04 21:45:19,502 - INFO - Attempting to connect to MySQL database: ielts_payment
2024-10-04 21:45:19,508 - INFO - Attempting to connect to MySQL database: ielts_database
2024-10-04 21:45:19,515 - INFO - Checking plan status for user ID: 6
2024-10-04 21:45:19,517 - INFO - Plan status is active for user ID: 6
2024-10-04 21:45:19,518 - ERROR - Error closing database connections: cannot access local variable 'ielts_cursor' where it is not associated with a value
2024-10-04 22:16:11,701 - INFO - Starting payments service
2024-10-04 22:16:11,703 - INFO - Starting Eureka client registration
2024-10-04 22:16:11,722 - INFO - Eureka client started and service registered successfully.
2024-10-04 22:16:22,945 - INFO - Starting payments service
2024-10-04 22:16:22,946 - INFO - Starting Eureka client registration
2024-10-04 22:16:22,965 - INFO - Eureka client started and service registered successfully.
2024-10-04 22:34:10,704 - INFO - Attempting to connect to MySQL database: ielts_payment
2024-10-04 22:34:10,713 - INFO - Attempting to connect to MySQL database: ielts_database
2024-10-04 22:34:10,717 - INFO - Checking plan status for user ID: 6
2024-10-04 22:34:10,719 - INFO - Plan status is active for user ID: 6
2024-10-04 22:34:10,720 - ERROR - Error closing database connections: cannot access local variable 'ielts_cursor' where it is not associated with a value
2024-10-04 22:34:10,738 - INFO - Attempting to connect to MySQL database: ielts_payment
2024-10-04 22:34:10,740 - INFO - Attempting to connect to MySQL database: ielts_database
2024-10-04 22:34:10,741 - INFO - Checking plan status for user ID: 6
2024-10-04 22:34:10,744 - INFO - Plan status is active for user ID: 6
2024-10-04 22:34:10,747 - ERROR - Error closing database connections: cannot access local variable 'ielts_cursor' where it is not associated with a value
2024-10-04 22:35:09,913 - INFO - Attempting to connect to MySQL database: ielts_payment
2024-10-04 22:35:09,915 - INFO - Attempting to connect to MySQL database: ielts_database
2024-10-04 22:35:09,917 - INFO - Checking plan status for user ID: 6
2024-10-04 22:35:09,920 - INFO - Plan status is active for user ID: 6
2024-10-04 22:35:09,921 - ERROR - Error closing database connections: cannot access local variable 'ielts_cursor' where it is not associated with a value
2024-10-04 22:35:09,934 - INFO - Attempting to connect to MySQL database: ielts_payment
2024-10-04 22:35:09,936 - INFO - Attempting to connect to MySQL database: ielts_database
2024-10-04 22:35:09,939 - INFO - Checking plan status for user ID: 6
2024-10-04 22:35:09,943 - INFO - Plan status is active for user ID: 6
2024-10-04 22:35:09,944 - ERROR - Error closing database connections: cannot access local variable 'ielts_cursor' where it is not associated with a value
2024-10-04 22:47:34,149 - INFO - Attempting to connect to MySQL database: ielts_payment
2024-10-04 22:47:34,152 - INFO - Attempting to connect to MySQL database: ielts_database
2024-10-04 22:47:34,154 - INFO - Checking plan status for user ID: 6
2024-10-04 22:47:34,156 - INFO - Plan status is active for user ID: 6
2024-10-04 22:47:34,157 - ERROR - Error closing database connections: cannot access local variable 'ielts_cursor' where it is not associated with a value
2024-10-04 22:47:34,172 - INFO - Attempting to connect to MySQL database: ielts_payment
2024-10-04 22:47:34,174 - INFO - Attempting to connect to MySQL database: ielts_database
2024-10-04 22:47:34,177 - INFO - Checking plan status for user ID: 6
2024-10-04 22:47:34,180 - INFO - Plan status is active for user ID: 6
2024-10-04 22:47:34,180 - ERROR - Error closing database connections: cannot access local variable 'ielts_cursor' where it is not associated with a value
2024-10-04 23:15:04,445 - INFO - Attempting to connect to MySQL database: ielts_payment
2024-10-04 23:15:04,449 - INFO - Attempting to connect to MySQL database: ielts_database
2024-10-04 23:15:04,454 - INFO - Checking plan status for user ID: 6
2024-10-04 23:15:04,456 - INFO - Plan status is active for user ID: 6
2024-10-04 23:15:04,459 - ERROR - Error closing database connections: cannot access local variable 'ielts_cursor' where it is not associated with a value
2024-10-04 23:15:04,476 - INFO - Attempting to connect to MySQL database: ielts_payment
2024-10-04 23:15:04,479 - INFO - Attempting to connect to MySQL database: ielts_database
2024-10-04 23:15:04,484 - INFO - Checking plan status for user ID: 6
2024-10-04 23:15:04,486 - INFO - Plan status is active for user ID: 6
2024-10-04 23:15:04,488 - ERROR - Error closing database connections: cannot access local variable 'ielts_cursor' where it is not associated with a value
2024-10-04 23:16:26,765 - INFO - Starting payments service
2024-10-04 23:16:26,767 - INFO - Starting Eureka client registration
2024-10-04 23:16:26,802 - INFO - Eureka client started and service registered successfully.
2024-10-04 23:16:39,424 - INFO - Starting payments service
2024-10-04 23:16:39,425 - INFO - Starting Eureka client registration
2024-10-04 23:16:39,454 - INFO - Eureka client started and service registered successfully.
2024-10-04 23:19:02,843 - INFO - Starting payments service
2024-10-04 23:19:02,853 - INFO - Starting Eureka client registration
2024-10-04 23:19:02,886 - INFO - Eureka client started and service registered successfully.
2024-10-04 23:22:18,448 - INFO - Attempting to connect to MySQL database: ielts_payment
2024-10-04 23:22:18,465 - INFO - Attempting to connect to MySQL database: ielts_database
2024-10-04 23:22:18,471 - INFO - Checking plan status for user ID: 6
2024-10-04 23:22:18,473 - INFO - Plan status is active for user ID: 6
2024-10-04 23:22:18,474 - ERROR - Error closing database connections: cannot access local variable 'ielts_cursor' where it is not associated with a value
2024-10-04 23:22:18,523 - INFO - Attempting to connect to MySQL database: ielts_payment
2024-10-04 23:22:18,526 - INFO - Attempting to connect to MySQL database: ielts_database
2024-10-04 23:22:18,531 - INFO - Checking plan status for user ID: 6
2024-10-04 23:22:18,532 - INFO - Plan status is active for user ID: 6
2024-10-04 23:22:18,537 - ERROR - Error closing database connections: cannot access local variable 'ielts_cursor' where it is not associated with a value
2024-10-04 23:24:08,145 - INFO - Attempting to connect to MySQL database: ielts_payment
2024-10-04 23:24:08,150 - INFO - Attempting to connect to MySQL database: ielts_database
2024-10-04 23:24:08,154 - INFO - Checking plan status for user ID: 6
2024-10-04 23:24:08,156 - INFO - Plan status is active for user ID: 6
2024-10-04 23:24:08,158 - ERROR - Error closing database connections: cannot access local variable 'ielts_cursor' where it is not associated with a value
2024-10-04 23:24:08,172 - INFO - Attempting to connect to MySQL database: ielts_payment
2024-10-04 23:24:08,176 - INFO - Attempting to connect to MySQL database: ielts_database
2024-10-04 23:24:08,180 - INFO - Checking plan status for user ID: 6
2024-10-04 23:24:08,184 - INFO - Plan status is active for user ID: 6
2024-10-04 23:24:08,185 - ERROR - Error closing database connections: cannot access local variable 'ielts_cursor' where it is not associated with a value
2024-10-04 23:25:06,172 - INFO - Attempting to connect to MySQL database: ielts_payment
2024-10-04 23:25:06,175 - INFO - Attempting to connect to MySQL database: ielts_database
2024-10-04 23:25:06,180 - INFO - Checking plan status for user ID: 6
2024-10-04 23:25:06,181 - INFO - Plan status is active for user ID: 6
2024-10-04 23:25:06,183 - ERROR - Error closing database connections: cannot access local variable 'ielts_cursor' where it is not associated with a value
2024-10-04 23:25:06,196 - INFO - Attempting to connect to MySQL database: ielts_payment
2024-10-04 23:25:06,200 - INFO - Attempting to connect to MySQL database: ielts_database
2024-10-04 23:25:06,203 - INFO - Checking plan status for user ID: 6
2024-10-04 23:25:06,208 - INFO - Plan status is active for user ID: 6
2024-10-04 23:25:06,209 - ERROR - Error closing database connections: cannot access local variable 'ielts_cursor' where it is not associated with a value
2024-10-04 23:25:09,771 - INFO - Starting payments service
2024-10-04 23:25:09,773 - INFO - Starting Eureka client registration
2024-10-04 23:25:09,803 - INFO - Eureka client started and service registered successfully.
2024-10-04 23:26:17,086 - INFO - Attempting to connect to MySQL database: ielts_payment
2024-10-04 23:26:17,097 - INFO - Attempting to connect to MySQL database: ielts_database
2024-10-04 23:26:17,102 - INFO - Checking plan status for user ID: 6
2024-10-04 23:26:17,106 - INFO - Plan status is active for user ID: 6
2024-10-04 23:26:17,107 - ERROR - Error closing database connections: cannot access local variable 'ielts_cursor' where it is not associated with a value
2024-10-04 23:26:17,117 - INFO - Attempting to connect to MySQL database: ielts_payment
2024-10-04 23:26:17,120 - INFO - Attempting to connect to MySQL database: ielts_database
2024-10-04 23:26:17,127 - INFO - Checking plan status for user ID: 6
2024-10-04 23:26:17,128 - INFO - Plan status is active for user ID: 6
2024-10-04 23:26:17,129 - ERROR - Error closing database connections: cannot access local variable 'ielts_cursor' where it is not associated with a value
2024-10-04 23:48:04,127 - INFO - Starting payments service
2024-10-04 23:48:04,128 - INFO - Starting Eureka client registration
2024-10-04 23:48:04,152 - INFO - Eureka client started and service registered successfully.
2024-10-04 23:48:07,659 - INFO - Starting payments service
2024-10-04 23:48:07,661 - INFO - Starting Eureka client registration
2024-10-04 23:48:07,701 - INFO - Eureka client started and service registered successfully.
2024-10-04 23:48:11,209 - INFO - Starting payments service
2024-10-04 23:48:11,211 - INFO - Starting Eureka client registration
2024-10-04 23:48:11,258 - INFO - Eureka client started and service registered successfully.
2024-10-04 23:48:15,440 - INFO - Starting payments service
2024-10-04 23:48:15,441 - INFO - Starting Eureka client registration
2024-10-04 23:48:15,468 - INFO - Eureka client started and service registered successfully.
2024-10-04 23:49:10,534 - INFO - Starting payments service
2024-10-04 23:49:10,535 - INFO - Starting Eureka client registration
2024-10-04 23:49:10,556 - INFO - Eureka client started and service registered successfully.
2024-10-04 23:54:47,613 - INFO - Starting payments service
2024-10-04 23:54:47,615 - INFO - Starting Eureka client registration
2024-10-04 23:54:47,647 - INFO - Eureka client started and service registered successfully.
2024-10-04 23:54:54,272 - INFO - Starting payments service
2024-10-04 23:54:54,273 - INFO - Starting Eureka client registration
2024-10-04 23:54:54,291 - INFO - Eureka client started and service registered successfully.
2024-10-05 20:33:51,037 - INFO - Starting payments service
2024-10-05 20:33:51,038 - INFO - Starting Eureka client registration
2024-10-05 20:33:51,057 - INFO - Eureka client started and service registered successfully.
2024-10-05 20:33:52,280 - INFO - Starting payments service
2024-10-05 20:33:52,282 - INFO - Starting Eureka client registration
2024-10-05 20:33:52,307 - INFO - Eureka client started and service registered successfully.
2024-10-05 20:34:03,484 - INFO - Attempting to connect to MySQL database: ielts_payment
2024-10-05 20:34:03,491 - INFO - Attempting to connect to MySQL database: ielts_database
2024-10-05 20:34:03,494 - INFO - Checking plan status for user ID: 33
2024-10-05 20:34:03,495 - ERROR - Error closing database connections: cannot access local variable 'ielts_cursor' where it is not associated with a value
2024-10-05 20:34:03,526 - DEBUG - Received request to create order
2024-10-05 20:34:04,517 - INFO - Order created successfully with ID: order_P5OoO3x1Rlecbo
2024-10-05 20:34:50,582 - DEBUG - Received payment success notification
2024-10-05 20:34:50,583 - INFO - Attempting to connect to MySQL database: ielts_payment
2024-10-05 20:34:50,588 - INFO - Payment details stored in ielts_payment database for user ID: 33
2024-10-05 20:34:50,590 - INFO - Attempting to connect to MySQL database: ielts_database
2024-10-05 20:34:50,593 - INFO - User email retrieved: awatisachin021@gmail.com
2024-10-05 20:34:58,043 - ERROR - General error: (535, b'5.7.8 Error: authentication failed: (reason unavailable)')
2024-10-05 20:41:01,825 - INFO - Attempting to connect to MySQL database: ielts_payment
2024-10-05 20:41:01,828 - INFO - Attempting to connect to MySQL database: ielts_database
2024-10-05 20:41:01,830 - INFO - Checking plan status for user ID: 33
2024-10-05 20:41:01,834 - INFO - Plan status is active for user ID: 33
2024-10-05 20:41:01,834 - ERROR - Error closing database connections: cannot access local variable 'ielts_cursor' where it is not associated with a value
2024-10-05 20:47:04,784 - INFO - Starting payments service
2024-10-05 20:47:04,785 - INFO - Starting Eureka client registration
2024-10-05 20:47:04,802 - INFO - Eureka client started and service registered successfully.
2024-10-05 20:47:05,885 - INFO - Starting payments service
2024-10-05 20:47:05,886 - INFO - Starting Eureka client registration
2024-10-05 20:47:05,901 - INFO - Eureka client started and service registered successfully.
2024-10-05 20:48:52,868 - INFO - Attempting to connect to MySQL database: ielts_payment
2024-10-05 20:48:52,875 - INFO - Attempting to connect to MySQL database: ielts_database
2024-10-05 20:48:52,878 - INFO - Checking plan status for user ID: 33
2024-10-05 20:48:52,880 - INFO - Plan status is active for user ID: 33
2024-10-05 20:48:52,881 - ERROR - Error closing database connections: cannot access local variable 'ielts_cursor' where it is not associated with a value
2024-10-05 21:08:09,153 - INFO - Starting payments service
2024-10-05 21:08:09,154 - INFO - Starting Eureka client registration
2024-10-05 21:08:09,170 - INFO - Eureka client started and service registered successfully.
2024-10-05 21:08:10,180 - INFO - Starting payments service
2024-10-05 21:08:10,181 - INFO - Starting Eureka client registration
2024-10-05 21:08:10,197 - INFO - Eureka client started and service registered successfully.
2024-10-05 21:08:51,742 - INFO - Attempting to connect to MySQL database: ielts_payment
2024-10-05 21:08:51,748 - INFO - Attempting to connect to MySQL database: ielts_database
2024-10-05 21:08:51,751 - INFO - Checking plan status for user ID: 34
2024-10-05 21:08:51,752 - ERROR - Error closing database connections: cannot access local variable 'ielts_cursor' where it is not associated with a value
2024-10-05 21:08:51,765 - INFO - Attempting to connect to MySQL database: ielts_payment
2024-10-05 21:08:51,767 - INFO - Attempting to connect to MySQL database: ielts_database
2024-10-05 21:08:51,769 - INFO - Checking plan status for user ID: 34
2024-10-05 21:08:51,771 - ERROR - Error closing database connections: cannot access local variable 'ielts_cursor' where it is not associated with a value
2024-10-05 21:08:58,267 - INFO - Attempting to connect to MySQL database: ielts_payment
2024-10-05 21:08:58,269 - INFO - Attempting to connect to MySQL database: ielts_database
2024-10-05 21:08:58,272 - INFO - Checking plan status for user ID: 34
2024-10-05 21:08:58,273 - ERROR - Error closing database connections: cannot access local variable 'ielts_cursor' where it is not associated with a value
2024-10-05 21:08:58,286 - DEBUG - Received request to create order
2024-10-05 21:08:59,300 - INFO - Order created successfully with ID: order_P5PPGa9MwzCZua
2024-10-05 21:09:27,152 - DEBUG - Received payment success notification
2024-10-05 21:09:27,154 - INFO - Attempting to connect to MySQL database: ielts_payment
2024-10-05 21:09:27,159 - INFO - Payment details stored in ielts_payment database for user ID: 34
2024-10-05 21:09:27,160 - INFO - Attempting to connect to MySQL database: ielts_database
2024-10-05 21:09:27,164 - INFO - User email retrieved: thilageeswari.g@dsparkai.com
2024-10-05 21:09:33,769 - ERROR - General error: (535, b'5.7.8 Error: authentication failed: (reason unavailable)')
2024-10-05 21:22:57,556 - INFO - Starting Eureka client registration
2024-10-05 21:22:57,899 - INFO - Eureka client started and service registered successfully.
2024-10-05 21:22:57,902 - INFO - Attempting to connect to MySQL database: ielts_payment
2024-10-05 21:22:57,908 - ERROR - MySQL error: (1054, "Unknown column 'plan_expiry' in 'field list'")
2024-10-05 21:22:57,937 - INFO - Attempting to connect to MySQL database: ielts_payment
2024-10-05 21:22:57,942 - ERROR - MySQL error: (1054, "Unknown column 'plan_expiry' in 'field list'")
2024-10-05 21:23:03,911 - INFO - Attempting to connect to MySQL database: ielts_payment
2024-10-05 21:23:03,913 - ERROR - MySQL error: (1054, "Unknown column 'plan_expiry' in 'field list'")
2024-10-05 21:23:03,929 - DEBUG - Received request to create order
2024-10-05 21:23:04,312 - INFO - Order created successfully with ID: order_P5Pe9055BL415d
2024-10-05 21:23:26,042 - DEBUG - Received payment success notification
2024-10-05 21:23:26,042 - INFO - Attempting to connect to MySQL database: ielts_payment
2024-10-05 21:23:26,050 - INFO - Payment details stored in ielts_payment database for user ID: 40
2024-10-05 21:23:26,050 - INFO - Attempting to connect to MySQL database: ielts_database
2024-10-05 21:23:26,053 - INFO - User email retrieved: deepakieltsgenai@gmail.com
2024-10-05 21:23:32,932 - ERROR - General error: (535, b'5.7.8 Error: authentication failed: (reason unavailable)')
2024-10-05 21:48:45,851 - INFO - Starting Eureka client registration
2024-10-05 21:48:46,208 - INFO - Eureka client started and service registered successfully.
2024-10-05 21:48:46,209 - INFO - Attempting to connect to MySQL database: ielts_payment
2024-10-05 21:48:46,217 - ERROR - MySQL error: (1054, "Unknown column 'plan_expiry' in 'field list'")
2024-10-05 21:48:46,226 - INFO - Attempting to connect to MySQL database: ielts_payment
2024-10-05 21:48:46,232 - ERROR - MySQL error: (1054, "Unknown column 'plan_expiry' in 'field list'")
2024-10-05 21:48:50,692 - INFO - Attempting to connect to MySQL database: ielts_payment
2024-10-05 21:48:50,695 - ERROR - MySQL error: (1054, "Unknown column 'plan_expiry' in 'field list'")
2024-10-05 21:48:50,708 - DEBUG - Received request to create order
2024-10-05 21:48:51,077 - INFO - Order created successfully with ID: order_P5Q5NMLudZo8Hs
2024-10-05 21:49:12,491 - DEBUG - Received payment success notification
2024-10-05 21:49:12,492 - INFO - Attempting to connect to MySQL database: ielts_payment
2024-10-05 21:49:12,497 - INFO - Payment details stored in ielts_payment database for user ID: 31
2024-10-05 21:49:12,498 - INFO - Attempting to connect to MySQL database: ielts_database
2024-10-05 21:49:12,500 - INFO - User email retrieved: thilagathangam@gmail.com
2024-10-05 21:49:19,728 - ERROR - General error: (535, b'5.7.8 Error: authentication failed: (reason unavailable)')
2024-10-05 21:54:49,022 - INFO - Starting payments service
2024-10-05 21:54:49,024 - INFO - Starting Eureka client registration
2024-10-05 21:54:49,026 - INFO - Eureka client started and service registered successfully.
2024-10-05 21:55:02,895 - INFO - Starting payments service
2024-10-05 21:55:02,896 - INFO - Starting Eureka client registration
2024-10-05 21:55:02,897 - INFO - Eureka client started and service registered successfully.
2024-10-05 21:55:03,926 - INFO - Starting payments service
2024-10-05 21:55:03,927 - INFO - Starting Eureka client registration
2024-10-05 21:55:03,929 - INFO - Eureka client started and service registered successfully.
2024-10-05 21:56:25,449 - INFO - Starting payments service
2024-10-05 21:56:25,450 - INFO - Starting Eureka client registration
2024-10-05 21:56:25,453 - INFO - Eureka client started and service registered successfully.
2024-10-05 22:01:31,121 - INFO - Attempting to connect to MySQL database: ielts_payment
2024-10-05 22:01:31,125 - INFO - Attempting to connect to MySQL database: ielts_database
2024-10-05 22:01:31,129 - INFO - Checking plan status for user ID: 44
2024-10-05 22:01:31,130 - ERROR - Error closing database connections: cannot access local variable 'ielts_cursor' where it is not associated with a value
2024-10-05 22:03:32,210 - INFO - Starting payments service
2024-10-05 22:03:32,212 - INFO - Starting Eureka client registration
2024-10-05 22:03:32,214 - INFO - Eureka client started and service registered successfully.
2024-10-05 22:07:46,728 - INFO - Starting payments service
2024-10-05 22:07:46,729 - INFO - Starting Eureka client registration
2024-10-05 22:07:47,074 - INFO - Eureka client started and service registered successfully.
2024-10-05 22:07:52,206 - INFO - Starting payments service
2024-10-05 22:07:52,207 - INFO - Starting Eureka client registration
2024-10-05 22:07:52,531 - INFO - Eureka client started and service registered successfully.
2024-10-05 22:07:53,547 - INFO - Starting payments service
2024-10-05 22:07:53,548 - INFO - Starting Eureka client registration
2024-10-05 22:07:53,908 - INFO - Eureka client started and service registered successfully.
2024-10-05 22:08:21,832 - INFO - Attempting to connect to MySQL database: ielts_payment
2024-10-05 22:08:21,837 - INFO - Attempting to connect to MySQL database: ielts_database
2024-10-05 22:08:21,840 - INFO - Checking plan status for user ID: 44
2024-10-05 22:10:24,322 - INFO - Starting payments service
2024-10-05 22:10:24,323 - INFO - Starting Eureka client registration
2024-10-05 22:10:24,339 - INFO - Eureka client started and service registered successfully.
2024-10-05 22:10:29,407 - INFO - Starting payments service
2024-10-05 22:10:29,407 - INFO - Starting Eureka client registration
2024-10-05 22:10:29,425 - INFO - Eureka client started and service registered successfully.
2024-10-05 22:10:30,542 - INFO - Starting payments service
2024-10-05 22:10:30,542 - INFO - Starting Eureka client registration
2024-10-05 22:10:30,560 - INFO - Eureka client started and service registered successfully.
2024-10-05 22:10:53,377 - INFO - Attempting to connect to MySQL database: ielts_payment
2024-10-05 22:10:53,382 - INFO - Attempting to connect to MySQL database: ielts_database
2024-10-05 22:10:53,384 - INFO - Checking plan status for user ID: 44
2024-10-05 22:10:53,385 - ERROR - Error closing database connections: cannot access local variable 'ielts_cursor' where it is not associated with a value
2024-10-05 22:10:53,403 - DEBUG - Received request to create order
2024-10-05 22:10:54,290 - INFO - Order created successfully with ID: order_P5QSfhpzEJed5u
2024-10-05 22:11:19,191 - DEBUG - Received payment success notification
2024-10-05 22:11:19,192 - INFO - Attempting to connect to MySQL database: ielts_payment
2024-10-05 22:11:19,199 - INFO - Payment details stored in ielts_payment database for user ID: 44
2024-10-05 22:11:19,199 - INFO - Attempting to connect to MySQL database: ielts_database
2024-10-05 22:11:19,203 - INFO - User email retrieved: testuser2@gmail.com
2024-10-05 22:11:24,062 - INFO - Thank you email sent to: testuser2@gmail.com
2024-10-05 22:11:24,071 - INFO - User details updated in ielts_database for user ID: 44
2024-10-05 22:20:54,702 - INFO - Attempting to connect to MySQL database: ielts_payment
2024-10-05 22:20:54,704 - INFO - Attempting to connect to MySQL database: ielts_database
2024-10-05 22:20:54,706 - INFO - Checking plan status for user ID: 44
2024-10-05 22:20:54,708 - INFO - Plan has expired for user ID: 44
2024-10-05 22:20:54,722 - INFO - Attempting to connect to MySQL database: ielts_payment
2024-10-05 22:20:54,725 - INFO - Attempting to connect to MySQL database: ielts_database
2024-10-05 22:20:54,727 - INFO - Checking plan status for user ID: 44
2024-10-05 22:20:54,729 - INFO - Plan has expired for user ID: 44
2024-10-05 22:23:59,352 - INFO - Attempting to connect to MySQL database: ielts_payment
2024-10-05 22:23:59,364 - INFO - Attempting to connect to MySQL database: ielts_database
2024-10-05 22:23:59,369 - INFO - Checking plan status for user ID: 43
2024-10-05 22:23:59,373 - ERROR - Error closing database connections: cannot access local variable 'ielts_cursor' where it is not associated with a value
2024-10-05 22:23:59,388 - DEBUG - Received request to create order
2024-10-05 22:23:59,770 - INFO - Order created successfully with ID: order_P5QgV5iM3lVAhr
2024-10-05 22:24:23,448 - DEBUG - Received payment success notification
2024-10-05 22:24:23,448 - INFO - Attempting to connect to MySQL database: ielts_payment
2024-10-05 22:24:23,454 - INFO - Payment details stored in ielts_payment database for user ID: 43
2024-10-05 22:24:23,454 - INFO - Attempting to connect to MySQL database: ielts_database
2024-10-05 22:24:23,457 - INFO - User email retrieved: testuser@gmail.com
2024-10-05 22:24:28,178 - INFO - Thank you email sent to: testuser@gmail.com
2024-10-05 22:24:28,183 - INFO - User details updated in ielts_database for user ID: 43
2024-10-05 22:44:25,496 - INFO - Attempting to connect to MySQL database: ielts_payment
2024-10-05 22:44:25,498 - INFO - Attempting to connect to MySQL database: ielts_database
2024-10-05 22:44:25,501 - INFO - Checking plan status for user ID: 45
2024-10-05 22:44:25,502 - ERROR - Error closing database connections: cannot access local variable 'ielts_cursor' where it is not associated with a value
2024-10-05 22:44:25,517 - DEBUG - Received request to create order
2024-10-05 22:44:25,539 - ERROR - Error creating order: ('Connection aborted.', RemoteDisconnected('Remote end closed connection without response'))
2024-10-05 22:45:01,455 - INFO - Attempting to connect to MySQL database: ielts_payment
2024-10-05 22:45:01,457 - INFO - Attempting to connect to MySQL database: ielts_database
2024-10-05 22:45:01,459 - INFO - Checking plan status for user ID: 45
2024-10-05 22:45:01,460 - ERROR - Error closing database connections: cannot access local variable 'ielts_cursor' where it is not associated with a value
2024-10-05 22:45:01,474 - DEBUG - Received request to create order
2024-10-05 22:45:02,506 - INFO - Order created successfully with ID: order_P5R2jPs1SfgNyt
2024-10-05 22:45:36,474 - INFO - Attempting to connect to MySQL database: ielts_payment
2024-10-05 22:45:36,477 - INFO - Attempting to connect to MySQL database: ielts_database
2024-10-05 22:45:36,480 - INFO - Checking plan status for user ID: 45
2024-10-05 22:45:36,482 - ERROR - Error closing database connections: cannot access local variable 'ielts_cursor' where it is not associated with a value
2024-10-05 22:45:36,500 - DEBUG - Received request to create order
2024-10-05 22:45:36,542 - INFO - Order created successfully with ID: order_P5R3KZltQPInmc
2024-10-05 22:46:02,854 - DEBUG - Received payment success notification
2024-10-05 22:46:02,855 - INFO - Attempting to connect to MySQL database: ielts_payment
2024-10-05 22:46:02,859 - INFO - Payment details stored in ielts_payment database for user ID: 45
2024-10-05 22:46:02,860 - INFO - Attempting to connect to MySQL database: ielts_database
2024-10-05 22:46:02,863 - INFO - User email retrieved: testuser3@gmail.com
2024-10-05 22:46:08,100 - INFO - Thank you email sent to: testuser3@gmail.com
2024-10-05 22:46:08,104 - INFO - User details updated in ielts_database for user ID: 45
2024-10-05 23:10:31,107 - INFO - Starting payments service
2024-10-05 23:10:31,108 - INFO - Starting Eureka client registration
2024-10-05 23:10:31,124 - INFO - Eureka client started and service registered successfully.
2024-10-06 00:10:33,817 - INFO - Starting payments service
2024-10-06 00:10:33,819 - INFO - Starting Eureka client registration
2024-10-06 00:10:33,852 - INFO - Eureka client started and service registered successfully.
2024-10-06 00:53:25,676 - INFO - Attempting to connect to MySQL database: ielts_payment
2024-10-06 00:53:25,694 - INFO - Attempting to connect to MySQL database: ielts_database
2024-10-06 00:53:25,701 - INFO - Checking plan status for user ID: 6
2024-10-06 00:53:25,703 - INFO - Plan status is active for user ID: 6
2024-10-06 00:53:25,705 - ERROR - Error closing database connections: cannot access local variable 'ielts_cursor' where it is not associated with a value
2024-10-06 00:53:25,724 - INFO - Attempting to connect to MySQL database: ielts_payment
2024-10-06 00:53:25,729 - INFO - Attempting to connect to MySQL database: ielts_database
2024-10-06 00:53:25,733 - INFO - Checking plan status for user ID: 6
2024-10-06 00:53:25,737 - INFO - Plan status is active for user ID: 6
2024-10-06 00:53:25,739 - ERROR - Error closing database connections: cannot access local variable 'ielts_cursor' where it is not associated with a value
2024-10-06 00:53:35,181 - INFO - Attempting to connect to MySQL database: ielts_payment
2024-10-06 00:53:35,184 - INFO - Attempting to connect to MySQL database: ielts_database
2024-10-06 00:53:35,188 - INFO - Checking plan status for user ID: 6
2024-10-06 00:53:35,191 - INFO - Plan status is active for user ID: 6
2024-10-06 00:53:35,192 - ERROR - Error closing database connections: cannot access local variable 'ielts_cursor' where it is not associated with a value
2024-10-06 00:53:35,210 - INFO - Attempting to connect to MySQL database: ielts_payment
2024-10-06 00:53:35,215 - INFO - Attempting to connect to MySQL database: ielts_database
2024-10-06 00:53:35,219 - INFO - Checking plan status for user ID: 6
2024-10-06 00:53:35,220 - INFO - Plan status is active for user ID: 6
2024-10-06 00:53:35,222 - ERROR - Error closing database connections: cannot access local variable 'ielts_cursor' where it is not associated with a value
2024-10-06 01:01:51,370 - INFO - Attempting to connect to MySQL database: ielts_payment
2024-10-06 01:01:51,373 - INFO - Attempting to connect to MySQL database: ielts_database
2024-10-06 01:01:51,377 - INFO - Checking plan status for user ID: 6
2024-10-06 01:01:51,379 - INFO - Plan status is active for user ID: 6
2024-10-06 01:01:51,382 - ERROR - Error closing database connections: cannot access local variable 'ielts_cursor' where it is not associated with a value
2024-10-06 01:01:51,401 - INFO - Attempting to connect to MySQL database: ielts_payment
2024-10-06 01:01:51,404 - INFO - Attempting to connect to MySQL database: ielts_database
2024-10-06 01:01:51,408 - INFO - Checking plan status for user ID: 6
2024-10-06 01:01:51,409 - INFO - Plan status is active for user ID: 6
2024-10-06 01:01:51,412 - ERROR - Error closing database connections: cannot access local variable 'ielts_cursor' where it is not associated with a value
2024-10-06 01:01:56,656 - INFO - Attempting to connect to MySQL database: ielts_payment
2024-10-06 01:01:56,659 - INFO - Attempting to connect to MySQL database: ielts_database
2024-10-06 01:01:56,663 - INFO - Checking plan status for user ID: 6
2024-10-06 01:01:56,666 - INFO - Plan status is active for user ID: 6
2024-10-06 01:01:56,668 - ERROR - Error closing database connections: cannot access local variable 'ielts_cursor' where it is not associated with a value
2024-10-06 01:01:56,687 - INFO - Attempting to connect to MySQL database: ielts_payment
2024-10-06 01:01:56,690 - INFO - Attempting to connect to MySQL database: ielts_database
2024-10-06 01:01:56,694 - INFO - Checking plan status for user ID: 6
2024-10-06 01:01:56,697 - INFO - Plan status is active for user ID: 6
2024-10-06 01:01:56,700 - ERROR - Error closing database connections: cannot access local variable 'ielts_cursor' where it is not associated with a value
2024-10-06 01:02:04,224 - INFO - Attempting to connect to MySQL database: ielts_payment
2024-10-06 01:02:04,227 - INFO - Attempting to connect to MySQL database: ielts_database
2024-10-06 01:02:04,231 - INFO - Checking plan status for user ID: 6
2024-10-06 01:02:04,234 - INFO - Plan status is active for user ID: 6
2024-10-06 01:02:04,235 - ERROR - Error closing database connections: cannot access local variable 'ielts_cursor' where it is not associated with a value
2024-10-06 01:02:04,252 - INFO - Attempting to connect to MySQL database: ielts_payment
2024-10-06 01:02:04,257 - INFO - Attempting to connect to MySQL database: ielts_database
2024-10-06 01:02:04,261 - INFO - Checking plan status for user ID: 6
2024-10-06 01:02:04,263 - INFO - Plan status is active for user ID: 6
2024-10-06 01:02:04,265 - ERROR - Error closing database connections: cannot access local variable 'ielts_cursor' where it is not associated with a value
2024-10-06 01:02:12,788 - INFO - Attempting to connect to MySQL database: ielts_payment
2024-10-06 01:02:12,791 - INFO - Attempting to connect to MySQL database: ielts_database
2024-10-06 01:02:12,795 - INFO - Checking plan status for user ID: 6
2024-10-06 01:02:12,796 - INFO - Plan status is active for user ID: 6
2024-10-06 01:02:12,798 - ERROR - Error closing database connections: cannot access local variable 'ielts_cursor' where it is not associated with a value
2024-10-06 01:02:12,815 - INFO - Attempting to connect to MySQL database: ielts_payment
2024-10-06 01:02:12,819 - INFO - Attempting to connect to MySQL database: ielts_database
2024-10-06 01:02:12,821 - INFO - Checking plan status for user ID: 6
2024-10-06 01:02:12,824 - INFO - Plan status is active for user ID: 6
2024-10-06 01:02:12,826 - ERROR - Error closing database connections: cannot access local variable 'ielts_cursor' where it is not associated with a value
2024-10-06 01:08:02,895 - INFO - Attempting to connect to MySQL database: ielts_payment
2024-10-06 01:08:02,898 - INFO - Attempting to connect to MySQL database: ielts_database
2024-10-06 01:08:02,902 - INFO - Checking plan status for user ID: 6
2024-10-06 01:08:02,905 - INFO - Plan status is active for user ID: 6
2024-10-06 01:08:02,907 - ERROR - Error closing database connections: cannot access local variable 'ielts_cursor' where it is not associated with a value
2024-10-06 01:08:02,923 - INFO - Attempting to connect to MySQL database: ielts_payment
2024-10-06 01:08:02,926 - INFO - Attempting to connect to MySQL database: ielts_database
2024-10-06 01:08:02,929 - INFO - Checking plan status for user ID: 6
2024-10-06 01:08:02,931 - INFO - Plan status is active for user ID: 6
2024-10-06 01:08:02,933 - ERROR - Error closing database connections: cannot access local variable 'ielts_cursor' where it is not associated with a value
2024-10-06 01:10:07,978 - INFO - Attempting to connect to MySQL database: ielts_payment
2024-10-06 01:10:07,982 - INFO - Attempting to connect to MySQL database: ielts_database
2024-10-06 01:10:07,985 - INFO - Checking plan status for user ID: 6
2024-10-06 01:10:07,987 - INFO - Plan status is active for user ID: 6
2024-10-06 01:10:07,988 - ERROR - Error closing database connections: cannot access local variable 'ielts_cursor' where it is not associated with a value
2024-10-06 01:10:08,007 - INFO - Attempting to connect to MySQL database: ielts_payment
2024-10-06 01:10:08,010 - INFO - Attempting to connect to MySQL database: ielts_database
2024-10-06 01:10:08,014 - INFO - Checking plan status for user ID: 6
2024-10-06 01:10:08,016 - INFO - Plan status is active for user ID: 6
2024-10-06 01:10:08,018 - ERROR - Error closing database connections: cannot access local variable 'ielts_cursor' where it is not associated with a value
2024-10-06 01:10:14,774 - INFO - Attempting to connect to MySQL database: ielts_payment
2024-10-06 01:10:14,778 - INFO - Attempting to connect to MySQL database: ielts_database
2024-10-06 01:10:14,781 - INFO - Checking plan status for user ID: 6
2024-10-06 01:10:14,783 - INFO - Plan status is active for user ID: 6
2024-10-06 01:10:14,784 - ERROR - Error closing database connections: cannot access local variable 'ielts_cursor' where it is not associated with a value
2024-10-06 01:10:14,800 - INFO - Attempting to connect to MySQL database: ielts_payment
2024-10-06 01:10:14,804 - INFO - Attempting to connect to MySQL database: ielts_database
2024-10-06 01:10:14,808 - INFO - Checking plan status for user ID: 6
2024-10-06 01:10:14,812 - INFO - Plan status is active for user ID: 6
2024-10-06 01:10:14,813 - ERROR - Error closing database connections: cannot access local variable 'ielts_cursor' where it is not associated with a value
2024-10-06 01:10:21,054 - INFO - Attempting to connect to MySQL database: ielts_payment
2024-10-06 01:10:21,057 - INFO - Attempting to connect to MySQL database: ielts_database
2024-10-06 01:10:21,061 - INFO - Checking plan status for user ID: 6
2024-10-06 01:10:21,063 - INFO - Plan status is active for user ID: 6
2024-10-06 01:10:21,065 - ERROR - Error closing database connections: cannot access local variable 'ielts_cursor' where it is not associated with a value
2024-10-06 01:10:21,081 - INFO - Attempting to connect to MySQL database: ielts_payment
2024-10-06 01:10:21,085 - INFO - Attempting to connect to MySQL database: ielts_database
2024-10-06 01:10:21,088 - INFO - Checking plan status for user ID: 6
2024-10-06 01:10:21,092 - INFO - Plan status is active for user ID: 6
2024-10-06 01:10:21,094 - ERROR - Error closing database connections: cannot access local variable 'ielts_cursor' where it is not associated with a value
2024-10-06 01:10:36,773 - INFO - Starting payments service
2024-10-06 01:10:36,775 - INFO - Starting Eureka client registration
2024-10-06 01:10:36,821 - INFO - Eureka client started and service registered successfully.
2024-10-06 01:12:06,215 - INFO - Attempting to connect to MySQL database: ielts_payment
2024-10-06 01:12:06,224 - INFO - Attempting to connect to MySQL database: ielts_database
2024-10-06 01:12:06,228 - INFO - Checking plan status for user ID: 6
2024-10-06 01:12:06,229 - INFO - Plan status is active for user ID: 6
2024-10-06 01:12:06,231 - ERROR - Error closing database connections: cannot access local variable 'ielts_cursor' where it is not associated with a value
2024-10-06 01:12:06,248 - INFO - Attempting to connect to MySQL database: ielts_payment
2024-10-06 01:12:06,252 - INFO - Attempting to connect to MySQL database: ielts_database
2024-10-06 01:12:06,255 - INFO - Checking plan status for user ID: 6
2024-10-06 01:12:06,257 - INFO - Plan status is active for user ID: 6
2024-10-06 01:12:06,259 - ERROR - Error closing database connections: cannot access local variable 'ielts_cursor' where it is not associated with a value
2024-10-06 01:12:19,529 - INFO - Attempting to connect to MySQL database: ielts_payment
2024-10-06 01:12:19,532 - INFO - Attempting to connect to MySQL database: ielts_database
2024-10-06 01:12:19,536 - INFO - Checking plan status for user ID: 6
2024-10-06 01:12:19,539 - INFO - Plan status is active for user ID: 6
2024-10-06 01:12:19,540 - ERROR - Error closing database connections: cannot access local variable 'ielts_cursor' where it is not associated with a value
2024-10-06 01:12:19,557 - INFO - Attempting to connect to MySQL database: ielts_payment
2024-10-06 01:12:19,560 - INFO - Attempting to connect to MySQL database: ielts_database
2024-10-06 01:12:19,564 - INFO - Checking plan status for user ID: 6
2024-10-06 01:12:19,567 - INFO - Plan status is active for user ID: 6
2024-10-06 01:12:19,570 - ERROR - Error closing database connections: cannot access local variable 'ielts_cursor' where it is not associated with a value
2024-10-06 01:14:40,633 - INFO - Attempting to connect to MySQL database: ielts_payment
2024-10-06 01:14:40,638 - INFO - Attempting to connect to MySQL database: ielts_database
2024-10-06 01:14:40,643 - INFO - Checking plan status for user ID: 6
2024-10-06 01:14:40,645 - INFO - Plan status is active for user ID: 6
2024-10-06 01:14:40,646 - ERROR - Error closing database connections: cannot access local variable 'ielts_cursor' where it is not associated with a value
2024-10-06 01:14:40,663 - INFO - Attempting to connect to MySQL database: ielts_payment
2024-10-06 01:14:40,667 - INFO - Attempting to connect to MySQL database: ielts_database
2024-10-06 01:14:40,671 - INFO - Checking plan status for user ID: 6
2024-10-06 01:14:40,673 - INFO - Plan status is active for user ID: 6
2024-10-06 01:14:40,675 - ERROR - Error closing database connections: cannot access local variable 'ielts_cursor' where it is not associated with a value
2024-10-06 01:15:07,073 - INFO - Attempting to connect to MySQL database: ielts_payment
2024-10-06 01:15:07,076 - INFO - Attempting to connect to MySQL database: ielts_database
2024-10-06 01:15:07,080 - INFO - Checking plan status for user ID: 6
2024-10-06 01:15:07,081 - INFO - Plan status is active for user ID: 6
2024-10-06 01:15:07,082 - ERROR - Error closing database connections: cannot access local variable 'ielts_cursor' where it is not associated with a value
2024-10-06 01:15:07,100 - INFO - Attempting to connect to MySQL database: ielts_payment
2024-10-06 01:15:07,103 - INFO - Attempting to connect to MySQL database: ielts_database
2024-10-06 01:15:07,107 - INFO - Checking plan status for user ID: 6
2024-10-06 01:15:07,110 - INFO - Plan status is active for user ID: 6
2024-10-06 01:15:07,114 - ERROR - Error closing database connections: cannot access local variable 'ielts_cursor' where it is not associated with a value
2024-10-06 01:24:30,808 - INFO - Starting payments service
2024-10-06 01:24:30,814 - INFO - Starting Eureka client registration
2024-10-06 01:24:30,864 - INFO - Eureka client started and service registered successfully.
2024-10-06 01:27:15,767 - INFO - Attempting to connect to MySQL database: ielts_payment
2024-10-06 01:27:15,774 - INFO - Attempting to connect to MySQL database: ielts_database
2024-10-06 01:27:15,780 - INFO - Checking plan status for user ID: 6
2024-10-06 01:27:15,781 - INFO - Plan status is active for user ID: 6
2024-10-06 01:27:15,783 - ERROR - Error closing database connections: cannot access local variable 'ielts_cursor' where it is not associated with a value
2024-10-06 01:27:15,795 - INFO - Attempting to connect to MySQL database: ielts_payment
2024-10-06 01:27:15,799 - INFO - Attempting to connect to MySQL database: ielts_database
2024-10-06 01:27:15,801 - INFO - Checking plan status for user ID: 6
2024-10-06 01:27:15,802 - INFO - Plan status is active for user ID: 6
2024-10-06 01:27:15,803 - ERROR - Error closing database connections: cannot access local variable 'ielts_cursor' where it is not associated with a value
2024-10-06 01:30:25,158 - INFO - Attempting to connect to MySQL database: ielts_payment
2024-10-06 01:30:25,160 - INFO - Attempting to connect to MySQL database: ielts_database
2024-10-06 01:30:25,163 - INFO - Checking plan status for user ID: 6
2024-10-06 01:30:25,165 - INFO - Plan status is active for user ID: 6
2024-10-06 01:30:25,167 - ERROR - Error closing database connections: cannot access local variable 'ielts_cursor' where it is not associated with a value
2024-10-06 01:30:25,175 - INFO - Attempting to connect to MySQL database: ielts_payment
2024-10-06 01:30:25,178 - INFO - Attempting to connect to MySQL database: ielts_database
2024-10-06 01:30:25,182 - INFO - Checking plan status for user ID: 6
2024-10-06 01:30:25,184 - INFO - Plan status is active for user ID: 6
2024-10-06 01:30:25,185 - ERROR - Error closing database connections: cannot access local variable 'ielts_cursor' where it is not associated with a value
2024-10-06 01:36:31,844 - INFO - Attempting to connect to MySQL database: ielts_payment
2024-10-06 01:36:31,846 - INFO - Attempting to connect to MySQL database: ielts_database
2024-10-06 01:36:31,849 - INFO - Checking plan status for user ID: 6
2024-10-06 01:36:31,850 - INFO - Plan status is active for user ID: 6
2024-10-06 01:36:31,851 - ERROR - Error closing database connections: cannot access local variable 'ielts_cursor' where it is not associated with a value
2024-10-06 01:36:31,864 - INFO - Attempting to connect to MySQL database: ielts_payment
2024-10-06 01:36:31,866 - INFO - Attempting to connect to MySQL database: ielts_database
2024-10-06 01:36:31,868 - INFO - Checking plan status for user ID: 6
2024-10-06 01:36:31,870 - INFO - Plan status is active for user ID: 6
2024-10-06 01:36:31,873 - ERROR - Error closing database connections: cannot access local variable 'ielts_cursor' where it is not associated with a value
2024-10-06 01:46:12,754 - INFO - Attempting to connect to MySQL database: ielts_payment
2024-10-06 01:46:12,756 - INFO - Attempting to connect to MySQL database: ielts_database
2024-10-06 01:46:12,760 - INFO - Checking plan status for user ID: 6
2024-10-06 01:46:12,761 - INFO - Plan status is active for user ID: 6
2024-10-06 01:46:12,762 - ERROR - Error closing database connections: cannot access local variable 'ielts_cursor' where it is not associated with a value
2024-10-06 01:46:12,773 - INFO - Attempting to connect to MySQL database: ielts_payment
2024-10-06 01:46:12,776 - INFO - Attempting to connect to MySQL database: ielts_database
2024-10-06 01:46:12,778 - INFO - Checking plan status for user ID: 6
2024-10-06 01:46:12,780 - INFO - Plan status is active for user ID: 6
2024-10-06 01:46:12,781 - ERROR - Error closing database connections: cannot access local variable 'ielts_cursor' where it is not associated with a value
2024-10-06 02:08:38,314 - INFO - Attempting to connect to MySQL database: ielts_payment
2024-10-06 02:08:38,317 - INFO - Attempting to connect to MySQL database: ielts_database
2024-10-06 02:08:38,320 - INFO - Checking plan status for user ID: 6
2024-10-06 02:08:38,321 - INFO - Plan status is active for user ID: 6
2024-10-06 02:08:38,322 - ERROR - Error closing database connections: cannot access local variable 'ielts_cursor' where it is not associated with a value
2024-10-06 02:08:38,336 - INFO - Attempting to connect to MySQL database: ielts_payment
2024-10-06 02:08:38,338 - INFO - Attempting to connect to MySQL database: ielts_database
2024-10-06 02:08:38,340 - INFO - Checking plan status for user ID: 6
2024-10-06 02:08:38,342 - INFO - Plan status is active for user ID: 6
2024-10-06 02:08:38,342 - ERROR - Error closing database connections: cannot access local variable 'ielts_cursor' where it is not associated with a value
2024-10-06 02:17:31,438 - INFO - Attempting to connect to MySQL database: ielts_payment
2024-10-06 02:17:31,442 - INFO - Attempting to connect to MySQL database: ielts_database
2024-10-06 02:17:31,446 - INFO - Checking plan status for user ID: 6
2024-10-06 02:17:31,448 - INFO - Plan status is active for user ID: 6
2024-10-06 02:17:31,450 - ERROR - Error closing database connections: cannot access local variable 'ielts_cursor' where it is not associated with a value
2024-10-06 02:17:31,460 - INFO - Attempting to connect to MySQL database: ielts_payment
2024-10-06 02:17:31,463 - INFO - Attempting to connect to MySQL database: ielts_database
2024-10-06 02:17:31,467 - INFO - Checking plan status for user ID: 6
2024-10-06 02:17:31,468 - INFO - Plan status is active for user ID: 6
2024-10-06 02:17:31,469 - ERROR - Error closing database connections: cannot access local variable 'ielts_cursor' where it is not associated with a value
2024-10-06 02:24:32,724 - INFO - Starting payments service
2024-10-06 02:24:32,726 - INFO - Starting Eureka client registration
2024-10-06 02:24:32,745 - INFO - Eureka client started and service registered successfully.
2024-10-06 02:28:10,034 - INFO - Attempting to connect to MySQL database: ielts_payment
2024-10-06 02:28:10,041 - INFO - Attempting to connect to MySQL database: ielts_database
2024-10-06 02:28:10,043 - INFO - Checking plan status for user ID: 6
2024-10-06 02:28:10,046 - INFO - Plan status is active for user ID: 6
2024-10-06 02:28:10,047 - ERROR - Error closing database connections: cannot access local variable 'ielts_cursor' where it is not associated with a value
2024-10-06 02:28:10,057 - INFO - Attempting to connect to MySQL database: ielts_payment
2024-10-06 02:28:10,059 - INFO - Attempting to connect to MySQL database: ielts_database
2024-10-06 02:28:10,062 - INFO - Checking plan status for user ID: 6
2024-10-06 02:28:10,065 - INFO - Plan status is active for user ID: 6
2024-10-06 02:28:10,065 - ERROR - Error closing database connections: cannot access local variable 'ielts_cursor' where it is not associated with a value
2024-10-06 02:28:27,499 - INFO - Attempting to connect to MySQL database: ielts_payment
2024-10-06 02:28:27,501 - INFO - Attempting to connect to MySQL database: ielts_database
2024-10-06 02:28:27,503 - INFO - Checking plan status for user ID: 6
2024-10-06 02:28:27,505 - INFO - Plan status is active for user ID: 6
2024-10-06 02:28:27,506 - ERROR - Error closing database connections: cannot access local variable 'ielts_cursor' where it is not associated with a value
2024-10-06 02:28:27,518 - INFO - Attempting to connect to MySQL database: ielts_payment
2024-10-06 02:28:27,522 - INFO - Attempting to connect to MySQL database: ielts_database
2024-10-06 02:28:27,526 - INFO - Checking plan status for user ID: 6
2024-10-06 02:28:27,528 - INFO - Plan status is active for user ID: 6
2024-10-06 02:28:27,531 - ERROR - Error closing database connections: cannot access local variable 'ielts_cursor' where it is not associated with a value
2024-10-06 02:28:35,363 - INFO - Attempting to connect to MySQL database: ielts_payment
2024-10-06 02:28:35,365 - INFO - Attempting to connect to MySQL database: ielts_database
2024-10-06 02:28:35,367 - INFO - Checking plan status for user ID: 6
2024-10-06 02:28:35,368 - INFO - Plan status is active for user ID: 6
2024-10-06 02:28:35,369 - ERROR - Error closing database connections: cannot access local variable 'ielts_cursor' where it is not associated with a value
2024-10-06 02:28:35,380 - INFO - Attempting to connect to MySQL database: ielts_payment
2024-10-06 02:28:35,382 - INFO - Attempting to connect to MySQL database: ielts_database
2024-10-06 02:28:35,384 - INFO - Checking plan status for user ID: 6
2024-10-06 02:28:35,386 - INFO - Plan status is active for user ID: 6
2024-10-06 02:28:35,388 - ERROR - Error closing database connections: cannot access local variable 'ielts_cursor' where it is not associated with a value
2024-10-06 02:36:31,453 - INFO - Attempting to connect to MySQL database: ielts_payment
2024-10-06 02:36:31,455 - INFO - Attempting to connect to MySQL database: ielts_database
2024-10-06 02:36:31,458 - INFO - Checking plan status for user ID: 6
2024-10-06 02:36:31,460 - INFO - Plan status is active for user ID: 6
2024-10-06 02:36:31,462 - ERROR - Error closing database connections: cannot access local variable 'ielts_cursor' where it is not associated with a value
2024-10-06 02:36:31,472 - INFO - Attempting to connect to MySQL database: ielts_payment
2024-10-06 02:36:31,477 - INFO - Attempting to connect to MySQL database: ielts_database
2024-10-06 02:36:31,479 - INFO - Checking plan status for user ID: 6
2024-10-06 02:36:31,479 - INFO - Plan status is active for user ID: 6
2024-10-06 02:36:31,480 - ERROR - Error closing database connections: cannot access local variable 'ielts_cursor' where it is not associated with a value
2024-10-06 02:36:57,071 - INFO - Attempting to connect to MySQL database: ielts_payment
2024-10-06 02:36:57,075 - INFO - Attempting to connect to MySQL database: ielts_database
2024-10-06 02:36:57,078 - INFO - Checking plan status for user ID: 6
2024-10-06 02:36:57,081 - INFO - Plan status is active for user ID: 6
2024-10-06 02:36:57,086 - ERROR - Error closing database connections: cannot access local variable 'ielts_cursor' where it is not associated with a value
2024-10-06 02:37:00,823 - INFO - Attempting to connect to MySQL database: ielts_payment
2024-10-06 02:37:00,825 - INFO - Attempting to connect to MySQL database: ielts_database
2024-10-06 02:37:00,827 - INFO - Checking plan status for user ID: 6
2024-10-06 02:37:00,829 - INFO - Plan status is active for user ID: 6
2024-10-06 02:37:00,831 - ERROR - Error closing database connections: cannot access local variable 'ielts_cursor' where it is not associated with a value
2024-10-06 02:37:00,840 - INFO - Attempting to connect to MySQL database: ielts_payment
2024-10-06 02:37:00,843 - INFO - Attempting to connect to MySQL database: ielts_database
2024-10-06 02:37:00,845 - INFO - Checking plan status for user ID: 6
2024-10-06 02:37:00,846 - INFO - Plan status is active for user ID: 6
2024-10-06 02:37:00,848 - ERROR - Error closing database connections: cannot access local variable 'ielts_cursor' where it is not associated with a value
2024-10-06 02:37:13,615 - INFO - Attempting to connect to MySQL database: ielts_payment
2024-10-06 02:37:13,617 - INFO - Attempting to connect to MySQL database: ielts_database
2024-10-06 02:37:13,619 - INFO - Checking plan status for user ID: 6
2024-10-06 02:37:13,621 - INFO - Plan status is active for user ID: 6
2024-10-06 02:37:13,622 - ERROR - Error closing database connections: cannot access local variable 'ielts_cursor' where it is not associated with a value
2024-10-06 02:37:13,635 - INFO - Attempting to connect to MySQL database: ielts_payment
2024-10-06 02:37:13,637 - INFO - Attempting to connect to MySQL database: ielts_database
2024-10-06 02:37:13,640 - INFO - Checking plan status for user ID: 6
2024-10-06 02:37:13,641 - INFO - Plan status is active for user ID: 6
2024-10-06 02:37:13,643 - ERROR - Error closing database connections: cannot access local variable 'ielts_cursor' where it is not associated with a value
2024-10-06 02:37:16,069 - INFO - Attempting to connect to MySQL database: ielts_payment
2024-10-06 02:37:16,071 - INFO - Attempting to connect to MySQL database: ielts_database
2024-10-06 02:37:16,074 - INFO - Checking plan status for user ID: 6
2024-10-06 02:37:16,076 - INFO - Plan status is active for user ID: 6
2024-10-06 02:37:16,078 - ERROR - Error closing database connections: cannot access local variable 'ielts_cursor' where it is not associated with a value
2024-10-06 02:37:16,114 - INFO - Attempting to connect to MySQL database: ielts_payment
2024-10-06 02:37:16,117 - INFO - Attempting to connect to MySQL database: ielts_database
2024-10-06 02:37:16,120 - INFO - Checking plan status for user ID: 6
2024-10-06 02:37:16,121 - INFO - Plan status is active for user ID: 6
2024-10-06 02:37:16,122 - ERROR - Error closing database connections: cannot access local variable 'ielts_cursor' where it is not associated with a value
2024-10-06 02:37:17,468 - INFO - Attempting to connect to MySQL database: ielts_payment
2024-10-06 02:37:17,470 - INFO - Attempting to connect to MySQL database: ielts_database
2024-10-06 02:37:17,472 - INFO - Checking plan status for user ID: 6
2024-10-06 02:37:17,473 - INFO - Plan status is active for user ID: 6
2024-10-06 02:37:17,474 - ERROR - Error closing database connections: cannot access local variable 'ielts_cursor' where it is not associated with a value
2024-10-06 02:37:17,487 - INFO - Attempting to connect to MySQL database: ielts_payment
2024-10-06 02:37:17,489 - INFO - Attempting to connect to MySQL database: ielts_database
2024-10-06 02:37:17,494 - INFO - Checking plan status for user ID: 6
2024-10-06 02:37:17,495 - INFO - Plan status is active for user ID: 6
2024-10-06 02:37:17,497 - ERROR - Error closing database connections: cannot access local variable 'ielts_cursor' where it is not associated with a value
2024-10-06 02:40:37,191 - INFO - Attempting to connect to MySQL database: ielts_payment
2024-10-06 02:40:37,194 - INFO - Attempting to connect to MySQL database: ielts_database
2024-10-06 02:40:37,196 - INFO - Checking plan status for user ID: 6
2024-10-06 02:40:37,197 - INFO - Plan status is active for user ID: 6
2024-10-06 02:40:37,198 - ERROR - Error closing database connections: cannot access local variable 'ielts_cursor' where it is not associated with a value
2024-10-06 02:40:37,211 - INFO - Attempting to connect to MySQL database: ielts_payment
2024-10-06 02:40:37,214 - INFO - Attempting to connect to MySQL database: ielts_database
2024-10-06 02:40:37,216 - INFO - Checking plan status for user ID: 6
2024-10-06 02:40:37,217 - INFO - Plan status is active for user ID: 6
2024-10-06 02:40:37,218 - ERROR - Error closing database connections: cannot access local variable 'ielts_cursor' where it is not associated with a value
2024-10-06 02:43:40,332 - INFO - Attempting to connect to MySQL database: ielts_payment
2024-10-06 02:43:40,334 - INFO - Attempting to connect to MySQL database: ielts_database
2024-10-06 02:43:40,337 - INFO - Checking plan status for user ID: 6
2024-10-06 02:43:40,339 - INFO - Plan status is active for user ID: 6
2024-10-06 02:43:40,341 - ERROR - Error closing database connections: cannot access local variable 'ielts_cursor' where it is not associated with a value
2024-10-06 02:43:40,353 - INFO - Attempting to connect to MySQL database: ielts_payment
2024-10-06 02:43:40,356 - INFO - Attempting to connect to MySQL database: ielts_database
2024-10-06 02:43:40,359 - INFO - Checking plan status for user ID: 6
2024-10-06 02:43:40,363 - INFO - Plan status is active for user ID: 6
2024-10-06 02:43:40,364 - ERROR - Error closing database connections: cannot access local variable 'ielts_cursor' where it is not associated with a value
2024-10-06 02:43:59,706 - INFO - Attempting to connect to MySQL database: ielts_payment
2024-10-06 02:43:59,709 - INFO - Attempting to connect to MySQL database: ielts_database
2024-10-06 02:43:59,711 - INFO - Checking plan status for user ID: 6
2024-10-06 02:43:59,712 - INFO - Plan status is active for user ID: 6
2024-10-06 02:43:59,714 - ERROR - Error closing database connections: cannot access local variable 'ielts_cursor' where it is not associated with a value
2024-10-06 02:43:59,729 - INFO - Attempting to connect to MySQL database: ielts_payment
2024-10-06 02:43:59,731 - INFO - Attempting to connect to MySQL database: ielts_database
2024-10-06 02:43:59,734 - INFO - Checking plan status for user ID: 6
2024-10-06 02:43:59,735 - INFO - Plan status is active for user ID: 6
2024-10-06 02:43:59,737 - ERROR - Error closing database connections: cannot access local variable 'ielts_cursor' where it is not associated with a value
2024-10-06 02:49:25,340 - INFO - Attempting to connect to MySQL database: ielts_payment
2024-10-06 02:49:25,343 - INFO - Attempting to connect to MySQL database: ielts_database
2024-10-06 02:49:25,347 - INFO - Checking plan status for user ID: 6
2024-10-06 02:49:25,348 - INFO - Plan status is active for user ID: 6
2024-10-06 02:49:25,349 - ERROR - Error closing database connections: cannot access local variable 'ielts_cursor' where it is not associated with a value
2024-10-06 02:49:25,363 - INFO - Attempting to connect to MySQL database: ielts_payment
2024-10-06 02:49:25,366 - INFO - Attempting to connect to MySQL database: ielts_database
2024-10-06 02:49:25,368 - INFO - Checking plan status for user ID: 6
2024-10-06 02:49:25,370 - INFO - Plan status is active for user ID: 6
2024-10-06 02:49:25,371 - ERROR - Error closing database connections: cannot access local variable 'ielts_cursor' where it is not associated with a value
2024-10-06 02:49:41,324 - INFO - Attempting to connect to MySQL database: ielts_payment
2024-10-06 02:49:41,326 - INFO - Attempting to connect to MySQL database: ielts_database
2024-10-06 02:49:41,328 - INFO - Checking plan status for user ID: 6
2024-10-06 02:49:41,329 - INFO - Plan status is active for user ID: 6
2024-10-06 02:49:41,331 - ERROR - Error closing database connections: cannot access local variable 'ielts_cursor' where it is not associated with a value
2024-10-06 02:49:41,345 - INFO - Attempting to connect to MySQL database: ielts_payment
2024-10-06 02:49:41,348 - INFO - Attempting to connect to MySQL database: ielts_database
2024-10-06 02:49:41,349 - INFO - Checking plan status for user ID: 6
2024-10-06 02:49:41,351 - INFO - Plan status is active for user ID: 6
2024-10-06 02:49:41,352 - ERROR - Error closing database connections: cannot access local variable 'ielts_cursor' where it is not associated with a value
2024-10-06 02:51:55,356 - INFO - Attempting to connect to MySQL database: ielts_payment
2024-10-06 02:51:55,358 - INFO - Attempting to connect to MySQL database: ielts_database
2024-10-06 02:51:55,363 - INFO - Checking plan status for user ID: 6
2024-10-06 02:51:55,364 - INFO - Plan status is active for user ID: 6
2024-10-06 02:51:55,365 - ERROR - Error closing database connections: cannot access local variable 'ielts_cursor' where it is not associated with a value
2024-10-06 02:51:55,375 - INFO - Attempting to connect to MySQL database: ielts_payment
2024-10-06 02:51:55,379 - INFO - Attempting to connect to MySQL database: ielts_database
2024-10-06 02:51:55,383 - INFO - Checking plan status for user ID: 6
2024-10-06 02:51:55,383 - INFO - Plan status is active for user ID: 6
2024-10-06 02:51:55,385 - ERROR - Error closing database connections: cannot access local variable 'ielts_cursor' where it is not associated with a value
2024-10-06 02:52:49,005 - INFO - Attempting to connect to MySQL database: ielts_payment
2024-10-06 02:52:49,008 - INFO - Attempting to connect to MySQL database: ielts_database
2024-10-06 02:52:49,010 - INFO - Checking plan status for user ID: 6
2024-10-06 02:52:49,012 - INFO - Plan status is active for user ID: 6
2024-10-06 02:52:49,013 - ERROR - Error closing database connections: cannot access local variable 'ielts_cursor' where it is not associated with a value
2024-10-06 02:52:49,027 - INFO - Attempting to connect to MySQL database: ielts_payment
2024-10-06 02:52:49,030 - INFO - Attempting to connect to MySQL database: ielts_database
2024-10-06 02:52:49,032 - INFO - Checking plan status for user ID: 6
2024-10-06 02:52:49,033 - INFO - Plan status is active for user ID: 6
2024-10-06 02:52:49,034 - ERROR - Error closing database connections: cannot access local variable 'ielts_cursor' where it is not associated with a value
2024-10-06 02:53:33,077 - INFO - Attempting to connect to MySQL database: ielts_payment
2024-10-06 02:53:33,079 - INFO - Attempting to connect to MySQL database: ielts_database
2024-10-06 02:53:33,082 - INFO - Checking plan status for user ID: 6
2024-10-06 02:53:33,083 - INFO - Plan status is active for user ID: 6
2024-10-06 02:53:33,084 - ERROR - Error closing database connections: cannot access local variable 'ielts_cursor' where it is not associated with a value
2024-10-06 02:53:33,095 - INFO - Attempting to connect to MySQL database: ielts_payment
2024-10-06 02:53:33,098 - INFO - Attempting to connect to MySQL database: ielts_database
2024-10-06 02:53:33,101 - INFO - Checking plan status for user ID: 6
2024-10-06 02:53:33,102 - INFO - Plan status is active for user ID: 6
2024-10-06 02:53:33,103 - ERROR - Error closing database connections: cannot access local variable 'ielts_cursor' where it is not associated with a value
2024-10-06 02:53:44,670 - INFO - Attempting to connect to MySQL database: ielts_payment
2024-10-06 02:53:44,672 - INFO - Attempting to connect to MySQL database: ielts_database
2024-10-06 02:53:44,675 - INFO - Checking plan status for user ID: 6
2024-10-06 02:53:44,677 - INFO - Plan status is active for user ID: 6
2024-10-06 02:53:44,678 - ERROR - Error closing database connections: cannot access local variable 'ielts_cursor' where it is not associated with a value
2024-10-06 02:53:44,687 - INFO - Attempting to connect to MySQL database: ielts_payment
2024-10-06 02:53:44,691 - INFO - Attempting to connect to MySQL database: ielts_database
2024-10-06 02:53:44,694 - INFO - Checking plan status for user ID: 6
2024-10-06 02:53:44,696 - INFO - Plan status is active for user ID: 6
2024-10-06 02:53:44,697 - ERROR - Error closing database connections: cannot access local variable 'ielts_cursor' where it is not associated with a value
2024-10-06 02:56:49,950 - INFO - Attempting to connect to MySQL database: ielts_payment
2024-10-06 02:56:49,952 - INFO - Attempting to connect to MySQL database: ielts_database
2024-10-06 02:56:49,955 - INFO - Checking plan status for user ID: 6
2024-10-06 02:56:49,956 - INFO - Plan status is active for user ID: 6
2024-10-06 02:56:49,958 - ERROR - Error closing database connections: cannot access local variable 'ielts_cursor' where it is not associated with a value
2024-10-06 02:56:49,968 - INFO - Attempting to connect to MySQL database: ielts_payment
2024-10-06 02:56:49,969 - INFO - Attempting to connect to MySQL database: ielts_database
2024-10-06 02:56:49,971 - INFO - Checking plan status for user ID: 6
2024-10-06 02:56:49,973 - INFO - Plan status is active for user ID: 6
2024-10-06 02:56:49,974 - ERROR - Error closing database connections: cannot access local variable 'ielts_cursor' where it is not associated with a value
2024-10-06 10:52:02,059 - INFO - Attempting to connect to MySQL database: ielts_payment
2024-10-06 10:52:02,061 - INFO - Attempting to connect to MySQL database: ielts_database
2024-10-06 10:52:02,064 - INFO - Checking plan status for user ID: 6
2024-10-06 10:52:02,066 - INFO - Plan status is active for user ID: 6
2024-10-06 10:52:02,067 - ERROR - Error closing database connections: cannot access local variable 'ielts_cursor' where it is not associated with a value
2024-10-06 10:52:02,081 - INFO - Attempting to connect to MySQL database: ielts_payment
2024-10-06 10:52:02,083 - INFO - Attempting to connect to MySQL database: ielts_database
2024-10-06 10:52:02,085 - INFO - Checking plan status for user ID: 6
2024-10-06 10:52:02,086 - INFO - Plan status is active for user ID: 6
2024-10-06 10:52:02,087 - ERROR - Error closing database connections: cannot access local variable 'ielts_cursor' where it is not associated with a value
2024-10-06 10:52:18,346 - INFO - Attempting to connect to MySQL database: ielts_payment
2024-10-06 10:52:18,348 - INFO - Attempting to connect to MySQL database: ielts_database
2024-10-06 10:52:18,350 - INFO - Checking plan status for user ID: 6
2024-10-06 10:52:18,352 - INFO - Plan status is active for user ID: 6
2024-10-06 10:52:18,353 - ERROR - Error closing database connections: cannot access local variable 'ielts_cursor' where it is not associated with a value
2024-10-06 10:52:18,362 - INFO - Attempting to connect to MySQL database: ielts_payment
2024-10-06 10:52:18,364 - INFO - Attempting to connect to MySQL database: ielts_database
2024-10-06 10:52:18,368 - INFO - Checking plan status for user ID: 6
2024-10-06 10:52:18,369 - INFO - Plan status is active for user ID: 6
2024-10-06 10:52:18,371 - ERROR - Error closing database connections: cannot access local variable 'ielts_cursor' where it is not associated with a value
2024-10-06 10:57:06,284 - INFO - Attempting to connect to MySQL database: ielts_payment
2024-10-06 10:57:06,286 - INFO - Attempting to connect to MySQL database: ielts_database
2024-10-06 10:57:06,288 - INFO - Checking plan status for user ID: 6
2024-10-06 10:57:06,289 - INFO - Plan status is active for user ID: 6
2024-10-06 10:57:06,291 - ERROR - Error closing database connections: cannot access local variable 'ielts_cursor' where it is not associated with a value
2024-10-06 10:58:16,287 - INFO - Attempting to connect to MySQL database: ielts_payment
2024-10-06 10:58:16,289 - INFO - Attempting to connect to MySQL database: ielts_database
2024-10-06 10:58:16,291 - INFO - Checking plan status for user ID: 6
2024-10-06 10:58:16,292 - INFO - Plan status is active for user ID: 6
2024-10-06 10:58:16,293 - ERROR - Error closing database connections: cannot access local variable 'ielts_cursor' where it is not associated with a value
2024-10-06 10:58:16,301 - INFO - Attempting to connect to MySQL database: ielts_payment
2024-10-06 10:58:16,304 - INFO - Attempting to connect to MySQL database: ielts_database
2024-10-06 10:58:16,305 - INFO - Checking plan status for user ID: 6
2024-10-06 10:58:16,306 - INFO - Plan status is active for user ID: 6
2024-10-06 10:58:16,307 - ERROR - Error closing database connections: cannot access local variable 'ielts_cursor' where it is not associated with a value
2024-10-06 10:58:17,281 - INFO - Attempting to connect to MySQL database: ielts_payment
2024-10-06 10:58:17,283 - INFO - Attempting to connect to MySQL database: ielts_database
2024-10-06 10:58:17,284 - INFO - Checking plan status for user ID: 6
2024-10-06 10:58:17,286 - INFO - Plan status is active for user ID: 6
2024-10-06 10:58:17,286 - ERROR - Error closing database connections: cannot access local variable 'ielts_cursor' where it is not associated with a value
2024-10-06 10:58:23,805 - INFO - Attempting to connect to MySQL database: ielts_payment
2024-10-06 10:58:23,807 - INFO - Attempting to connect to MySQL database: ielts_database
2024-10-06 10:58:23,810 - INFO - Checking plan status for user ID: 6
2024-10-06 10:58:23,812 - INFO - Plan status is active for user ID: 6
2024-10-06 10:58:23,814 - ERROR - Error closing database connections: cannot access local variable 'ielts_cursor' where it is not associated with a value
2024-10-06 10:58:23,827 - INFO - Attempting to connect to MySQL database: ielts_payment
2024-10-06 10:58:23,830 - INFO - Attempting to connect to MySQL database: ielts_database
2024-10-06 10:58:23,833 - INFO - Checking plan status for user ID: 6
2024-10-06 10:58:23,835 - INFO - Plan status is active for user ID: 6
2024-10-06 10:58:23,835 - ERROR - Error closing database connections: cannot access local variable 'ielts_cursor' where it is not associated with a value
2024-10-06 11:04:03,150 - INFO - Attempting to connect to MySQL database: ielts_payment
2024-10-06 11:04:03,153 - INFO - Attempting to connect to MySQL database: ielts_database
2024-10-06 11:04:03,156 - INFO - Checking plan status for user ID: 6
2024-10-06 11:04:03,158 - INFO - Plan status is active for user ID: 6
2024-10-06 11:04:03,160 - ERROR - Error closing database connections: cannot access local variable 'ielts_cursor' where it is not associated with a value
2024-10-06 11:04:03,172 - INFO - Attempting to connect to MySQL database: ielts_payment
2024-10-06 11:04:03,175 - INFO - Attempting to connect to MySQL database: ielts_database
2024-10-06 11:04:03,181 - INFO - Checking plan status for user ID: 6
2024-10-06 11:04:03,182 - INFO - Plan status is active for user ID: 6
2024-10-06 11:04:03,184 - ERROR - Error closing database connections: cannot access local variable 'ielts_cursor' where it is not associated with a value
2024-10-06 11:04:24,218 - INFO - Starting payments service
2024-10-06 11:04:24,239 - INFO - Starting Eureka client registration
2024-10-06 11:04:24,266 - INFO - Eureka client started and service registered successfully.
2024-10-06 11:11:20,672 - INFO - Attempting to connect to MySQL database: ielts_payment
2024-10-06 11:11:20,680 - INFO - Attempting to connect to MySQL database: ielts_database
2024-10-06 11:11:20,684 - INFO - Checking plan status for user ID: 6
2024-10-06 11:11:20,686 - INFO - Plan status is active for user ID: 6
2024-10-06 11:11:20,687 - ERROR - Error closing database connections: cannot access local variable 'ielts_cursor' where it is not associated with a value
2024-10-06 11:11:20,700 - INFO - Attempting to connect to MySQL database: ielts_payment
2024-10-06 11:11:20,703 - INFO - Attempting to connect to MySQL database: ielts_database
2024-10-06 11:11:20,706 - INFO - Checking plan status for user ID: 6
2024-10-06 11:11:20,707 - INFO - Plan status is active for user ID: 6
2024-10-06 11:11:20,708 - ERROR - Error closing database connections: cannot access local variable 'ielts_cursor' where it is not associated with a value
2024-10-06 11:16:46,587 - INFO - Attempting to connect to MySQL database: ielts_payment
2024-10-06 11:16:46,589 - INFO - Attempting to connect to MySQL database: ielts_database
2024-10-06 11:16:46,592 - INFO - Checking plan status for user ID: 6
2024-10-06 11:16:46,593 - INFO - Plan status is active for user ID: 6
2024-10-06 11:16:46,594 - ERROR - Error closing database connections: cannot access local variable 'ielts_cursor' where it is not associated with a value
2024-10-06 11:16:46,607 - INFO - Attempting to connect to MySQL database: ielts_payment
2024-10-06 11:16:46,610 - INFO - Attempting to connect to MySQL database: ielts_database
2024-10-06 11:16:46,612 - INFO - Checking plan status for user ID: 6
2024-10-06 11:16:46,613 - INFO - Plan status is active for user ID: 6
2024-10-06 11:16:46,614 - ERROR - Error closing database connections: cannot access local variable 'ielts_cursor' where it is not associated with a value
2024-10-06 11:30:04,541 - INFO - Attempting to connect to MySQL database: ielts_payment
2024-10-06 11:30:04,545 - INFO - Attempting to connect to MySQL database: ielts_database
2024-10-06 11:30:04,548 - INFO - Checking plan status for user ID: 6
2024-10-06 11:30:04,549 - INFO - Plan status is active for user ID: 6
2024-10-06 11:30:04,550 - ERROR - Error closing database connections: cannot access local variable 'ielts_cursor' where it is not associated with a value
2024-10-06 11:30:04,567 - INFO - Attempting to connect to MySQL database: ielts_payment
2024-10-06 11:30:04,569 - INFO - Attempting to connect to MySQL database: ielts_database
2024-10-06 11:30:04,572 - INFO - Checking plan status for user ID: 6
2024-10-06 11:30:04,574 - INFO - Plan status is active for user ID: 6
2024-10-06 11:30:04,574 - ERROR - Error closing database connections: cannot access local variable 'ielts_cursor' where it is not associated with a value
2024-10-06 11:30:48,289 - INFO - Attempting to connect to MySQL database: ielts_payment
2024-10-06 11:30:48,291 - INFO - Attempting to connect to MySQL database: ielts_database
2024-10-06 11:30:48,293 - INFO - Checking plan status for user ID: 6
2024-10-06 11:30:48,295 - INFO - Plan status is active for user ID: 6
2024-10-06 11:30:48,295 - ERROR - Error closing database connections: cannot access local variable 'ielts_cursor' where it is not associated with a value
2024-10-06 11:30:48,307 - INFO - Attempting to connect to MySQL database: ielts_payment
2024-10-06 11:30:48,310 - INFO - Attempting to connect to MySQL database: ielts_database
2024-10-06 11:30:48,312 - INFO - Checking plan status for user ID: 6
2024-10-06 11:30:48,313 - INFO - Plan status is active for user ID: 6
2024-10-06 11:30:48,314 - ERROR - Error closing database connections: cannot access local variable 'ielts_cursor' where it is not associated with a value
2024-10-06 11:30:48,527 - INFO - Attempting to connect to MySQL database: ielts_payment
2024-10-06 11:30:48,542 - INFO - Attempting to connect to MySQL database: ielts_database
2024-10-06 11:30:48,548 - INFO - Checking plan status for user ID: 6
2024-10-06 11:30:48,551 - INFO - Plan status is active for user ID: 6
2024-10-06 11:30:48,555 - ERROR - Error closing database connections: cannot access local variable 'ielts_cursor' where it is not associated with a value
2024-10-06 11:30:55,130 - INFO - Attempting to connect to MySQL database: ielts_payment
2024-10-06 11:30:55,133 - INFO - Attempting to connect to MySQL database: ielts_database
2024-10-06 11:30:55,135 - INFO - Checking plan status for user ID: 6
2024-10-06 11:30:55,136 - INFO - Plan status is active for user ID: 6
2024-10-06 11:30:55,137 - ERROR - Error closing database connections: cannot access local variable 'ielts_cursor' where it is not associated with a value
2024-10-06 11:30:55,149 - INFO - Attempting to connect to MySQL database: ielts_payment
2024-10-06 11:30:55,153 - INFO - Attempting to connect to MySQL database: ielts_database
2024-10-06 11:30:55,156 - INFO - Checking plan status for user ID: 6
2024-10-06 11:30:55,157 - INFO - Plan status is active for user ID: 6
2024-10-06 11:30:55,158 - ERROR - Error closing database connections: cannot access local variable 'ielts_cursor' where it is not associated with a value
2024-10-06 11:43:29,435 - INFO - Attempting to connect to MySQL database: ielts_payment
2024-10-06 11:43:29,440 - INFO - Attempting to connect to MySQL database: ielts_database
2024-10-06 11:43:29,444 - INFO - Checking plan status for user ID: 6
2024-10-06 11:43:29,445 - INFO - Plan status is active for user ID: 6
2024-10-06 11:43:29,447 - ERROR - Error closing database connections: cannot access local variable 'ielts_cursor' where it is not associated with a value
2024-10-06 11:43:29,465 - INFO - Attempting to connect to MySQL database: ielts_payment
2024-10-06 11:43:29,471 - INFO - Attempting to connect to MySQL database: ielts_database
2024-10-06 11:43:29,476 - INFO - Checking plan status for user ID: 6
2024-10-06 11:43:29,478 - INFO - Plan status is active for user ID: 6
2024-10-06 11:43:29,480 - ERROR - Error closing database connections: cannot access local variable 'ielts_cursor' where it is not associated with a value
2024-10-06 11:49:19,060 - INFO - Attempting to connect to MySQL database: ielts_payment
2024-10-06 11:49:19,064 - INFO - Attempting to connect to MySQL database: ielts_database
2024-10-06 11:49:19,068 - INFO - Checking plan status for user ID: 6
2024-10-06 11:49:19,070 - INFO - Plan status is active for user ID: 6
2024-10-06 11:49:19,072 - ERROR - Error closing database connections: cannot access local variable 'ielts_cursor' where it is not associated with a value
2024-10-06 11:49:19,089 - INFO - Attempting to connect to MySQL database: ielts_payment
2024-10-06 11:49:19,092 - INFO - Attempting to connect to MySQL database: ielts_database
2024-10-06 11:49:19,097 - INFO - Checking plan status for user ID: 6
2024-10-06 11:49:19,098 - INFO - Plan status is active for user ID: 6
2024-10-06 11:49:19,100 - ERROR - Error closing database connections: cannot access local variable 'ielts_cursor' where it is not associated with a value
2024-10-06 11:49:38,889 - INFO - Attempting to connect to MySQL database: ielts_payment
2024-10-06 11:49:38,893 - INFO - Attempting to connect to MySQL database: ielts_database
2024-10-06 11:49:38,899 - INFO - Checking plan status for user ID: 6
2024-10-06 11:49:38,900 - INFO - Plan status is active for user ID: 6
2024-10-06 11:49:38,902 - ERROR - Error closing database connections: cannot access local variable 'ielts_cursor' where it is not associated with a value
2024-10-06 11:49:38,918 - INFO - Attempting to connect to MySQL database: ielts_payment
2024-10-06 11:49:38,921 - INFO - Attempting to connect to MySQL database: ielts_database
2024-10-06 11:49:38,926 - INFO - Checking plan status for user ID: 6
2024-10-06 11:49:38,928 - INFO - Plan status is active for user ID: 6
2024-10-06 11:49:38,930 - ERROR - Error closing database connections: cannot access local variable 'ielts_cursor' where it is not associated with a value
2024-10-06 11:49:49,785 - INFO - Attempting to connect to MySQL database: ielts_payment
2024-10-06 11:49:49,789 - INFO - Attempting to connect to MySQL database: ielts_database
2024-10-06 11:49:49,794 - INFO - Checking plan status for user ID: 6
2024-10-06 11:49:49,797 - INFO - Plan status is active for user ID: 6
2024-10-06 11:49:49,798 - ERROR - Error closing database connections: cannot access local variable 'ielts_cursor' where it is not associated with a value
2024-10-06 11:49:49,818 - INFO - Attempting to connect to MySQL database: ielts_payment
2024-10-06 11:49:49,822 - INFO - Attempting to connect to MySQL database: ielts_database
2024-10-06 11:49:49,829 - INFO - Checking plan status for user ID: 6
2024-10-06 11:49:49,831 - INFO - Plan status is active for user ID: 6
2024-10-06 11:49:49,832 - ERROR - Error closing database connections: cannot access local variable 'ielts_cursor' where it is not associated with a value
2024-10-06 11:50:08,847 - INFO - Attempting to connect to MySQL database: ielts_payment
2024-10-06 11:50:08,850 - INFO - Attempting to connect to MySQL database: ielts_database
2024-10-06 11:50:08,854 - INFO - Checking plan status for user ID: 6
2024-10-06 11:50:08,855 - INFO - Plan status is active for user ID: 6
2024-10-06 11:50:08,857 - ERROR - Error closing database connections: cannot access local variable 'ielts_cursor' where it is not associated with a value
2024-10-06 11:50:08,874 - INFO - Attempting to connect to MySQL database: ielts_payment
2024-10-06 11:50:08,905 - INFO - Attempting to connect to MySQL database: ielts_database
2024-10-06 11:50:08,921 - INFO - Checking plan status for user ID: 6
2024-10-06 11:50:08,923 - INFO - Plan status is active for user ID: 6
2024-10-06 11:50:08,925 - ERROR - Error closing database connections: cannot access local variable 'ielts_cursor' where it is not associated with a value
2024-10-06 11:52:51,184 - INFO - Attempting to connect to MySQL database: ielts_payment
2024-10-06 11:52:51,186 - INFO - Attempting to connect to MySQL database: ielts_database
2024-10-06 11:52:51,190 - INFO - Checking plan status for user ID: 6
2024-10-06 11:52:51,192 - INFO - Plan status is active for user ID: 6
2024-10-06 11:52:51,194 - ERROR - Error closing database connections: cannot access local variable 'ielts_cursor' where it is not associated with a value
2024-10-06 11:52:51,209 - INFO - Attempting to connect to MySQL database: ielts_payment
2024-10-06 11:52:51,214 - INFO - Attempting to connect to MySQL database: ielts_database
2024-10-06 11:52:51,218 - INFO - Checking plan status for user ID: 6
2024-10-06 11:52:51,220 - INFO - Plan status is active for user ID: 6
2024-10-06 11:52:51,222 - ERROR - Error closing database connections: cannot access local variable 'ielts_cursor' where it is not associated with a value
2024-10-06 12:00:37,369 - INFO - Attempting to connect to MySQL database: ielts_payment
2024-10-06 12:00:37,374 - INFO - Attempting to connect to MySQL database: ielts_database
2024-10-06 12:00:37,377 - INFO - Checking plan status for user ID: 6
2024-10-06 12:00:37,379 - INFO - Plan status is active for user ID: 6
2024-10-06 12:00:37,380 - ERROR - Error closing database connections: cannot access local variable 'ielts_cursor' where it is not associated with a value
2024-10-06 12:00:37,395 - INFO - Attempting to connect to MySQL database: ielts_payment
2024-10-06 12:00:37,398 - INFO - Attempting to connect to MySQL database: ielts_database
2024-10-06 12:00:37,400 - INFO - Checking plan status for user ID: 6
2024-10-06 12:00:37,404 - INFO - Plan status is active for user ID: 6
2024-10-06 12:00:37,406 - ERROR - Error closing database connections: cannot access local variable 'ielts_cursor' where it is not associated with a value
2024-10-06 12:01:04,015 - INFO - Attempting to connect to MySQL database: ielts_payment
2024-10-06 12:01:04,018 - INFO - Attempting to connect to MySQL database: ielts_database
2024-10-06 12:01:04,021 - INFO - Checking plan status for user ID: 6
2024-10-06 12:01:04,022 - INFO - Plan status is active for user ID: 6
2024-10-06 12:01:04,024 - ERROR - Error closing database connections: cannot access local variable 'ielts_cursor' where it is not associated with a value
2024-10-06 12:01:04,040 - INFO - Attempting to connect to MySQL database: ielts_payment
2024-10-06 12:01:04,045 - INFO - Attempting to connect to MySQL database: ielts_database
2024-10-06 12:01:04,049 - INFO - Checking plan status for user ID: 6
2024-10-06 12:01:04,051 - INFO - Plan status is active for user ID: 6
2024-10-06 12:01:04,053 - ERROR - Error closing database connections: cannot access local variable 'ielts_cursor' where it is not associated with a value
2024-10-06 12:04:27,143 - INFO - Starting payments service
2024-10-06 12:04:27,145 - INFO - Starting Eureka client registration
2024-10-06 12:04:27,169 - INFO - Eureka client started and service registered successfully.
2024-10-06 12:05:50,325 - INFO - Attempting to connect to MySQL database: ielts_payment
2024-10-06 12:05:50,337 - INFO - Attempting to connect to MySQL database: ielts_database
2024-10-06 12:05:50,340 - INFO - Checking plan status for user ID: 6
2024-10-06 12:05:50,342 - INFO - Plan status is active for user ID: 6
2024-10-06 12:05:50,345 - ERROR - Error closing database connections: cannot access local variable 'ielts_cursor' where it is not associated with a value
2024-10-06 12:05:50,358 - INFO - Attempting to connect to MySQL database: ielts_payment
2024-10-06 12:05:50,361 - INFO - Attempting to connect to MySQL database: ielts_database
2024-10-06 12:05:50,366 - INFO - Checking plan status for user ID: 6
2024-10-06 12:05:50,368 - INFO - Plan status is active for user ID: 6
2024-10-06 12:05:50,370 - ERROR - Error closing database connections: cannot access local variable 'ielts_cursor' where it is not associated with a value
2024-10-06 12:06:39,380 - INFO - Attempting to connect to MySQL database: ielts_payment
2024-10-06 12:06:39,383 - INFO - Attempting to connect to MySQL database: ielts_database
2024-10-06 12:06:39,387 - INFO - Checking plan status for user ID: 6
2024-10-06 12:06:39,389 - INFO - Plan status is active for user ID: 6
2024-10-06 12:06:39,390 - ERROR - Error closing database connections: cannot access local variable 'ielts_cursor' where it is not associated with a value
2024-10-06 12:06:39,405 - INFO - Attempting to connect to MySQL database: ielts_payment
2024-10-06 12:06:39,410 - INFO - Attempting to connect to MySQL database: ielts_database
2024-10-06 12:06:39,414 - INFO - Checking plan status for user ID: 6
2024-10-06 12:06:39,416 - INFO - Plan status is active for user ID: 6
2024-10-06 12:06:39,418 - ERROR - Error closing database connections: cannot access local variable 'ielts_cursor' where it is not associated with a value
2024-10-06 12:06:45,306 - INFO - Attempting to connect to MySQL database: ielts_payment
2024-10-06 12:06:45,309 - INFO - Attempting to connect to MySQL database: ielts_database
2024-10-06 12:06:45,314 - INFO - Checking plan status for user ID: 6
2024-10-06 12:06:45,315 - INFO - Plan status is active for user ID: 6
2024-10-06 12:06:45,317 - ERROR - Error closing database connections: cannot access local variable 'ielts_cursor' where it is not associated with a value
2024-10-06 12:06:45,331 - INFO - Attempting to connect to MySQL database: ielts_payment
2024-10-06 12:06:45,336 - INFO - Attempting to connect to MySQL database: ielts_database
2024-10-06 12:06:45,340 - INFO - Checking plan status for user ID: 6
2024-10-06 12:06:45,342 - INFO - Plan status is active for user ID: 6
2024-10-06 12:06:45,343 - ERROR - Error closing database connections: cannot access local variable 'ielts_cursor' where it is not associated with a value
2024-10-06 12:12:24,070 - INFO - Attempting to connect to MySQL database: ielts_payment
2024-10-06 12:12:24,073 - INFO - Attempting to connect to MySQL database: ielts_database
2024-10-06 12:12:24,076 - INFO - Checking plan status for user ID: 6
2024-10-06 12:12:24,080 - INFO - Plan status is active for user ID: 6
2024-10-06 12:12:24,081 - ERROR - Error closing database connections: cannot access local variable 'ielts_cursor' where it is not associated with a value
2024-10-06 12:12:24,094 - INFO - Attempting to connect to MySQL database: ielts_payment
2024-10-06 12:12:24,099 - INFO - Attempting to connect to MySQL database: ielts_database
2024-10-06 12:12:24,103 - INFO - Checking plan status for user ID: 6
2024-10-06 12:12:24,105 - INFO - Plan status is active for user ID: 6
2024-10-06 12:12:24,107 - ERROR - Error closing database connections: cannot access local variable 'ielts_cursor' where it is not associated with a value
2024-10-06 12:14:05,274 - INFO - Attempting to connect to MySQL database: ielts_payment
2024-10-06 12:14:05,277 - INFO - Attempting to connect to MySQL database: ielts_database
2024-10-06 12:14:05,281 - INFO - Checking plan status for user ID: 6
2024-10-06 12:14:05,283 - INFO - Plan status is active for user ID: 6
2024-10-06 12:14:05,286 - ERROR - Error closing database connections: cannot access local variable 'ielts_cursor' where it is not associated with a value
2024-10-06 12:14:05,300 - INFO - Attempting to connect to MySQL database: ielts_payment
2024-10-06 12:14:05,303 - INFO - Attempting to connect to MySQL database: ielts_database
2024-10-06 12:14:05,307 - INFO - Checking plan status for user ID: 6
2024-10-06 12:14:05,308 - INFO - Plan status is active for user ID: 6
2024-10-06 12:14:05,311 - ERROR - Error closing database connections: cannot access local variable 'ielts_cursor' where it is not associated with a value
2024-10-06 12:37:44,999 - INFO - Attempting to connect to MySQL database: ielts_payment
2024-10-06 12:37:45,004 - INFO - Attempting to connect to MySQL database: ielts_database
2024-10-06 12:37:45,007 - INFO - Checking plan status for user ID: 6
2024-10-06 12:37:45,011 - INFO - Plan status is active for user ID: 6
2024-10-06 12:37:45,013 - ERROR - Error closing database connections: cannot access local variable 'ielts_cursor' where it is not associated with a value
2024-10-06 12:37:45,098 - INFO - Attempting to connect to MySQL database: ielts_payment
2024-10-06 12:37:45,105 - INFO - Attempting to connect to MySQL database: ielts_database
2024-10-06 12:37:45,112 - INFO - Checking plan status for user ID: 6
2024-10-06 12:37:45,114 - INFO - Plan status is active for user ID: 6
2024-10-06 12:37:45,115 - ERROR - Error closing database connections: cannot access local variable 'ielts_cursor' where it is not associated with a value
2024-10-06 12:42:25,739 - INFO - Attempting to connect to MySQL database: ielts_payment
2024-10-06 12:42:25,743 - INFO - Attempting to connect to MySQL database: ielts_database
2024-10-06 12:42:25,747 - INFO - Checking plan status for user ID: 6
2024-10-06 12:42:25,749 - INFO - Plan status is active for user ID: 6
2024-10-06 12:42:25,751 - ERROR - Error closing database connections: cannot access local variable 'ielts_cursor' where it is not associated with a value
2024-10-06 12:42:25,766 - INFO - Attempting to connect to MySQL database: ielts_payment
2024-10-06 12:42:25,770 - INFO - Attempting to connect to MySQL database: ielts_database
2024-10-06 12:42:25,774 - INFO - Checking plan status for user ID: 6
2024-10-06 12:42:25,776 - INFO - Plan status is active for user ID: 6
2024-10-06 12:42:25,778 - ERROR - Error closing database connections: cannot access local variable 'ielts_cursor' where it is not associated with a value
2024-10-06 13:04:29,932 - INFO - Starting payments service
2024-10-06 13:04:29,934 - INFO - Starting Eureka client registration
2024-10-06 13:04:29,955 - INFO - Eureka client started and service registered successfully.
2024-10-06 15:19:24,040 - INFO - Attempting to connect to MySQL database: ielts_payment
2024-10-06 15:19:24,053 - INFO - Attempting to connect to MySQL database: ielts_database
2024-10-06 15:19:24,057 - INFO - Checking plan status for user ID: 6
2024-10-06 15:19:24,060 - INFO - Plan status is active for user ID: 6
2024-10-06 15:19:24,061 - ERROR - Error closing database connections: cannot access local variable 'ielts_cursor' where it is not associated with a value
2024-10-06 15:19:24,075 - INFO - Attempting to connect to MySQL database: ielts_payment
2024-10-06 15:19:24,079 - INFO - Attempting to connect to MySQL database: ielts_database
2024-10-06 15:19:24,084 - INFO - Checking plan status for user ID: 6
2024-10-06 15:19:24,085 - INFO - Plan status is active for user ID: 6
2024-10-06 15:19:24,086 - ERROR - Error closing database connections: cannot access local variable 'ielts_cursor' where it is not associated with a value
2024-10-06 15:20:14,260 - INFO - Attempting to connect to MySQL database: ielts_payment
2024-10-06 15:20:14,264 - INFO - Attempting to connect to MySQL database: ielts_database
2024-10-06 15:20:14,267 - INFO - Checking plan status for user ID: 6
2024-10-06 15:20:14,269 - INFO - Plan status is active for user ID: 6
2024-10-06 15:20:14,270 - ERROR - Error closing database connections: cannot access local variable 'ielts_cursor' where it is not associated with a value
2024-10-06 15:20:14,329 - INFO - Attempting to connect to MySQL database: ielts_payment
2024-10-06 15:20:14,332 - INFO - Attempting to connect to MySQL database: ielts_database
2024-10-06 15:20:14,334 - INFO - Checking plan status for user ID: 6
2024-10-06 15:20:14,337 - INFO - Plan status is active for user ID: 6
2024-10-06 15:20:14,338 - ERROR - Error closing database connections: cannot access local variable 'ielts_cursor' where it is not associated with a value
2024-10-06 15:22:25,443 - INFO - Attempting to connect to MySQL database: ielts_payment
2024-10-06 15:22:25,446 - INFO - Attempting to connect to MySQL database: ielts_database
2024-10-06 15:22:25,449 - INFO - Checking plan status for user ID: 6
2024-10-06 15:22:25,452 - INFO - Plan status is active for user ID: 6
2024-10-06 15:22:25,453 - ERROR - Error closing database connections: cannot access local variable 'ielts_cursor' where it is not associated with a value
2024-10-06 15:22:25,464 - INFO - Attempting to connect to MySQL database: ielts_payment
2024-10-06 15:22:25,470 - INFO - Attempting to connect to MySQL database: ielts_database
2024-10-06 15:22:25,473 - INFO - Checking plan status for user ID: 6
2024-10-06 15:22:25,475 - INFO - Plan status is active for user ID: 6
2024-10-06 15:22:25,475 - ERROR - Error closing database connections: cannot access local variable 'ielts_cursor' where it is not associated with a value
2024-10-06 15:25:29,972 - INFO - Attempting to connect to MySQL database: ielts_payment
2024-10-06 15:25:29,977 - INFO - Attempting to connect to MySQL database: ielts_database
2024-10-06 15:25:29,980 - INFO - Checking plan status for user ID: 6
2024-10-06 15:25:29,981 - INFO - Plan status is active for user ID: 6
2024-10-06 15:25:29,983 - ERROR - Error closing database connections: cannot access local variable 'ielts_cursor' where it is not associated with a value
2024-10-06 15:25:30,005 - INFO - Attempting to connect to MySQL database: ielts_payment
2024-10-06 15:25:30,007 - INFO - Attempting to connect to MySQL database: ielts_database
2024-10-06 15:25:30,012 - INFO - Checking plan status for user ID: 6
2024-10-06 15:25:30,014 - INFO - Plan status is active for user ID: 6
2024-10-06 15:25:30,014 - ERROR - Error closing database connections: cannot access local variable 'ielts_cursor' where it is not associated with a value
2024-10-06 16:04:32,086 - INFO - Starting payments service
2024-10-06 16:04:32,087 - INFO - Starting Eureka client registration
2024-10-06 16:04:32,102 - INFO - Eureka client started and service registered successfully.
2024-10-06 17:04:33,570 - INFO - Starting payments service
2024-10-06 17:04:33,571 - INFO - Starting Eureka client registration
2024-10-06 17:04:33,611 - INFO - Eureka client started and service registered successfully.
2024-10-06 17:30:27,119 - INFO - Starting payments service
2024-10-06 17:30:27,122 - INFO - Starting Eureka client registration
2024-10-06 17:30:27,153 - INFO - Eureka client started and service registered successfully.
2024-10-06 17:30:30,440 - INFO - Starting payments service
2024-10-06 17:30:30,442 - INFO - Starting Eureka client registration
2024-10-06 17:30:30,471 - INFO - Eureka client started and service registered successfully.
2024-10-06 17:30:33,751 - INFO - Starting payments service
2024-10-06 17:30:33,753 - INFO - Starting Eureka client registration
2024-10-06 17:30:33,779 - INFO - Eureka client started and service registered successfully.
2024-10-06 17:30:36,828 - INFO - Starting payments service
2024-10-06 17:30:36,830 - INFO - Starting Eureka client registration
2024-10-06 17:30:36,856 - INFO - Eureka client started and service registered successfully.
2024-10-06 17:30:41,965 - INFO - Starting payments service
2024-10-06 17:30:41,967 - INFO - Starting Eureka client registration
2024-10-06 17:30:41,988 - INFO - Eureka client started and service registered successfully.
2024-10-06 18:10:21,178 - INFO - Starting payments service
2024-10-06 18:10:21,179 - INFO - Starting Eureka client registration
2024-10-06 18:10:21,198 - INFO - Eureka client started and service registered successfully.
2024-10-06 18:11:00,969 - INFO - Starting payments service
2024-10-06 18:11:00,970 - INFO - Starting Eureka client registration
2024-10-06 18:11:00,986 - INFO - Eureka client started and service registered successfully.
2024-10-06 18:11:02,073 - INFO - Starting payments service
2024-10-06 18:11:02,074 - INFO - Starting Eureka client registration
2024-10-06 18:11:02,090 - INFO - Eureka client started and service registered successfully.
2024-10-06 18:14:43,059 - INFO - Starting payments service
2024-10-06 18:14:43,060 - INFO - Starting Eureka client registration
2024-10-06 18:14:43,073 - INFO - Eureka client started and service registered successfully.
2024-10-06 18:14:44,116 - INFO - Starting payments service
2024-10-06 18:14:44,117 - INFO - Starting Eureka client registration
2024-10-06 18:14:44,130 - INFO - Eureka client started and service registered successfully.
2024-10-06 18:19:08,178 - INFO - Starting payments service
2024-10-06 18:19:08,180 - INFO - Starting Eureka client registration
2024-10-06 18:19:08,205 - INFO - Eureka client started and service registered successfully.
2024-10-06 18:21:40,864 - INFO - Attempting to connect to MySQL database: ielts_payment
2024-10-06 18:21:40,870 - INFO - Attempting to connect to MySQL database: ielts_database
2024-10-06 18:21:40,875 - INFO - Checking plan status for user ID: 6
2024-10-06 18:21:40,879 - INFO - Plan status is active for user ID: 6
2024-10-06 18:21:40,880 - ERROR - Error closing database connections: cannot access local variable 'ielts_cursor' where it is not associated with a value
2024-10-06 18:21:40,898 - INFO - Attempting to connect to MySQL database: ielts_payment
2024-10-06 18:21:40,900 - INFO - Attempting to connect to MySQL database: ielts_database
2024-10-06 18:21:40,903 - INFO - Checking plan status for user ID: 6
2024-10-06 18:21:40,904 - INFO - Plan status is active for user ID: 6
2024-10-06 18:21:40,905 - ERROR - Error closing database connections: cannot access local variable 'ielts_cursor' where it is not associated with a value
2024-10-06 19:14:45,198 - INFO - Starting payments service
2024-10-06 19:14:45,199 - INFO - Starting Eureka client registration
2024-10-06 19:14:45,215 - INFO - Eureka client started and service registered successfully.
2024-10-06 19:15:41,794 - INFO - Attempting to connect to MySQL database: ielts_payment
2024-10-06 19:15:41,803 - INFO - Attempting to connect to MySQL database: ielts_database
2024-10-06 19:15:41,806 - INFO - Checking plan status for user ID: 6
2024-10-06 19:15:41,808 - INFO - Plan status is active for user ID: 6
2024-10-06 19:15:41,809 - ERROR - Error closing database connections: cannot access local variable 'ielts_cursor' where it is not associated with a value
2024-10-06 19:31:38,076 - INFO - Starting payments service
2024-10-06 19:31:38,077 - INFO - Starting Eureka client registration
2024-10-06 19:31:38,090 - INFO - Eureka client started and service registered successfully.
2024-10-06 19:31:39,198 - INFO - Starting payments service
2024-10-06 19:31:39,200 - INFO - Starting Eureka client registration
2024-10-06 19:31:39,217 - INFO - Eureka client started and service registered successfully.
2024-10-06 19:34:03,660 - INFO - Starting payments service
2024-10-06 19:34:03,661 - INFO - Starting Eureka client registration
2024-10-06 19:34:03,677 - INFO - Eureka client started and service registered successfully.
2024-10-06 19:51:05,917 - INFO - Starting payments service
2024-10-06 19:51:05,918 - INFO - Starting Eureka client registration
2024-10-06 19:51:06,252 - INFO - Eureka client started and service registered successfully.
2024-10-06 19:51:07,307 - INFO - Starting payments service
2024-10-06 19:51:07,308 - INFO - Starting Eureka client registration
2024-10-06 19:51:07,638 - INFO - Eureka client started and service registered successfully.
2024-10-06 19:52:18,194 - INFO - Starting payments service
2024-10-06 19:52:18,196 - INFO - Starting Eureka client registration
2024-10-06 19:52:18,549 - INFO - Eureka client started and service registered successfully.
2024-10-06 19:52:47,638 - INFO - Attempting to connect to MySQL database: ielts_payment
2024-10-06 19:52:47,646 - INFO - Attempting to connect to MySQL database: ielts_database
2024-10-06 19:52:47,651 - INFO - Checking plan status for user ID: 46
2024-10-06 19:52:47,654 - ERROR - Error closing database connections: cannot access local variable 'ielts_cursor' where it is not associated with a value
2024-10-06 19:52:47,665 - DEBUG - Received request to create order
2024-10-06 19:52:48,589 - INFO - Order created successfully with ID: order_P5mduejwfu63J9
2024-10-06 19:53:12,614 - DEBUG - Received payment success notification
2024-10-06 19:53:12,615 - INFO - Attempting to connect to MySQL database: ielts_payment
2024-10-06 19:53:12,620 - INFO - Payment details stored in ielts_payment database for user ID: 46
2024-10-06 19:53:12,622 - INFO - Attempting to connect to MySQL database: ielts_database
2024-10-06 19:53:12,625 - INFO - User email retrieved: testuser4@gmail.com
2024-10-06 19:53:16,410 - INFO - Thank you email sent to: testuser4@gmail.com
2024-10-06 19:53:16,414 - INFO - User details updated in ielts_database for user ID: 46
2024-10-06 19:54:09,385 - INFO - Starting payments service
2024-10-06 19:54:09,387 - INFO - Starting Eureka client registration
2024-10-06 19:54:18,049 - INFO - Eureka client started and service registered successfully.
2024-10-07 10:44:35,275 - INFO - Starting payments service
2024-10-07 10:44:35,277 - INFO - Starting Eureka client registration
2024-10-07 10:44:35,627 - INFO - Eureka client started and service registered successfully.
2024-10-07 10:44:36,769 - INFO - Starting payments service
2024-10-07 10:44:36,770 - INFO - Starting Eureka client registration
2024-10-07 10:44:37,112 - INFO - Eureka client started and service registered successfully.
2024-10-07 10:47:55,996 - INFO - Starting payments service
2024-10-07 10:47:55,997 - INFO - Starting Eureka client registration
2024-10-07 10:47:56,375 - INFO - Eureka client started and service registered successfully.
2024-10-07 10:50:11,336 - INFO - Attempting to connect to MySQL database: ielts_payment
2024-10-07 10:50:11,343 - INFO - Attempting to connect to MySQL database: ielts_database
2024-10-07 10:50:11,346 - INFO - Checking plan status for user ID: 46
2024-10-07 10:50:11,349 - INFO - Plan has expired for user ID: 46
2024-10-07 10:50:11,371 - INFO - Attempting to connect to MySQL database: ielts_payment
2024-10-07 10:50:11,379 - INFO - Attempting to connect to MySQL database: ielts_database
2024-10-07 10:50:11,382 - INFO - Checking plan status for user ID: 46
2024-10-07 10:50:11,384 - INFO - Plan has expired for user ID: 46
2024-10-07 10:53:25,359 - INFO - Starting payments service
2024-10-07 10:53:25,361 - INFO - Starting Eureka client registration
2024-10-07 10:53:25,794 - INFO - Eureka client started and service registered successfully.
2024-10-07 11:07:16,628 - INFO - Starting payments service
2024-10-07 11:07:16,630 - INFO - Starting Eureka client registration
2024-10-07 11:07:17,027 - INFO - Eureka client started and service registered successfully.
2024-10-07 11:18:52,621 - INFO - Starting payments service
2024-10-07 11:18:52,623 - INFO - Starting Eureka client registration
2024-10-07 11:18:53,270 - INFO - Eureka client started and service registered successfully.
2024-10-07 11:44:37,102 - INFO - Starting payments service
2024-10-07 11:44:37,103 - INFO - Starting Eureka client registration
2024-10-07 11:44:37,481 - INFO - Eureka client started and service registered successfully.
2024-10-07 12:44:39,513 - INFO - Starting payments service
2024-10-07 12:44:39,515 - INFO - Starting Eureka client registration
2024-10-07 12:44:40,055 - INFO - Eureka client started and service registered successfully.
2024-10-07 12:44:51,340 - INFO - Starting payments service
2024-10-07 12:44:51,343 - INFO - Starting Eureka client registration
2024-10-07 12:44:51,921 - INFO - Eureka client started and service registered successfully.
2024-10-07 13:01:45,726 - INFO - Attempting to connect to MySQL database: ielts_payment
2024-10-07 13:01:45,733 - INFO - Attempting to connect to MySQL database: ielts_database
2024-10-07 13:01:45,736 - INFO - Checking plan status for user ID: 6
2024-10-07 13:01:45,741 - INFO - Plan status is active for user ID: 6
2024-10-07 13:01:45,743 - ERROR - Error closing database connections: cannot access local variable 'ielts_cursor' where it is not associated with a value
2024-10-07 13:01:45,758 - INFO - Attempting to connect to MySQL database: ielts_payment
2024-10-07 13:01:45,761 - INFO - Attempting to connect to MySQL database: ielts_database
2024-10-07 13:01:45,764 - INFO - Checking plan status for user ID: 6
2024-10-07 13:01:45,767 - INFO - Plan status is active for user ID: 6
2024-10-07 13:01:45,768 - ERROR - Error closing database connections: cannot access local variable 'ielts_cursor' where it is not associated with a value
2024-10-07 13:35:14,781 - INFO - Starting payments service
2024-10-07 13:35:14,783 - INFO - Starting Eureka client registration
2024-10-07 13:35:15,158 - INFO - Eureka client started and service registered successfully.
2024-10-07 14:35:17,256 - INFO - Starting payments service
2024-10-07 14:35:17,257 - INFO - Starting Eureka client registration
2024-10-07 14:35:17,647 - INFO - Eureka client started and service registered successfully.
2024-10-07 14:51:05,474 - INFO - Starting payments service
2024-10-07 14:51:05,475 - INFO - Starting Eureka client registration
2024-10-07 14:51:05,915 - INFO - Eureka client started and service registered successfully.
2024-10-07 14:52:33,641 - INFO - Starting payments service
2024-10-07 14:52:33,642 - INFO - Starting Eureka client registration
2024-10-07 14:52:34,043 - INFO - Eureka client started and service registered successfully.
2024-10-07 14:53:42,526 - INFO - Starting payments service
2024-10-07 14:53:42,527 - INFO - Starting Eureka client registration
2024-10-07 14:53:42,871 - INFO - Eureka client started and service registered successfully.
2024-10-07 15:53:44,277 - INFO - Starting payments service
2024-10-07 15:53:44,278 - INFO - Starting Eureka client registration
2024-10-07 15:53:44,682 - INFO - Eureka client started and service registered successfully.
2024-10-07 15:53:58,452 - INFO - Starting payments service
2024-10-07 15:53:58,454 - INFO - Starting Eureka client registration
2024-10-07 15:53:58,821 - INFO - Eureka client started and service registered successfully.
2024-10-07 16:34:44,740 - INFO - Attempting to connect to MySQL database: ielts_payment
2024-10-07 16:34:44,752 - INFO - Attempting to connect to MySQL database: ielts_database
2024-10-07 16:34:44,754 - INFO - Checking plan status for user ID: 6
2024-10-07 16:34:44,765 - INFO - Plan status is active for user ID: 6
2024-10-07 16:34:44,767 - ERROR - Error closing database connections: cannot access local variable 'ielts_cursor' where it is not associated with a value
2024-10-07 16:34:44,775 - INFO - Attempting to connect to MySQL database: ielts_payment
2024-10-07 16:34:44,777 - INFO - Attempting to connect to MySQL database: ielts_database
2024-10-07 16:34:44,779 - INFO - Checking plan status for user ID: 6
2024-10-07 16:34:44,780 - INFO - Plan status is active for user ID: 6
2024-10-07 16:34:44,781 - ERROR - Error closing database connections: cannot access local variable 'ielts_cursor' where it is not associated with a value
2024-10-07 16:52:09,506 - INFO - Starting payments service
2024-10-07 16:52:09,507 - INFO - Starting Eureka client registration
2024-10-07 16:52:09,919 - INFO - Eureka client started and service registered successfully.
2024-10-07 17:03:11,383 - INFO - Starting payments service
2024-10-07 17:03:11,386 - INFO - Starting Eureka client registration
2024-10-07 17:03:12,196 - INFO - Eureka client started and service registered successfully.
2024-10-07 17:03:19,125 - INFO - Starting payments service
2024-10-07 17:03:19,127 - INFO - Starting Eureka client registration
2024-10-07 17:03:19,627 - INFO - Eureka client started and service registered successfully.
2024-10-07 17:21:29,624 - INFO - Attempting to connect to MySQL database: ielts_payment
2024-10-07 17:21:29,635 - INFO - Attempting to connect to MySQL database: ielts_database
2024-10-07 17:21:29,639 - INFO - Checking plan status for user ID: 6
2024-10-07 17:21:29,641 - INFO - Plan status is active for user ID: 6
2024-10-07 17:21:29,642 - ERROR - Error closing database connections: cannot access local variable 'ielts_cursor' where it is not associated with a value
2024-10-07 17:21:29,660 - INFO - Attempting to connect to MySQL database: ielts_payment
2024-10-07 17:21:29,664 - INFO - Attempting to connect to MySQL database: ielts_database
2024-10-07 17:21:29,671 - INFO - Checking plan status for user ID: 6
2024-10-07 17:21:29,673 - INFO - Plan status is active for user ID: 6
2024-10-07 17:21:29,675 - ERROR - Error closing database connections: cannot access local variable 'ielts_cursor' where it is not associated with a value
2024-10-07 18:03:21,111 - INFO - Starting payments service
2024-10-07 18:03:21,113 - INFO - Starting Eureka client registration
2024-10-07 18:03:21,563 - INFO - Eureka client started and service registered successfully.
2024-10-07 18:03:27,143 - INFO - Starting payments service
2024-10-07 18:03:27,145 - INFO - Starting Eureka client registration
2024-10-07 18:03:27,551 - INFO - Eureka client started and service registered successfully.
2024-10-07 18:50:40,220 - INFO - Starting payments service
2024-10-07 18:50:40,222 - INFO - Starting Eureka client registration
2024-10-07 18:50:40,671 - INFO - Eureka client started and service registered successfully.
2024-10-07 21:41:19,047 - INFO - Attempting to connect to MySQL database: ielts_payment
2024-10-07 21:41:19,074 - INFO - Attempting to connect to MySQL database: ielts_database
2024-10-07 21:41:19,082 - INFO - Checking plan status for user ID: 6
2024-10-07 21:41:19,084 - INFO - Plan status is active for user ID: 6
2024-10-07 21:41:19,087 - ERROR - Error closing database connections: cannot access local variable 'ielts_cursor' where it is not associated with a value
2024-10-07 21:41:19,102 - INFO - Attempting to connect to MySQL database: ielts_payment
2024-10-07 21:41:19,104 - INFO - Attempting to connect to MySQL database: ielts_database
2024-10-07 21:41:19,108 - INFO - Checking plan status for user ID: 6
2024-10-07 21:41:19,109 - INFO - Plan status is active for user ID: 6
2024-10-07 21:41:19,111 - ERROR - Error closing database connections: cannot access local variable 'ielts_cursor' where it is not associated with a value
2024-10-07 22:13:38,882 - INFO - Starting payments service
2024-10-07 22:13:38,884 - INFO - Starting Eureka client registration
2024-10-07 22:13:39,567 - INFO - Eureka client started and service registered successfully.
2024-10-07 22:13:39,646 - INFO - Attempting to connect to MySQL database: ielts_payment
2024-10-07 22:13:39,660 - INFO - Attempting to connect to MySQL database: ielts_database
2024-10-07 22:13:39,664 - INFO - Checking plan status for user ID: 6
2024-10-07 22:13:39,668 - INFO - Plan status is active for user ID: 6
2024-10-07 22:13:39,669 - ERROR - Error closing database connections: cannot access local variable 'ielts_cursor' where it is not associated with a value
2024-10-07 22:15:08,349 - INFO - Attempting to connect to MySQL database: ielts_payment
2024-10-07 22:15:08,353 - INFO - Attempting to connect to MySQL database: ielts_database
2024-10-07 22:15:08,356 - INFO - Checking plan status for user ID: 6
2024-10-07 22:15:08,359 - INFO - Plan status is active for user ID: 6
2024-10-07 22:15:08,360 - ERROR - Error closing database connections: cannot access local variable 'ielts_cursor' where it is not associated with a value
2024-10-07 22:15:15,203 - INFO - Attempting to connect to MySQL database: ielts_payment
2024-10-07 22:15:15,206 - INFO - Attempting to connect to MySQL database: ielts_database
2024-10-07 22:15:15,208 - INFO - Checking plan status for user ID: 6
2024-10-07 22:15:15,210 - INFO - Plan status is active for user ID: 6
2024-10-07 22:15:15,211 - ERROR - Error closing database connections: cannot access local variable 'ielts_cursor' where it is not associated with a value
2024-10-07 22:15:15,224 - INFO - Attempting to connect to MySQL database: ielts_payment
2024-10-07 22:15:15,227 - INFO - Attempting to connect to MySQL database: ielts_database
2024-10-07 22:15:15,230 - INFO - Checking plan status for user ID: 6
2024-10-07 22:15:15,232 - INFO - Plan status is active for user ID: 6
2024-10-07 22:15:15,236 - ERROR - Error closing database connections: cannot access local variable 'ielts_cursor' where it is not associated with a value
2024-10-07 22:52:28,548 - INFO - Starting payments service
2024-10-07 22:52:28,549 - INFO - Starting Eureka client registration
2024-10-07 22:52:29,245 - INFO - Eureka client started and service registered successfully.
2024-10-07 23:01:07,777 - INFO - Attempting to connect to MySQL database: ielts_payment
2024-10-07 23:01:07,802 - INFO - Attempting to connect to MySQL database: ielts_database
2024-10-07 23:01:07,805 - INFO - Checking plan status for user ID: 6
2024-10-07 23:01:07,813 - INFO - Plan status is active for user ID: 6
2024-10-07 23:01:07,814 - ERROR - Error closing database connections: cannot access local variable 'ielts_cursor' where it is not associated with a value
2024-10-07 23:01:07,834 - INFO - Attempting to connect to MySQL database: ielts_payment
2024-10-07 23:01:07,839 - INFO - Attempting to connect to MySQL database: ielts_database
2024-10-07 23:01:07,843 - INFO - Checking plan status for user ID: 6
2024-10-07 23:01:07,845 - INFO - Plan status is active for user ID: 6
2024-10-07 23:01:07,848 - ERROR - Error closing database connections: cannot access local variable 'ielts_cursor' where it is not associated with a value
2024-10-07 23:05:40,393 - INFO - Starting payments service
2024-10-07 23:05:40,401 - INFO - Starting Eureka client registration
2024-10-07 23:05:42,215 - INFO - Eureka client started and service registered successfully.
2024-10-07 23:17:23,657 - INFO - Starting payments service
2024-10-07 23:17:23,658 - INFO - Starting Eureka client registration
2024-10-07 23:17:24,138 - INFO - Eureka client started and service registered successfully.
2024-10-07 23:17:27,244 - INFO - Starting payments service
2024-10-07 23:17:27,246 - INFO - Starting Eureka client registration
2024-10-07 23:17:27,742 - INFO - Eureka client started and service registered successfully.
2024-10-07 23:18:30,173 - INFO - Attempting to connect to MySQL database: ielts_payment
2024-10-07 23:18:30,186 - INFO - Attempting to connect to MySQL database: ielts_database
2024-10-07 23:18:30,190 - INFO - Checking plan status for user ID: 6
2024-10-07 23:18:30,192 - INFO - Plan status is active for user ID: 6
2024-10-07 23:18:30,193 - ERROR - Error closing database connections: cannot access local variable 'ielts_cursor' where it is not associated with a value
2024-10-07 23:18:30,204 - INFO - Attempting to connect to MySQL database: ielts_payment
2024-10-07 23:18:30,206 - INFO - Attempting to connect to MySQL database: ielts_database
2024-10-07 23:18:30,236 - INFO - Checking plan status for user ID: 6
2024-10-07 23:18:30,237 - INFO - Plan status is active for user ID: 6
2024-10-07 23:18:30,238 - ERROR - Error closing database connections: cannot access local variable 'ielts_cursor' where it is not associated with a value
2024-10-07 23:20:23,427 - INFO - Attempting to connect to MySQL database: ielts_payment
2024-10-07 23:20:23,429 - INFO - Attempting to connect to MySQL database: ielts_database
2024-10-07 23:20:23,431 - INFO - Checking plan status for user ID: 6
2024-10-07 23:20:23,433 - INFO - Plan status is active for user ID: 6
2024-10-07 23:20:23,434 - ERROR - Error closing database connections: cannot access local variable 'ielts_cursor' where it is not associated with a value
2024-10-07 23:20:23,459 - INFO - Attempting to connect to MySQL database: ielts_payment
2024-10-07 23:20:23,470 - INFO - Attempting to connect to MySQL database: ielts_database
2024-10-07 23:20:23,480 - INFO - Checking plan status for user ID: 6
2024-10-07 23:20:23,481 - INFO - Plan status is active for user ID: 6
2024-10-07 23:20:23,482 - ERROR - Error closing database connections: cannot access local variable 'ielts_cursor' where it is not associated with a value
2024-10-07 23:22:09,279 - INFO - Attempting to connect to MySQL database: ielts_payment
2024-10-07 23:22:09,283 - INFO - Attempting to connect to MySQL database: ielts_database
2024-10-07 23:22:09,285 - INFO - Checking plan status for user ID: 6
2024-10-07 23:22:09,287 - INFO - Plan status is active for user ID: 6
2024-10-07 23:22:09,288 - ERROR - Error closing database connections: cannot access local variable 'ielts_cursor' where it is not associated with a value
2024-10-07 23:41:16,319 - INFO - Attempting to connect to MySQL database: ielts_payment
2024-10-07 23:41:16,322 - INFO - Attempting to connect to MySQL database: ielts_database
2024-10-07 23:41:16,324 - INFO - Checking plan status for user ID: 6
2024-10-07 23:41:16,326 - INFO - Plan status is active for user ID: 6
2024-10-07 23:41:16,327 - ERROR - Error closing database connections: cannot access local variable 'ielts_cursor' where it is not associated with a value
2024-10-07 23:41:16,342 - INFO - Attempting to connect to MySQL database: ielts_payment
2024-10-07 23:41:16,345 - INFO - Attempting to connect to MySQL database: ielts_database
2024-10-07 23:41:16,347 - INFO - Checking plan status for user ID: 6
2024-10-07 23:41:16,349 - INFO - Plan status is active for user ID: 6
2024-10-07 23:41:16,350 - ERROR - Error closing database connections: cannot access local variable 'ielts_cursor' where it is not associated with a value
2024-10-07 23:41:17,341 - INFO - Attempting to connect to MySQL database: ielts_payment
2024-10-07 23:41:17,343 - INFO - Attempting to connect to MySQL database: ielts_database
2024-10-07 23:41:17,346 - INFO - Checking plan status for user ID: 6
2024-10-07 23:41:17,347 - INFO - Plan status is active for user ID: 6
2024-10-07 23:41:17,347 - ERROR - Error closing database connections: cannot access local variable 'ielts_cursor' where it is not associated with a value
2024-10-07 23:41:19,344 - INFO - Attempting to connect to MySQL database: ielts_payment
2024-10-07 23:41:19,346 - INFO - Attempting to connect to MySQL database: ielts_database
2024-10-07 23:41:19,348 - INFO - Checking plan status for user ID: 6
2024-10-07 23:41:19,349 - INFO - Plan status is active for user ID: 6
2024-10-07 23:41:19,351 - ERROR - Error closing database connections: cannot access local variable 'ielts_cursor' where it is not associated with a value
2024-10-07 23:57:50,341 - INFO - Attempting to connect to MySQL database: ielts_payment
2024-10-07 23:57:50,343 - INFO - Attempting to connect to MySQL database: ielts_database
2024-10-07 23:57:50,346 - INFO - Checking plan status for user ID: 6
2024-10-07 23:57:50,349 - INFO - Plan status is active for user ID: 6
2024-10-07 23:57:50,349 - ERROR - Error closing database connections: cannot access local variable 'ielts_cursor' where it is not associated with a value
2024-10-07 23:58:00,350 - INFO - Attempting to connect to MySQL database: ielts_payment
2024-10-07 23:58:00,353 - INFO - Attempting to connect to MySQL database: ielts_database
2024-10-07 23:58:00,355 - INFO - Checking plan status for user ID: 6
2024-10-07 23:58:00,357 - INFO - Plan status is active for user ID: 6
2024-10-07 23:58:00,358 - ERROR - Error closing database connections: cannot access local variable 'ielts_cursor' where it is not associated with a value
2024-10-07 23:58:01,355 - INFO - Attempting to connect to MySQL database: ielts_payment
2024-10-07 23:58:01,358 - INFO - Attempting to connect to MySQL database: ielts_database
2024-10-07 23:58:01,360 - INFO - Checking plan status for user ID: 6
2024-10-07 23:58:01,361 - INFO - Plan status is active for user ID: 6
2024-10-07 23:58:01,362 - ERROR - Error closing database connections: cannot access local variable 'ielts_cursor' where it is not associated with a value
2024-10-07 23:58:26,010 - INFO - Starting payments service
2024-10-07 23:58:26,013 - INFO - Starting Eureka client registration
2024-10-07 23:58:26,567 - INFO - Eureka client started and service registered successfully.
2024-10-07 23:58:58,338 - INFO - Attempting to connect to MySQL database: ielts_payment
2024-10-07 23:58:58,345 - INFO - Attempting to connect to MySQL database: ielts_database
2024-10-07 23:58:58,348 - INFO - Checking plan status for user ID: 6
2024-10-07 23:58:58,350 - INFO - Plan status is active for user ID: 6
2024-10-07 23:58:58,350 - ERROR - Error closing database connections: cannot access local variable 'ielts_cursor' where it is not associated with a value
2024-10-07 23:59:29,269 - INFO - Attempting to connect to MySQL database: ielts_payment
2024-10-07 23:59:29,271 - INFO - Attempting to connect to MySQL database: ielts_database
2024-10-07 23:59:29,273 - INFO - Checking plan status for user ID: 6
2024-10-07 23:59:29,275 - INFO - Plan status is active for user ID: 6
2024-10-07 23:59:29,276 - ERROR - Error closing database connections: cannot access local variable 'ielts_cursor' where it is not associated with a value
2024-10-07 23:59:29,288 - INFO - Attempting to connect to MySQL database: ielts_payment
2024-10-07 23:59:29,291 - INFO - Attempting to connect to MySQL database: ielts_database
2024-10-07 23:59:29,293 - INFO - Checking plan status for user ID: 6
2024-10-07 23:59:29,294 - INFO - Plan status is active for user ID: 6
2024-10-07 23:59:29,295 - ERROR - Error closing database connections: cannot access local variable 'ielts_cursor' where it is not associated with a value
2024-10-07 23:59:31,992 - INFO - Attempting to connect to MySQL database: ielts_payment
2024-10-07 23:59:31,994 - INFO - Attempting to connect to MySQL database: ielts_database
2024-10-07 23:59:31,996 - INFO - Checking plan status for user ID: 6
2024-10-07 23:59:31,997 - INFO - Plan status is active for user ID: 6
2024-10-07 23:59:31,997 - ERROR - Error closing database connections: cannot access local variable 'ielts_cursor' where it is not associated with a value
2024-10-07 23:59:32,006 - INFO - Attempting to connect to MySQL database: ielts_payment
2024-10-07 23:59:32,009 - INFO - Attempting to connect to MySQL database: ielts_database
2024-10-07 23:59:32,010 - INFO - Checking plan status for user ID: 6
2024-10-07 23:59:32,011 - INFO - Plan status is active for user ID: 6
2024-10-07 23:59:32,012 - ERROR - Error closing database connections: cannot access local variable 'ielts_cursor' where it is not associated with a value
2024-10-08 00:18:33,315 - INFO - Attempting to connect to MySQL database: ielts_payment
2024-10-08 00:18:33,318 - INFO - Attempting to connect to MySQL database: ielts_database
2024-10-08 00:18:33,321 - INFO - Checking plan status for user ID: 6
2024-10-08 00:18:33,324 - INFO - Plan status is active for user ID: 6
2024-10-08 00:18:33,325 - ERROR - Error closing database connections: cannot access local variable 'ielts_cursor' where it is not associated with a value
2024-10-08 00:18:33,341 - INFO - Attempting to connect to MySQL database: ielts_payment
2024-10-08 00:18:33,343 - INFO - Attempting to connect to MySQL database: ielts_database
2024-10-08 00:18:33,348 - INFO - Checking plan status for user ID: 6
2024-10-08 00:18:33,350 - INFO - Plan status is active for user ID: 6
2024-10-08 00:18:33,352 - ERROR - Error closing database connections: cannot access local variable 'ielts_cursor' where it is not associated with a value
2024-10-08 00:19:14,727 - INFO - Starting payments service
2024-10-08 00:19:14,731 - INFO - Starting Eureka client registration
2024-10-08 00:19:15,418 - INFO - Eureka client started and service registered successfully.
2024-10-08 00:42:05,479 - INFO - Attempting to connect to MySQL database: ielts_payment
2024-10-08 00:42:05,490 - INFO - Attempting to connect to MySQL database: ielts_database
2024-10-08 00:42:05,494 - INFO - Checking plan status for user ID: 6
2024-10-08 00:42:05,495 - INFO - Plan status is active for user ID: 6
2024-10-08 00:42:05,496 - ERROR - Error closing database connections: cannot access local variable 'ielts_cursor' where it is not associated with a value
2024-10-08 00:42:05,506 - INFO - Attempting to connect to MySQL database: ielts_payment
2024-10-08 00:42:05,509 - INFO - Attempting to connect to MySQL database: ielts_database
2024-10-08 00:42:05,512 - INFO - Checking plan status for user ID: 6
2024-10-08 00:42:05,518 - INFO - Plan status is active for user ID: 6
2024-10-08 00:42:05,521 - ERROR - Error closing database connections: cannot access local variable 'ielts_cursor' where it is not associated with a value
2024-10-08 00:57:03,499 - INFO - Starting payments service
2024-10-08 00:57:03,501 - INFO - Starting Eureka client registration
2024-10-08 00:57:04,931 - INFO - Eureka client started and service registered successfully.
2024-10-08 01:14:57,260 - INFO - Attempting to connect to MySQL database: ielts_payment
2024-10-08 01:14:57,268 - INFO - Attempting to connect to MySQL database: ielts_database
2024-10-08 01:14:57,272 - INFO - Checking plan status for user ID: 6
2024-10-08 01:14:57,274 - INFO - Plan status is active for user ID: 6
2024-10-08 01:14:57,275 - ERROR - Error closing database connections: cannot access local variable 'ielts_cursor' where it is not associated with a value
2024-10-08 01:14:57,290 - INFO - Attempting to connect to MySQL database: ielts_payment
2024-10-08 01:14:57,297 - INFO - Attempting to connect to MySQL database: ielts_database
2024-10-08 01:14:57,301 - INFO - Checking plan status for user ID: 6
2024-10-08 01:14:57,303 - INFO - Plan status is active for user ID: 6
2024-10-08 01:14:57,305 - ERROR - Error closing database connections: cannot access local variable 'ielts_cursor' where it is not associated with a value
2024-10-08 01:14:59,314 - INFO - Attempting to connect to MySQL database: ielts_payment
2024-10-08 01:14:59,315 - INFO - Attempting to connect to MySQL database: ielts_database
2024-10-08 01:14:59,319 - INFO - Checking plan status for user ID: 6
2024-10-08 01:14:59,320 - INFO - Plan status is active for user ID: 6
2024-10-08 01:14:59,321 - ERROR - Error closing database connections: cannot access local variable 'ielts_cursor' where it is not associated with a value
2024-10-08 01:14:59,329 - INFO - Attempting to connect to MySQL database: ielts_payment
2024-10-08 01:14:59,332 - INFO - Attempting to connect to MySQL database: ielts_database
2024-10-08 01:14:59,334 - INFO - Checking plan status for user ID: 6
2024-10-08 01:14:59,335 - INFO - Plan status is active for user ID: 6
2024-10-08 01:14:59,336 - ERROR - Error closing database connections: cannot access local variable 'ielts_cursor' where it is not associated with a value
2024-10-08 01:15:15,002 - INFO - Attempting to connect to MySQL database: ielts_payment
2024-10-08 01:15:15,004 - INFO - Attempting to connect to MySQL database: ielts_database
2024-10-08 01:15:15,009 - INFO - Checking plan status for user ID: 6
2024-10-08 01:15:15,011 - INFO - Plan status is active for user ID: 6
2024-10-08 01:15:15,012 - ERROR - Error closing database connections: cannot access local variable 'ielts_cursor' where it is not associated with a value
2024-10-08 01:15:15,027 - INFO - Attempting to connect to MySQL database: ielts_payment
2024-10-08 01:15:15,030 - INFO - Attempting to connect to MySQL database: ielts_database
2024-10-08 01:15:15,032 - INFO - Checking plan status for user ID: 6
2024-10-08 01:15:15,033 - INFO - Plan status is active for user ID: 6
2024-10-08 01:15:15,034 - ERROR - Error closing database connections: cannot access local variable 'ielts_cursor' where it is not associated with a value
2024-10-08 01:24:49,309 - INFO - Attempting to connect to MySQL database: ielts_payment
2024-10-08 01:24:49,313 - INFO - Attempting to connect to MySQL database: ielts_database
2024-10-08 01:24:49,318 - INFO - Checking plan status for user ID: 6
2024-10-08 01:24:49,321 - INFO - Plan status is active for user ID: 6
2024-10-08 01:24:49,323 - ERROR - Error closing database connections: cannot access local variable 'ielts_cursor' where it is not associated with a value
2024-10-08 01:24:49,354 - INFO - Attempting to connect to MySQL database: ielts_payment
2024-10-08 01:24:49,367 - INFO - Attempting to connect to MySQL database: ielts_database
2024-10-08 01:24:49,372 - INFO - Checking plan status for user ID: 6
2024-10-08 01:24:49,373 - INFO - Plan status is active for user ID: 6
2024-10-08 01:24:49,375 - ERROR - Error closing database connections: cannot access local variable 'ielts_cursor' where it is not associated with a value
2024-10-08 01:25:05,310 - INFO - Attempting to connect to MySQL database: ielts_payment
2024-10-08 01:25:05,314 - INFO - Attempting to connect to MySQL database: ielts_database
2024-10-08 01:25:05,321 - INFO - Checking plan status for user ID: 6
2024-10-08 01:25:05,323 - INFO - Plan status is active for user ID: 6
2024-10-08 01:25:05,325 - ERROR - Error closing database connections: cannot access local variable 'ielts_cursor' where it is not associated with a value
2024-10-08 01:25:09,317 - INFO - Attempting to connect to MySQL database: ielts_payment
2024-10-08 01:25:09,321 - INFO - Attempting to connect to MySQL database: ielts_database
2024-10-08 01:25:09,326 - INFO - Checking plan status for user ID: 6
2024-10-08 01:25:09,328 - INFO - Plan status is active for user ID: 6
2024-10-08 01:25:09,330 - ERROR - Error closing database connections: cannot access local variable 'ielts_cursor' where it is not associated with a value
2024-10-08 01:25:14,307 - INFO - Attempting to connect to MySQL database: ielts_payment
2024-10-08 01:25:14,310 - INFO - Attempting to connect to MySQL database: ielts_database
2024-10-08 01:25:14,314 - INFO - Checking plan status for user ID: 6
2024-10-08 01:25:14,317 - INFO - Plan status is active for user ID: 6
2024-10-08 01:25:14,319 - ERROR - Error closing database connections: cannot access local variable 'ielts_cursor' where it is not associated with a value
2024-10-08 01:25:17,313 - INFO - Attempting to connect to MySQL database: ielts_payment
2024-10-08 01:25:17,318 - INFO - Attempting to connect to MySQL database: ielts_database
2024-10-08 01:25:17,322 - INFO - Checking plan status for user ID: 6
2024-10-08 01:25:17,324 - INFO - Plan status is active for user ID: 6
2024-10-08 01:25:17,326 - ERROR - Error closing database connections: cannot access local variable 'ielts_cursor' where it is not associated with a value
2024-10-08 01:26:05,976 - INFO - Starting payments service
2024-10-08 01:26:05,979 - INFO - Starting Eureka client registration
2024-10-08 01:26:06,860 - INFO - Eureka client started and service registered successfully.
2024-10-08 01:26:14,334 - INFO - Starting payments service
2024-10-08 01:26:14,336 - INFO - Starting Eureka client registration
2024-10-08 01:26:14,916 - INFO - Eureka client started and service registered successfully.
2024-10-08 01:26:37,852 - INFO - Attempting to connect to MySQL database: ielts_payment
2024-10-08 01:26:37,867 - INFO - Attempting to connect to MySQL database: ielts_database
2024-10-08 01:26:37,874 - INFO - Checking plan status for user ID: 6
2024-10-08 01:26:37,880 - INFO - Plan status is active for user ID: 6
2024-10-08 01:26:37,883 - ERROR - Error closing database connections: cannot access local variable 'ielts_cursor' where it is not associated with a value
2024-10-08 01:26:37,899 - INFO - Attempting to connect to MySQL database: ielts_payment
2024-10-08 01:26:37,907 - INFO - Attempting to connect to MySQL database: ielts_database
2024-10-08 01:26:37,913 - INFO - Checking plan status for user ID: 6
2024-10-08 01:26:37,915 - INFO - Plan status is active for user ID: 6
2024-10-08 01:26:37,918 - ERROR - Error closing database connections: cannot access local variable 'ielts_cursor' where it is not associated with a value
2024-10-08 01:35:57,323 - INFO - Attempting to connect to MySQL database: ielts_payment
2024-10-08 01:35:57,328 - INFO - Attempting to connect to MySQL database: ielts_database
2024-10-08 01:35:57,335 - INFO - Checking plan status for user ID: 6
2024-10-08 01:35:57,341 - INFO - Plan status is active for user ID: 6
2024-10-08 01:35:57,342 - ERROR - Error closing database connections: cannot access local variable 'ielts_cursor' where it is not associated with a value
2024-10-08 01:35:57,357 - INFO - Attempting to connect to MySQL database: ielts_payment
2024-10-08 01:35:57,361 - INFO - Attempting to connect to MySQL database: ielts_database
2024-10-08 01:35:57,366 - INFO - Checking plan status for user ID: 6
2024-10-08 01:35:57,368 - INFO - Plan status is active for user ID: 6
2024-10-08 01:35:57,372 - ERROR - Error closing database connections: cannot access local variable 'ielts_cursor' where it is not associated with a value
2024-10-08 01:35:58,402 - INFO - Attempting to connect to MySQL database: ielts_payment
2024-10-08 01:35:58,405 - INFO - Attempting to connect to MySQL database: ielts_database
2024-10-08 01:35:58,409 - INFO - Checking plan status for user ID: 6
2024-10-08 01:35:58,413 - INFO - Plan status is active for user ID: 6
2024-10-08 01:35:58,416 - ERROR - Error closing database connections: cannot access local variable 'ielts_cursor' where it is not associated with a value
2024-10-08 01:37:58,373 - INFO - Attempting to connect to MySQL database: ielts_payment
2024-10-08 01:37:58,376 - INFO - Attempting to connect to MySQL database: ielts_database
2024-10-08 01:37:58,380 - INFO - Checking plan status for user ID: 6
2024-10-08 01:37:58,382 - INFO - Plan status is active for user ID: 6
2024-10-08 01:37:58,383 - ERROR - Error closing database connections: cannot access local variable 'ielts_cursor' where it is not associated with a value
2024-10-08 01:40:10,643 - INFO - Attempting to connect to MySQL database: ielts_payment
2024-10-08 01:40:10,646 - INFO - Attempting to connect to MySQL database: ielts_database
2024-10-08 01:40:10,650 - INFO - Checking plan status for user ID: 6
2024-10-08 01:40:10,653 - INFO - Plan status is active for user ID: 6
2024-10-08 01:40:10,670 - ERROR - Error closing database connections: cannot access local variable 'ielts_cursor' where it is not associated with a value
2024-10-08 01:40:10,687 - INFO - Attempting to connect to MySQL database: ielts_payment
2024-10-08 01:40:10,690 - INFO - Attempting to connect to MySQL database: ielts_database
2024-10-08 01:40:10,697 - INFO - Checking plan status for user ID: 6
2024-10-08 01:40:10,700 - INFO - Plan status is active for user ID: 6
2024-10-08 01:40:10,702 - ERROR - Error closing database connections: cannot access local variable 'ielts_cursor' where it is not associated with a value
2024-10-08 01:40:20,568 - INFO - Attempting to connect to MySQL database: ielts_payment
2024-10-08 01:40:20,573 - INFO - Attempting to connect to MySQL database: ielts_database
2024-10-08 01:40:20,579 - INFO - Checking plan status for user ID: 6
2024-10-08 01:40:20,583 - INFO - Plan status is active for user ID: 6
2024-10-08 01:40:20,585 - ERROR - Error closing database connections: cannot access local variable 'ielts_cursor' where it is not associated with a value
2024-10-08 01:40:20,602 - INFO - Attempting to connect to MySQL database: ielts_payment
2024-10-08 01:40:20,606 - INFO - Attempting to connect to MySQL database: ielts_database
2024-10-08 01:40:20,612 - INFO - Checking plan status for user ID: 6
2024-10-08 01:40:20,614 - INFO - Plan status is active for user ID: 6
2024-10-08 01:40:20,615 - ERROR - Error closing database connections: cannot access local variable 'ielts_cursor' where it is not associated with a value
2024-10-08 01:41:15,307 - INFO - Starting payments service
2024-10-08 01:41:15,309 - INFO - Starting Eureka client registration
2024-10-08 01:41:16,225 - INFO - Eureka client started and service registered successfully.
2024-10-08 01:41:40,107 - INFO - Attempting to connect to MySQL database: ielts_payment
2024-10-08 01:41:40,121 - INFO - Attempting to connect to MySQL database: ielts_database
2024-10-08 01:41:40,125 - INFO - Checking plan status for user ID: 6
2024-10-08 01:41:40,129 - INFO - Plan status is active for user ID: 6
2024-10-08 01:41:40,131 - ERROR - Error closing database connections: cannot access local variable 'ielts_cursor' where it is not associated with a value
2024-10-08 01:41:40,154 - INFO - Attempting to connect to MySQL database: ielts_payment
2024-10-08 01:41:40,170 - INFO - Attempting to connect to MySQL database: ielts_database
2024-10-08 01:41:40,195 - INFO - Checking plan status for user ID: 6
2024-10-08 01:41:40,200 - INFO - Plan status is active for user ID: 6
2024-10-08 01:41:40,201 - ERROR - Error closing database connections: cannot access local variable 'ielts_cursor' where it is not associated with a value
2024-10-08 01:45:55,765 - INFO - Attempting to connect to MySQL database: ielts_payment
2024-10-08 01:45:55,770 - INFO - Attempting to connect to MySQL database: ielts_database
2024-10-08 01:45:55,780 - INFO - Checking plan status for user ID: 6
2024-10-08 01:45:55,883 - INFO - Plan status is active for user ID: 6
2024-10-08 01:45:55,885 - ERROR - Error closing database connections: cannot access local variable 'ielts_cursor' where it is not associated with a value
2024-10-08 01:45:55,896 - INFO - Attempting to connect to MySQL database: ielts_payment
2024-10-08 01:45:55,899 - INFO - Attempting to connect to MySQL database: ielts_database
2024-10-08 01:45:55,903 - INFO - Checking plan status for user ID: 6
2024-10-08 01:45:55,904 - INFO - Plan status is active for user ID: 6
2024-10-08 01:45:55,905 - ERROR - Error closing database connections: cannot access local variable 'ielts_cursor' where it is not associated with a value
2024-10-08 01:47:30,822 - INFO - Attempting to connect to MySQL database: ielts_payment
2024-10-08 01:47:30,826 - INFO - Attempting to connect to MySQL database: ielts_database
2024-10-08 01:47:30,836 - INFO - Checking plan status for user ID: 6
2024-10-08 01:47:30,840 - INFO - Plan status is active for user ID: 6
2024-10-08 01:47:30,843 - ERROR - Error closing database connections: cannot access local variable 'ielts_cursor' where it is not associated with a value
2024-10-08 01:47:30,854 - INFO - Attempting to connect to MySQL database: ielts_payment
2024-10-08 01:47:30,858 - INFO - Attempting to connect to MySQL database: ielts_database
2024-10-08 01:47:30,864 - INFO - Checking plan status for user ID: 6
2024-10-08 01:47:30,866 - INFO - Plan status is active for user ID: 6
2024-10-08 01:47:30,868 - ERROR - Error closing database connections: cannot access local variable 'ielts_cursor' where it is not associated with a value
2024-10-08 01:48:16,532 - INFO - Attempting to connect to MySQL database: ielts_payment
2024-10-08 01:48:16,535 - INFO - Attempting to connect to MySQL database: ielts_database
2024-10-08 01:48:16,539 - INFO - Checking plan status for user ID: 6
2024-10-08 01:48:16,541 - INFO - Plan status is active for user ID: 6
2024-10-08 01:48:16,545 - ERROR - Error closing database connections: cannot access local variable 'ielts_cursor' where it is not associated with a value
2024-10-08 01:48:16,564 - INFO - Attempting to connect to MySQL database: ielts_payment
2024-10-08 01:48:16,568 - INFO - Attempting to connect to MySQL database: ielts_database
2024-10-08 01:48:16,572 - INFO - Checking plan status for user ID: 6
2024-10-08 01:48:16,573 - INFO - Plan status is active for user ID: 6
2024-10-08 01:48:16,577 - ERROR - Error closing database connections: cannot access local variable 'ielts_cursor' where it is not associated with a value
2024-10-08 01:51:10,138 - INFO - Attempting to connect to MySQL database: ielts_payment
2024-10-08 01:51:10,141 - INFO - Attempting to connect to MySQL database: ielts_database
2024-10-08 01:51:10,145 - INFO - Checking plan status for user ID: 6
2024-10-08 01:51:10,148 - INFO - Plan status is active for user ID: 6
2024-10-08 01:51:10,151 - ERROR - Error closing database connections: cannot access local variable 'ielts_cursor' where it is not associated with a value
2024-10-08 01:51:10,177 - INFO - Attempting to connect to MySQL database: ielts_payment
2024-10-08 01:51:10,193 - INFO - Attempting to connect to MySQL database: ielts_database
2024-10-08 01:51:10,198 - INFO - Checking plan status for user ID: 6
2024-10-08 01:51:10,199 - INFO - Plan status is active for user ID: 6
2024-10-08 01:51:10,202 - ERROR - Error closing database connections: cannot access local variable 'ielts_cursor' where it is not associated with a value
2024-10-08 02:13:17,576 - INFO - Attempting to connect to MySQL database: ielts_payment
2024-10-08 02:13:17,579 - INFO - Attempting to connect to MySQL database: ielts_database
2024-10-08 02:13:17,586 - INFO - Checking plan status for user ID: 6
2024-10-08 02:13:17,589 - INFO - Plan status is active for user ID: 6
2024-10-08 02:13:17,595 - ERROR - Error closing database connections: cannot access local variable 'ielts_cursor' where it is not associated with a value
2024-10-08 02:13:17,626 - INFO - Attempting to connect to MySQL database: ielts_payment
2024-10-08 02:13:17,637 - INFO - Attempting to connect to MySQL database: ielts_database
2024-10-08 02:13:17,646 - INFO - Checking plan status for user ID: 6
2024-10-08 02:13:17,652 - INFO - Plan status is active for user ID: 6
2024-10-08 02:13:17,655 - ERROR - Error closing database connections: cannot access local variable 'ielts_cursor' where it is not associated with a value
2024-10-08 02:17:50,486 - INFO - Attempting to connect to MySQL database: ielts_payment
2024-10-08 02:17:50,490 - INFO - Attempting to connect to MySQL database: ielts_database
2024-10-08 02:17:50,495 - INFO - Checking plan status for user ID: 6
2024-10-08 02:17:50,498 - INFO - Plan status is active for user ID: 6
2024-10-08 02:17:50,500 - ERROR - Error closing database connections: cannot access local variable 'ielts_cursor' where it is not associated with a value
2024-10-08 02:17:50,525 - INFO - Attempting to connect to MySQL database: ielts_payment
2024-10-08 02:17:50,532 - INFO - Attempting to connect to MySQL database: ielts_database
2024-10-08 02:17:50,535 - INFO - Checking plan status for user ID: 6
2024-10-08 02:17:50,537 - INFO - Plan status is active for user ID: 6
2024-10-08 02:17:50,541 - ERROR - Error closing database connections: cannot access local variable 'ielts_cursor' where it is not associated with a value
2024-10-08 02:17:56,583 - INFO - Attempting to connect to MySQL database: ielts_payment
2024-10-08 02:17:56,588 - INFO - Attempting to connect to MySQL database: ielts_database
2024-10-08 02:17:56,595 - INFO - Checking plan status for user ID: 6
2024-10-08 02:17:56,597 - INFO - Plan status is active for user ID: 6
2024-10-08 02:17:56,598 - ERROR - Error closing database connections: cannot access local variable 'ielts_cursor' where it is not associated with a value
2024-10-08 02:17:56,621 - INFO - Attempting to connect to MySQL database: ielts_payment
2024-10-08 02:17:56,629 - INFO - Attempting to connect to MySQL database: ielts_database
2024-10-08 02:17:56,633 - INFO - Checking plan status for user ID: 6
2024-10-08 02:17:56,635 - INFO - Plan status is active for user ID: 6
2024-10-08 02:17:56,641 - ERROR - Error closing database connections: cannot access local variable 'ielts_cursor' where it is not associated with a value
2024-10-08 02:22:30,774 - INFO - Attempting to connect to MySQL database: ielts_payment
2024-10-08 02:22:30,779 - INFO - Attempting to connect to MySQL database: ielts_database
2024-10-08 02:22:30,789 - INFO - Checking plan status for user ID: 6
2024-10-08 02:22:30,791 - INFO - Plan status is active for user ID: 6
2024-10-08 02:22:30,793 - ERROR - Error closing database connections: cannot access local variable 'ielts_cursor' where it is not associated with a value
2024-10-08 02:22:30,849 - INFO - Attempting to connect to MySQL database: ielts_payment
2024-10-08 02:22:30,881 - INFO - Attempting to connect to MySQL database: ielts_database
2024-10-08 02:22:30,886 - INFO - Checking plan status for user ID: 6
2024-10-08 02:22:30,888 - INFO - Plan status is active for user ID: 6
2024-10-08 02:22:30,889 - ERROR - Error closing database connections: cannot access local variable 'ielts_cursor' where it is not associated with a value
2024-10-08 02:26:59,789 - INFO - Attempting to connect to MySQL database: ielts_payment
2024-10-08 02:26:59,791 - INFO - Attempting to connect to MySQL database: ielts_database
2024-10-08 02:26:59,794 - INFO - Checking plan status for user ID: 6
2024-10-08 02:26:59,796 - INFO - Plan status is active for user ID: 6
2024-10-08 02:26:59,798 - ERROR - Error closing database connections: cannot access local variable 'ielts_cursor' where it is not associated with a value
2024-10-08 02:26:59,811 - INFO - Attempting to connect to MySQL database: ielts_payment
2024-10-08 02:26:59,814 - INFO - Attempting to connect to MySQL database: ielts_database
2024-10-08 02:26:59,820 - INFO - Checking plan status for user ID: 6
2024-10-08 02:26:59,822 - INFO - Plan status is active for user ID: 6
2024-10-08 02:26:59,824 - ERROR - Error closing database connections: cannot access local variable 'ielts_cursor' where it is not associated with a value
2024-10-08 10:06:56,693 - INFO - Attempting to connect to MySQL database: ielts_payment
2024-10-08 10:06:56,697 - INFO - Attempting to connect to MySQL database: ielts_database
2024-10-08 10:06:56,701 - INFO - Checking plan status for user ID: 6
2024-10-08 10:06:56,703 - INFO - Plan status is active for user ID: 6
2024-10-08 10:06:56,704 - ERROR - Error closing database connections: cannot access local variable 'ielts_cursor' where it is not associated with a value
2024-10-08 10:06:56,763 - INFO - Attempting to connect to MySQL database: ielts_payment
2024-10-08 10:06:56,790 - INFO - Attempting to connect to MySQL database: ielts_database
2024-10-08 10:06:56,793 - INFO - Checking plan status for user ID: 6
2024-10-08 10:06:56,799 - INFO - Plan status is active for user ID: 6
2024-10-08 10:06:56,803 - ERROR - Error closing database connections: cannot access local variable 'ielts_cursor' where it is not associated with a value
2024-10-08 10:41:18,372 - INFO - Starting payments service
2024-10-08 10:41:18,374 - INFO - Starting Eureka client registration
2024-10-08 10:41:18,828 - INFO - Eureka client started and service registered successfully.
2024-10-08 10:41:25,027 - INFO - Starting payments service
2024-10-08 10:41:25,029 - INFO - Starting Eureka client registration
2024-10-08 10:41:25,783 - INFO - Eureka client started and service registered successfully.
2024-10-08 10:59:54,307 - INFO - Starting payments service
2024-10-08 10:59:54,308 - INFO - Starting Eureka client registration
2024-10-08 10:59:54,876 - INFO - Eureka client started and service registered successfully.
2024-10-08 11:00:07,238 - INFO - Starting payments service
2024-10-08 11:00:07,256 - INFO - Starting Eureka client registration
2024-10-08 11:00:08,101 - INFO - Eureka client started and service registered successfully.
2024-10-08 11:00:12,051 - INFO - Starting payments service
2024-10-08 11:00:12,053 - INFO - Starting Eureka client registration
2024-10-08 11:00:12,894 - INFO - Eureka client started and service registered successfully.
2024-10-08 11:00:25,385 - INFO - Starting payments service
2024-10-08 11:00:25,390 - INFO - Starting Eureka client registration
2024-10-08 11:00:26,001 - INFO - Eureka client started and service registered successfully.
2024-10-08 11:00:29,448 - INFO - Starting payments service
2024-10-08 11:00:29,452 - INFO - Starting Eureka client registration
2024-10-08 11:00:30,676 - INFO - Eureka client started and service registered successfully.
2024-10-08 11:00:36,993 - INFO - Starting payments service
2024-10-08 11:00:36,995 - INFO - Starting Eureka client registration
2024-10-08 11:00:37,946 - INFO - Eureka client started and service registered successfully.
2024-10-08 11:01:02,555 - INFO - Starting payments service
2024-10-08 11:01:02,557 - INFO - Starting Eureka client registration
2024-10-08 11:01:03,266 - INFO - Eureka client started and service registered successfully.
2024-10-08 11:03:12,710 - INFO - Attempting to connect to MySQL database: ielts_payment
2024-10-08 11:03:12,723 - INFO - Attempting to connect to MySQL database: ielts_database
2024-10-08 11:03:12,728 - INFO - Checking plan status for user ID: 6
2024-10-08 11:03:12,731 - INFO - Plan status is active for user ID: 6
2024-10-08 11:03:12,734 - ERROR - Error closing database connections: cannot access local variable 'ielts_cursor' where it is not associated with a value
2024-10-08 11:03:12,759 - INFO - Attempting to connect to MySQL database: ielts_payment
2024-10-08 11:03:12,765 - INFO - Attempting to connect to MySQL database: ielts_database
2024-10-08 11:03:12,771 - INFO - Checking plan status for user ID: 6
2024-10-08 11:03:12,775 - INFO - Plan status is active for user ID: 6
2024-10-08 11:03:12,777 - ERROR - Error closing database connections: cannot access local variable 'ielts_cursor' where it is not associated with a value
2024-10-08 11:04:59,088 - INFO - Attempting to connect to MySQL database: ielts_payment
2024-10-08 11:04:59,091 - INFO - Attempting to connect to MySQL database: ielts_database
2024-10-08 11:04:59,096 - INFO - Checking plan status for user ID: 6
2024-10-08 11:04:59,109 - INFO - Plan status is active for user ID: 6
2024-10-08 11:04:59,113 - ERROR - Error closing database connections: cannot access local variable 'ielts_cursor' where it is not associated with a value
2024-10-08 11:04:59,133 - INFO - Attempting to connect to MySQL database: ielts_payment
2024-10-08 11:04:59,137 - INFO - Attempting to connect to MySQL database: ielts_database
2024-10-08 11:04:59,142 - INFO - Checking plan status for user ID: 6
2024-10-08 11:04:59,146 - INFO - Plan status is active for user ID: 6
2024-10-08 11:04:59,148 - ERROR - Error closing database connections: cannot access local variable 'ielts_cursor' where it is not associated with a value
2024-10-08 11:11:45,077 - INFO - Attempting to connect to MySQL database: ielts_payment
2024-10-08 11:11:45,081 - INFO - Attempting to connect to MySQL database: ielts_database
2024-10-08 11:11:45,085 - INFO - Checking plan status for user ID: 6
2024-10-08 11:11:45,088 - INFO - Plan status is active for user ID: 6
2024-10-08 11:11:45,089 - ERROR - Error closing database connections: cannot access local variable 'ielts_cursor' where it is not associated with a value
2024-10-08 11:11:45,105 - INFO - Attempting to connect to MySQL database: ielts_payment
2024-10-08 11:11:45,109 - INFO - Attempting to connect to MySQL database: ielts_database
2024-10-08 11:11:45,113 - INFO - Checking plan status for user ID: 6
2024-10-08 11:11:45,115 - INFO - Plan status is active for user ID: 6
2024-10-08 11:11:45,118 - ERROR - Error closing database connections: cannot access local variable 'ielts_cursor' where it is not associated with a value
2024-10-08 12:00:22,587 - INFO - Starting payments service
2024-10-08 12:00:22,595 - INFO - Starting Eureka client registration
2024-10-08 12:00:24,298 - INFO - Eureka client started and service registered successfully.
2024-10-08 12:00:30,596 - INFO - Starting payments service
2024-10-08 12:00:30,619 - INFO - Starting Eureka client registration
2024-10-08 12:00:31,713 - INFO - Eureka client started and service registered successfully.
2024-10-08 12:02:42,925 - INFO - Starting payments service
2024-10-08 12:02:42,928 - INFO - Starting Eureka client registration
2024-10-08 12:02:43,810 - INFO - Eureka client started and service registered successfully.
2024-10-08 12:12:40,288 - INFO - Starting payments service
2024-10-08 12:12:40,290 - INFO - Starting Eureka client registration
2024-10-08 12:12:40,932 - INFO - Eureka client started and service registered successfully.
2024-10-08 12:13:26,882 - INFO - Attempting to connect to MySQL database: ielts_payment
2024-10-08 12:13:26,898 - INFO - Attempting to connect to MySQL database: ielts_database
2024-10-08 12:13:26,902 - INFO - Checking plan status for user ID: 6
2024-10-08 12:13:26,906 - INFO - Plan status is active for user ID: 6
2024-10-08 12:13:26,908 - ERROR - Error closing database connections: cannot access local variable 'ielts_cursor' where it is not associated with a value
2024-10-08 12:13:26,935 - INFO - Attempting to connect to MySQL database: ielts_payment
2024-10-08 12:13:26,939 - INFO - Attempting to connect to MySQL database: ielts_database
2024-10-08 12:13:26,942 - INFO - Checking plan status for user ID: 6
2024-10-08 12:13:26,946 - INFO - Plan status is active for user ID: 6
2024-10-08 12:13:26,948 - ERROR - Error closing database connections: cannot access local variable 'ielts_cursor' where it is not associated with a value
2024-10-08 12:29:30,493 - INFO - Starting payments service
2024-10-08 12:29:30,494 - INFO - Starting Eureka client registration
2024-10-08 12:29:30,821 - INFO - Eureka client started and service registered successfully.
2024-10-08 12:29:31,850 - INFO - Starting payments service
2024-10-08 12:29:31,851 - INFO - Starting Eureka client registration
2024-10-08 12:29:32,190 - INFO - Eureka client started and service registered successfully.
2024-10-08 12:36:09,102 - INFO - Starting payments service
2024-10-08 12:36:09,103 - INFO - Starting Eureka client registration
2024-10-08 12:36:09,499 - INFO - Eureka client started and service registered successfully.
2024-10-08 12:36:11,865 - INFO - Starting payments service
2024-10-08 12:36:11,868 - INFO - Starting Eureka client registration
2024-10-08 12:36:12,338 - INFO - Eureka client started and service registered successfully.
2024-10-08 12:36:14,764 - INFO - Starting payments service
2024-10-08 12:36:14,765 - INFO - Starting Eureka client registration
2024-10-08 12:36:15,165 - INFO - Eureka client started and service registered successfully.
2024-10-08 12:36:17,462 - INFO - Starting payments service
2024-10-08 12:36:17,463 - INFO - Starting Eureka client registration
2024-10-08 12:36:17,834 - INFO - Eureka client started and service registered successfully.
2024-10-08 12:36:21,171 - INFO - Starting payments service
2024-10-08 12:36:21,172 - INFO - Starting Eureka client registration
2024-10-08 12:36:21,505 - INFO - Eureka client started and service registered successfully.
2024-10-08 12:36:43,198 - INFO - Starting payments service
2024-10-08 12:36:43,199 - INFO - Starting Eureka client registration
2024-10-08 12:36:43,612 - INFO - Eureka client started and service registered successfully.
2024-10-08 12:37:19,770 - INFO - Attempting to connect to MySQL database: ielts_payment
2024-10-08 12:37:19,778 - INFO - Attempting to connect to MySQL database: ielts_database
2024-10-08 12:37:19,781 - INFO - Checking plan status for user ID: 6
2024-10-08 12:37:19,786 - INFO - Plan status is active for user ID: 6
2024-10-08 12:37:19,786 - ERROR - Error closing database connections: cannot access local variable 'ielts_cursor' where it is not associated with a value
2024-10-08 12:37:19,818 - INFO - Attempting to connect to MySQL database: ielts_payment
2024-10-08 12:37:19,820 - INFO - Attempting to connect to MySQL database: ielts_database
2024-10-08 12:37:19,822 - INFO - Checking plan status for user ID: 6
2024-10-08 12:37:19,824 - INFO - Plan status is active for user ID: 6
2024-10-08 12:37:19,825 - ERROR - Error closing database connections: cannot access local variable 'ielts_cursor' where it is not associated with a value
2024-10-08 12:42:56,299 - INFO - Attempting to connect to MySQL database: ielts_payment
2024-10-08 12:42:56,302 - INFO - Attempting to connect to MySQL database: ielts_database
2024-10-08 12:42:56,304 - INFO - Checking plan status for user ID: 6
2024-10-08 12:42:56,307 - INFO - Plan status is active for user ID: 6
2024-10-08 12:42:56,308 - ERROR - Error closing database connections: cannot access local variable 'ielts_cursor' where it is not associated with a value
2024-10-08 12:42:56,322 - INFO - Attempting to connect to MySQL database: ielts_payment
2024-10-08 12:42:56,324 - INFO - Attempting to connect to MySQL database: ielts_database
2024-10-08 12:42:56,327 - INFO - Checking plan status for user ID: 6
2024-10-08 12:42:56,329 - INFO - Plan status is active for user ID: 6
2024-10-08 12:42:56,330 - ERROR - Error closing database connections: cannot access local variable 'ielts_cursor' where it is not associated with a value
2024-10-08 12:47:51,514 - INFO - Attempting to connect to MySQL database: ielts_payment
2024-10-08 12:47:51,516 - INFO - Attempting to connect to MySQL database: ielts_database
2024-10-08 12:47:51,518 - INFO - Checking plan status for user ID: 6
2024-10-08 12:47:51,519 - INFO - Plan status is active for user ID: 6
2024-10-08 12:47:51,520 - ERROR - Error closing database connections: cannot access local variable 'ielts_cursor' where it is not associated with a value
2024-10-08 12:47:51,538 - INFO - Attempting to connect to MySQL database: ielts_payment
2024-10-08 12:47:51,543 - INFO - Attempting to connect to MySQL database: ielts_database
2024-10-08 12:47:51,547 - INFO - Checking plan status for user ID: 6
2024-10-08 12:47:51,549 - INFO - Plan status is active for user ID: 6
2024-10-08 12:47:51,550 - ERROR - Error closing database connections: cannot access local variable 'ielts_cursor' where it is not associated with a value
2024-10-08 12:53:39,803 - INFO - Attempting to connect to MySQL database: ielts_payment
2024-10-08 12:53:39,804 - INFO - Attempting to connect to MySQL database: ielts_database
2024-10-08 12:53:39,807 - INFO - Checking plan status for user ID: 6
2024-10-08 12:53:39,809 - INFO - Plan status is active for user ID: 6
2024-10-08 12:53:39,811 - ERROR - Error closing database connections: cannot access local variable 'ielts_cursor' where it is not associated with a value
2024-10-08 12:53:39,851 - INFO - Attempting to connect to MySQL database: ielts_payment
2024-10-08 12:53:39,853 - INFO - Attempting to connect to MySQL database: ielts_database
2024-10-08 12:53:39,857 - INFO - Checking plan status for user ID: 6
2024-10-08 12:53:39,859 - INFO - Plan status is active for user ID: 6
2024-10-08 12:53:39,861 - ERROR - Error closing database connections: cannot access local variable 'ielts_cursor' where it is not associated with a value
2024-10-08 12:55:24,864 - INFO - Attempting to connect to MySQL database: ielts_payment
2024-10-08 12:55:24,866 - INFO - Attempting to connect to MySQL database: ielts_database
2024-10-08 12:55:24,869 - INFO - Checking plan status for user ID: 6
2024-10-08 12:55:24,870 - INFO - Plan status is active for user ID: 6
2024-10-08 12:55:24,872 - ERROR - Error closing database connections: cannot access local variable 'ielts_cursor' where it is not associated with a value
2024-10-08 12:55:24,883 - INFO - Attempting to connect to MySQL database: ielts_payment
2024-10-08 12:55:24,887 - INFO - Attempting to connect to MySQL database: ielts_database
2024-10-08 12:55:24,890 - INFO - Checking plan status for user ID: 6
2024-10-08 12:55:24,892 - INFO - Plan status is active for user ID: 6
2024-10-08 12:55:24,893 - ERROR - Error closing database connections: cannot access local variable 'ielts_cursor' where it is not associated with a value
2024-10-08 12:57:38,853 - INFO - Attempting to connect to MySQL database: ielts_payment
2024-10-08 12:57:38,855 - INFO - Attempting to connect to MySQL database: ielts_database
2024-10-08 12:57:38,860 - INFO - Checking plan status for user ID: 6
2024-10-08 12:57:38,861 - INFO - Plan status is active for user ID: 6
2024-10-08 12:57:38,863 - ERROR - Error closing database connections: cannot access local variable 'ielts_cursor' where it is not associated with a value
2024-10-08 12:57:38,872 - INFO - Attempting to connect to MySQL database: ielts_payment
2024-10-08 12:57:38,875 - INFO - Attempting to connect to MySQL database: ielts_database
2024-10-08 12:57:38,879 - INFO - Checking plan status for user ID: 6
2024-10-08 12:57:38,880 - INFO - Plan status is active for user ID: 6
2024-10-08 12:57:38,882 - ERROR - Error closing database connections: cannot access local variable 'ielts_cursor' where it is not associated with a value
2024-10-08 13:01:31,958 - INFO - Starting payments service
2024-10-08 13:01:31,960 - INFO - Starting Eureka client registration
2024-10-08 13:01:32,314 - INFO - Eureka client started and service registered successfully.
2024-10-08 13:01:43,638 - INFO - Starting payments service
2024-10-08 13:01:43,639 - INFO - Starting Eureka client registration
2024-10-08 13:01:43,982 - INFO - Eureka client started and service registered successfully.
2024-10-08 13:02:00,470 - INFO - Attempting to connect to MySQL database: ielts_payment
2024-10-08 13:02:00,477 - INFO - Attempting to connect to MySQL database: ielts_database
2024-10-08 13:02:00,479 - INFO - Checking plan status for user ID: 6
2024-10-08 13:02:00,481 - INFO - Plan status is active for user ID: 6
2024-10-08 13:02:00,482 - ERROR - Error closing database connections: cannot access local variable 'ielts_cursor' where it is not associated with a value
2024-10-08 13:02:00,496 - INFO - Attempting to connect to MySQL database: ielts_payment
2024-10-08 13:02:00,498 - INFO - Attempting to connect to MySQL database: ielts_database
2024-10-08 13:02:00,500 - INFO - Checking plan status for user ID: 6
2024-10-08 13:02:00,502 - INFO - Plan status is active for user ID: 6
2024-10-08 13:02:00,504 - ERROR - Error closing database connections: cannot access local variable 'ielts_cursor' where it is not associated with a value
2024-10-08 13:13:17,456 - INFO - Starting payments service
2024-10-08 13:13:17,458 - INFO - Starting Eureka client registration
2024-10-08 13:13:17,794 - INFO - Eureka client started and service registered successfully.
2024-10-08 13:29:04,373 - INFO - Attempting to connect to MySQL database: ielts_payment
2024-10-08 13:29:04,384 - INFO - Attempting to connect to MySQL database: ielts_database
2024-10-08 13:29:04,389 - INFO - Checking plan status for user ID: 6
2024-10-08 13:29:04,390 - INFO - Plan status is active for user ID: 6
2024-10-08 13:29:04,391 - ERROR - Error closing database connections: cannot access local variable 'ielts_cursor' where it is not associated with a value
2024-10-08 13:29:04,408 - INFO - Attempting to connect to MySQL database: ielts_payment
2024-10-08 13:29:04,411 - INFO - Attempting to connect to MySQL database: ielts_database
2024-10-08 13:29:04,415 - INFO - Checking plan status for user ID: 6
2024-10-08 13:29:04,416 - INFO - Plan status is active for user ID: 6
2024-10-08 13:29:04,418 - ERROR - Error closing database connections: cannot access local variable 'ielts_cursor' where it is not associated with a value
2024-10-08 13:29:14,793 - INFO - Starting payments service
2024-10-08 13:29:14,795 - INFO - Starting Eureka client registration
2024-10-08 13:29:15,165 - INFO - Eureka client started and service registered successfully.
2024-10-08 13:29:32,484 - INFO - Starting payments service
2024-10-08 13:29:32,485 - INFO - Starting Eureka client registration
2024-10-08 13:29:32,817 - INFO - Eureka client started and service registered successfully.
2024-10-08 13:33:38,612 - INFO - Attempting to connect to MySQL database: ielts_payment
2024-10-08 13:33:38,618 - INFO - Attempting to connect to MySQL database: ielts_database
2024-10-08 13:33:38,657 - INFO - Checking plan status for user ID: 6
2024-10-08 13:33:38,659 - INFO - Plan status is active for user ID: 6
2024-10-08 13:33:38,660 - ERROR - Error closing database connections: cannot access local variable 'ielts_cursor' where it is not associated with a value
2024-10-08 13:33:38,690 - INFO - Attempting to connect to MySQL database: ielts_payment
2024-10-08 13:33:38,696 - INFO - Attempting to connect to MySQL database: ielts_database
2024-10-08 13:33:38,698 - INFO - Checking plan status for user ID: 6
2024-10-08 13:33:38,699 - INFO - Plan status is active for user ID: 6
2024-10-08 13:33:38,699 - ERROR - Error closing database connections: cannot access local variable 'ielts_cursor' where it is not associated with a value
2024-10-08 13:33:40,535 - INFO - Starting payments service
2024-10-08 13:33:40,537 - INFO - Starting Eureka client registration
2024-10-08 13:33:40,878 - INFO - Eureka client started and service registered successfully.
2024-10-08 13:33:54,171 - INFO - Attempting to connect to MySQL database: ielts_payment
2024-10-08 13:33:54,175 - INFO - Attempting to connect to MySQL database: ielts_database
2024-10-08 13:33:54,178 - INFO - Checking plan status for user ID: 6
2024-10-08 13:33:54,181 - INFO - Plan status is active for user ID: 6
2024-10-08 13:33:54,182 - ERROR - Error closing database connections: cannot access local variable 'ielts_cursor' where it is not associated with a value
2024-10-08 13:33:54,192 - INFO - Attempting to connect to MySQL database: ielts_payment
2024-10-08 13:33:54,194 - INFO - Attempting to connect to MySQL database: ielts_database
2024-10-08 13:33:54,195 - INFO - Checking plan status for user ID: 6
2024-10-08 13:33:54,198 - INFO - Plan status is active for user ID: 6
2024-10-08 13:33:54,200 - ERROR - Error closing database connections: cannot access local variable 'ielts_cursor' where it is not associated with a value
2024-10-08 13:47:06,710 - INFO - Starting payments service
2024-10-08 13:47:06,712 - INFO - Starting Eureka client registration
2024-10-08 13:47:07,076 - INFO - Eureka client started and service registered successfully.
2024-10-08 14:48:20,415 - INFO - Starting payments service
2024-10-08 14:48:20,416 - INFO - Starting Eureka client registration
2024-10-08 14:48:20,772 - INFO - Eureka client started and service registered successfully.
2024-10-08 14:48:31,031 - INFO - Starting payments service
2024-10-08 14:48:31,032 - INFO - Starting Eureka client registration
2024-10-08 14:48:31,372 - INFO - Eureka client started and service registered successfully.
2024-10-08 14:48:59,880 - INFO - Starting payments service
2024-10-08 14:48:59,881 - INFO - Starting Eureka client registration
2024-10-08 14:49:00,245 - INFO - Eureka client started and service registered successfully.
2024-10-08 14:49:08,234 - INFO - Attempting to connect to MySQL database: ielts_payment
2024-10-08 14:49:08,240 - INFO - Attempting to connect to MySQL database: ielts_database
2024-10-08 14:49:08,243 - INFO - Checking plan status for user ID: 6
2024-10-08 14:49:08,245 - INFO - Plan status is active for user ID: 6
2024-10-08 14:49:08,247 - ERROR - Error closing database connections: cannot access local variable 'ielts_cursor' where it is not associated with a value
2024-10-08 14:49:08,274 - INFO - Attempting to connect to MySQL database: ielts_payment
2024-10-08 14:49:08,277 - INFO - Attempting to connect to MySQL database: ielts_database
2024-10-08 14:49:08,279 - INFO - Checking plan status for user ID: 6
2024-10-08 14:49:08,281 - INFO - Plan status is active for user ID: 6
2024-10-08 14:49:08,281 - ERROR - Error closing database connections: cannot access local variable 'ielts_cursor' where it is not associated with a value
2024-10-08 14:59:21,332 - INFO - Starting payments service
2024-10-08 14:59:21,333 - INFO - Starting Eureka client registration
2024-10-08 14:59:21,672 - INFO - Eureka client started and service registered successfully.
2024-10-08 15:26:22,347 - INFO - Attempting to connect to MySQL database: ielts_payment
2024-10-08 15:26:22,356 - INFO - Attempting to connect to MySQL database: ielts_database
2024-10-08 15:26:22,360 - INFO - Checking plan status for user ID: 6
2024-10-08 15:26:22,362 - INFO - Plan status is active for user ID: 6
2024-10-08 15:26:22,364 - ERROR - Error closing database connections: cannot access local variable 'ielts_cursor' where it is not associated with a value
2024-10-08 15:26:22,380 - INFO - Attempting to connect to MySQL database: ielts_payment
2024-10-08 15:26:22,382 - INFO - Attempting to connect to MySQL database: ielts_database
2024-10-08 15:26:22,387 - INFO - Checking plan status for user ID: 6
2024-10-08 15:26:22,389 - INFO - Plan status is active for user ID: 6
2024-10-08 15:26:22,391 - ERROR - Error closing database connections: cannot access local variable 'ielts_cursor' where it is not associated with a value
2024-10-08 15:28:51,958 - INFO - Starting payments service
2024-10-08 15:28:51,959 - INFO - Starting Eureka client registration
2024-10-08 15:28:52,643 - INFO - Eureka client started and service registered successfully.
2024-10-08 15:28:59,542 - INFO - Starting payments service
2024-10-08 15:28:59,544 - INFO - Starting Eureka client registration
2024-10-08 15:28:59,953 - INFO - Eureka client started and service registered successfully.
2024-10-08 15:44:34,446 - INFO - Starting payments service
2024-10-08 15:44:34,447 - INFO - Starting Eureka client registration
2024-10-08 15:44:34,787 - INFO - Eureka client started and service registered successfully.
2024-10-08 15:44:35,898 - INFO - Starting payments service
2024-10-08 15:44:35,899 - INFO - Starting Eureka client registration
2024-10-08 15:44:36,252 - INFO - Eureka client started and service registered successfully.
2024-10-08 15:46:21,481 - INFO - Attempting to connect to MySQL database: ielts_payment
2024-10-08 15:46:21,488 - INFO - Attempting to connect to MySQL database: ielts_database
2024-10-08 15:46:21,490 - INFO - Checking plan status for user ID: 6
2024-10-08 15:46:21,491 - INFO - Plan status is active for user ID: 6
2024-10-08 15:46:21,493 - ERROR - Error closing database connections: cannot access local variable 'ielts_cursor' where it is not associated with a value
2024-10-08 15:46:28,591 - INFO - Attempting to connect to MySQL database: ielts_payment
2024-10-08 15:46:28,594 - INFO - Attempting to connect to MySQL database: ielts_database
2024-10-08 15:46:28,596 - INFO - Checking plan status for user ID: 6
2024-10-08 15:46:28,598 - INFO - Plan status is active for user ID: 6
2024-10-08 15:46:28,599 - ERROR - Error closing database connections: cannot access local variable 'ielts_cursor' where it is not associated with a value
2024-10-08 15:46:28,618 - INFO - Attempting to connect to MySQL database: ielts_payment
2024-10-08 15:46:28,620 - INFO - Attempting to connect to MySQL database: ielts_database
2024-10-08 15:46:28,623 - INFO - Checking plan status for user ID: 6
2024-10-08 15:46:28,625 - INFO - Plan status is active for user ID: 6
2024-10-08 15:46:28,628 - ERROR - Error closing database connections: cannot access local variable 'ielts_cursor' where it is not associated with a value
2024-10-08 16:06:31,364 - INFO - Starting payments service
2024-10-08 16:06:31,366 - INFO - Starting Eureka client registration
2024-10-08 16:06:31,676 - INFO - Eureka client started and service registered successfully.
2024-10-08 16:10:43,285 - INFO - Starting payments service
2024-10-08 16:10:43,286 - INFO - Starting Eureka client registration
2024-10-08 16:10:43,629 - INFO - Eureka client started and service registered successfully.
2024-10-08 16:10:44,690 - INFO - Starting payments service
2024-10-08 16:10:44,692 - INFO - Starting Eureka client registration
2024-10-08 16:10:45,024 - INFO - Eureka client started and service registered successfully.
2024-10-08 16:13:49,071 - INFO - Attempting to connect to MySQL database: ielts_payment
2024-10-08 16:13:49,080 - INFO - Attempting to connect to MySQL database: ielts_database
2024-10-08 16:13:49,083 - INFO - Checking plan status for user ID: 6
2024-10-08 16:13:49,084 - INFO - Plan status is active for user ID: 6
2024-10-08 16:13:49,086 - ERROR - Error closing database connections: cannot access local variable 'ielts_cursor' where it is not associated with a value
2024-10-08 16:13:49,141 - INFO - Attempting to connect to MySQL database: ielts_payment
2024-10-08 16:13:49,142 - INFO - Attempting to connect to MySQL database: ielts_database
2024-10-08 16:13:49,148 - INFO - Checking plan status for user ID: 6
2024-10-08 16:13:49,149 - INFO - Plan status is active for user ID: 6
2024-10-08 16:13:49,151 - ERROR - Error closing database connections: cannot access local variable 'ielts_cursor' where it is not associated with a value
2024-10-08 16:19:27,768 - INFO - Attempting to connect to MySQL database: ielts_payment
2024-10-08 16:19:27,770 - INFO - Attempting to connect to MySQL database: ielts_database
2024-10-08 16:19:27,772 - INFO - Checking plan status for user ID: 6
2024-10-08 16:19:27,773 - INFO - Plan status is active for user ID: 6
2024-10-08 16:19:27,774 - ERROR - Error closing database connections: cannot access local variable 'ielts_cursor' where it is not associated with a value
2024-10-08 16:28:45,258 - INFO - Attempting to connect to MySQL database: ielts_payment
2024-10-08 16:28:45,261 - INFO - Attempting to connect to MySQL database: ielts_database
2024-10-08 16:28:45,262 - INFO - Checking plan status for user ID: 6
2024-10-08 16:28:45,263 - INFO - Plan status is active for user ID: 6
2024-10-08 16:28:45,265 - ERROR - Error closing database connections: cannot access local variable 'ielts_cursor' where it is not associated with a value
2024-10-08 16:28:45,282 - INFO - Attempting to connect to MySQL database: ielts_payment
2024-10-08 16:28:45,284 - INFO - Attempting to connect to MySQL database: ielts_database
2024-10-08 16:28:45,286 - INFO - Checking plan status for user ID: 6
2024-10-08 16:28:45,288 - INFO - Plan status is active for user ID: 6
2024-10-08 16:28:45,289 - ERROR - Error closing database connections: cannot access local variable 'ielts_cursor' where it is not associated with a value
2024-10-08 16:29:21,816 - INFO - Starting payments service
2024-10-08 16:29:21,818 - INFO - Starting Eureka client registration
2024-10-08 16:29:22,144 - INFO - Eureka client started and service registered successfully.
2024-10-08 16:29:32,700 - INFO - Starting payments service
2024-10-08 16:29:32,701 - INFO - Starting Eureka client registration
2024-10-08 16:29:33,111 - INFO - Eureka client started and service registered successfully.
2024-10-08 16:29:33,148 - INFO - Attempting to connect to MySQL database: ielts_payment
2024-10-08 16:29:33,154 - INFO - Attempting to connect to MySQL database: ielts_database
2024-10-08 16:29:33,157 - INFO - Checking plan status for user ID: 6
2024-10-08 16:29:33,158 - INFO - Plan status is active for user ID: 6
2024-10-08 16:29:33,159 - ERROR - Error closing database connections: cannot access local variable 'ielts_cursor' where it is not associated with a value
2024-10-08 16:29:33,172 - INFO - Attempting to connect to MySQL database: ielts_payment
2024-10-08 16:29:33,174 - INFO - Attempting to connect to MySQL database: ielts_database
2024-10-08 16:29:33,177 - INFO - Checking plan status for user ID: 6
2024-10-08 16:29:33,177 - INFO - Plan status is active for user ID: 6
2024-10-08 16:29:33,178 - ERROR - Error closing database connections: cannot access local variable 'ielts_cursor' where it is not associated with a value
2024-10-08 16:30:42,313 - INFO - Attempting to connect to MySQL database: ielts_payment
2024-10-08 16:30:42,316 - INFO - Attempting to connect to MySQL database: ielts_database
2024-10-08 16:30:42,320 - INFO - Checking plan status for user ID: 6
2024-10-08 16:30:42,321 - INFO - Plan status is active for user ID: 6
2024-10-08 16:30:42,322 - ERROR - Error closing database connections: cannot access local variable 'ielts_cursor' where it is not associated with a value
2024-10-08 16:30:42,337 - INFO - Attempting to connect to MySQL database: ielts_payment
2024-10-08 16:30:42,340 - INFO - Attempting to connect to MySQL database: ielts_database
2024-10-08 16:30:42,342 - INFO - Checking plan status for user ID: 6
2024-10-08 16:30:42,344 - INFO - Plan status is active for user ID: 6
2024-10-08 16:30:42,344 - ERROR - Error closing database connections: cannot access local variable 'ielts_cursor' where it is not associated with a value
2024-10-08 16:31:00,469 - INFO - Attempting to connect to MySQL database: ielts_payment
2024-10-08 16:31:00,470 - INFO - Attempting to connect to MySQL database: ielts_database
2024-10-08 16:31:00,472 - INFO - Checking plan status for user ID: 6
2024-10-08 16:31:00,474 - INFO - Plan status is active for user ID: 6
2024-10-08 16:31:00,475 - ERROR - Error closing database connections: cannot access local variable 'ielts_cursor' where it is not associated with a value
2024-10-08 16:31:00,484 - INFO - Attempting to connect to MySQL database: ielts_payment
2024-10-08 16:31:00,486 - INFO - Attempting to connect to MySQL database: ielts_database
2024-10-08 16:31:00,488 - INFO - Checking plan status for user ID: 6
2024-10-08 16:31:00,489 - INFO - Plan status is active for user ID: 6
2024-10-08 16:31:00,490 - ERROR - Error closing database connections: cannot access local variable 'ielts_cursor' where it is not associated with a value
2024-10-08 16:52:51,372 - INFO - Starting payments service
2024-10-08 16:52:51,373 - INFO - Starting Eureka client registration
2024-10-08 16:52:51,810 - INFO - Eureka client started and service registered successfully.
2024-10-08 16:53:35,255 - INFO - Starting payments service
2024-10-08 16:53:35,256 - INFO - Starting Eureka client registration
2024-10-08 16:53:35,640 - INFO - Eureka client started and service registered successfully.
2024-10-08 16:53:36,988 - INFO - Starting payments service
2024-10-08 16:53:36,989 - INFO - Starting Eureka client registration
2024-10-08 16:53:37,417 - INFO - Eureka client started and service registered successfully.
2024-10-08 16:55:27,780 - INFO - Attempting to connect to MySQL database: ielts_payment
2024-10-08 16:55:27,806 - INFO - Attempting to connect to MySQL database: ielts_database
2024-10-08 16:55:27,812 - INFO - Checking plan status for user ID: 54
2024-10-08 16:55:27,816 - ERROR - Error closing database connections: cannot access local variable 'ielts_cursor' where it is not associated with a value
2024-10-08 16:55:27,846 - DEBUG - Received request to create order
2024-10-08 16:55:28,993 - INFO - Order created successfully with ID: order_P6WgqfBRbcPBUZ
2024-10-08 16:55:57,202 - DEBUG - Received payment success notification
2024-10-08 16:55:57,203 - INFO - Attempting to connect to MySQL database: ielts_payment
2024-10-08 16:55:57,212 - INFO - Payment details stored in ielts_payment database for user ID: 54
2024-10-08 16:55:57,214 - INFO - Attempting to connect to MySQL database: ielts_database
2024-10-08 16:55:57,217 - INFO - User email retrieved: kiruthi34@yahoo.com
2024-10-08 16:56:03,086 - INFO - Thank you email sent to: kiruthi34@yahoo.com
2024-10-08 16:56:03,092 - INFO - User details updated in ielts_database for user ID: 54
2024-10-08 16:58:29,069 - INFO - Starting payments service
2024-10-08 16:58:29,070 - INFO - Starting Eureka client registration
2024-10-08 16:58:29,545 - INFO - Eureka client started and service registered successfully.
2024-10-08 17:01:37,791 - INFO - Starting payments service
2024-10-08 17:01:37,792 - INFO - Starting Eureka client registration
2024-10-08 17:01:38,203 - INFO - Eureka client started and service registered successfully.
2024-10-08 17:02:36,815 - INFO - Starting payments service
2024-10-08 17:02:36,816 - INFO - Starting Eureka client registration
2024-10-08 17:02:37,213 - INFO - Eureka client started and service registered successfully.
2024-10-08 17:14:45,188 - INFO - Starting payments service
2024-10-08 17:14:45,190 - INFO - Starting Eureka client registration
2024-10-08 17:14:45,646 - INFO - Eureka client started and service registered successfully.
2024-10-08 17:14:47,165 - INFO - Starting payments service
2024-10-08 17:14:47,167 - INFO - Starting Eureka client registration
2024-10-08 17:14:47,575 - INFO - Eureka client started and service registered successfully.
2024-10-08 17:15:05,431 - INFO - Attempting to connect to MySQL database: ielts_payment
2024-10-08 17:15:05,462 - INFO - Attempting to connect to MySQL database: ielts_database
2024-10-08 17:15:05,468 - INFO - Checking plan status for user ID: 53
2024-10-08 17:15:05,478 - ERROR - Error closing database connections: cannot access local variable 'ielts_cursor' where it is not associated with a value
2024-10-08 17:15:05,500 - DEBUG - Received request to create order
2024-10-08 17:15:06,602 - INFO - Order created successfully with ID: order_P6X1a3vG7jI7YT
2024-10-08 17:15:30,294 - DEBUG - Received payment success notification
2024-10-08 17:15:30,299 - INFO - Attempting to connect to MySQL database: ielts_payment
2024-10-08 17:15:30,310 - INFO - Payment details stored in ielts_payment database for user ID: 53
2024-10-08 17:15:30,314 - INFO - Attempting to connect to MySQL database: ielts_database
2024-10-08 17:15:30,321 - INFO - User email retrieved: punarvitha.u_cse2019@svec.edu.in
2024-10-08 17:15:36,298 - INFO - Thank you email sent to: punarvitha.u_cse2019@svec.edu.in
2024-10-08 17:15:36,305 - INFO - User details updated in ielts_database for user ID: 53
2024-10-08 17:44:47,068 - INFO - Starting payments service
2024-10-08 17:44:47,070 - INFO - Starting Eureka client registration
2024-10-08 17:44:47,531 - INFO - Eureka client started and service registered successfully.
2024-10-08 17:44:58,072 - INFO - Starting payments service
2024-10-08 17:44:58,074 - INFO - Starting Eureka client registration
2024-10-08 17:44:58,488 - INFO - Eureka client started and service registered successfully.
2024-10-08 18:06:26,731 - INFO - Starting payments service
2024-10-08 18:06:26,731 - INFO - Starting Eureka client registration
2024-10-08 18:06:27,056 - INFO - Eureka client started and service registered successfully.
2024-10-08 18:06:28,083 - INFO - Starting payments service
2024-10-08 18:06:28,084 - INFO - Starting Eureka client registration
2024-10-08 18:06:28,435 - INFO - Eureka client started and service registered successfully.
2024-10-08 18:15:51,562 - INFO - Attempting to connect to MySQL database: ielts_payment
2024-10-08 18:15:51,597 - INFO - Attempting to connect to MySQL database: ielts_database
2024-10-08 18:15:51,602 - INFO - Checking plan status for user ID: 6
2024-10-08 18:15:51,605 - INFO - Plan status is active for user ID: 6
2024-10-08 18:15:51,606 - ERROR - Error closing database connections: cannot access local variable 'ielts_cursor' where it is not associated with a value
2024-10-08 18:15:51,627 - INFO - Attempting to connect to MySQL database: ielts_payment
2024-10-08 18:15:51,631 - INFO - Attempting to connect to MySQL database: ielts_database
2024-10-08 18:15:51,634 - INFO - Checking plan status for user ID: 6
2024-10-08 18:15:51,637 - INFO - Plan status is active for user ID: 6
2024-10-08 18:15:51,638 - ERROR - Error closing database connections: cannot access local variable 'ielts_cursor' where it is not associated with a value
2024-10-08 18:26:58,085 - INFO - Starting payments service
2024-10-08 18:26:58,086 - INFO - Starting Eureka client registration
2024-10-08 18:26:58,502 - INFO - Eureka client started and service registered successfully.
2024-10-08 18:35:17,102 - INFO - Attempting to connect to MySQL database: ielts_payment
2024-10-08 18:35:17,118 - INFO - Attempting to connect to MySQL database: ielts_database
2024-10-08 18:35:17,122 - INFO - Checking plan status for user ID: 6
2024-10-08 18:35:17,125 - INFO - Plan status is active for user ID: 6
2024-10-08 18:35:17,128 - ERROR - Error closing database connections: cannot access local variable 'ielts_cursor' where it is not associated with a value
2024-10-08 18:35:17,187 - INFO - Attempting to connect to MySQL database: ielts_payment
2024-10-08 18:35:17,189 - INFO - Attempting to connect to MySQL database: ielts_database
2024-10-08 18:35:17,192 - INFO - Checking plan status for user ID: 6
2024-10-08 18:35:17,194 - INFO - Plan status is active for user ID: 6
2024-10-08 18:35:17,197 - ERROR - Error closing database connections: cannot access local variable 'ielts_cursor' where it is not associated with a value
2024-10-08 18:40:41,747 - INFO - Attempting to connect to MySQL database: ielts_payment
2024-10-08 18:40:41,805 - INFO - Attempting to connect to MySQL database: ielts_database
2024-10-08 18:40:41,809 - INFO - Checking plan status for user ID: 6
2024-10-08 18:40:41,811 - INFO - Plan status is active for user ID: 6
2024-10-08 18:40:41,813 - ERROR - Error closing database connections: cannot access local variable 'ielts_cursor' where it is not associated with a value
2024-10-08 18:40:41,831 - INFO - Attempting to connect to MySQL database: ielts_payment
2024-10-08 18:40:41,835 - INFO - Attempting to connect to MySQL database: ielts_database
2024-10-08 18:40:41,839 - INFO - Checking plan status for user ID: 6
2024-10-08 18:40:41,841 - INFO - Plan status is active for user ID: 6
2024-10-08 18:40:41,843 - ERROR - Error closing database connections: cannot access local variable 'ielts_cursor' where it is not associated with a value
2024-10-08 18:45:27,182 - INFO - Starting payments service
2024-10-08 18:45:27,183 - INFO - Starting Eureka client registration
2024-10-08 18:45:27,610 - INFO - Eureka client started and service registered successfully.
2024-10-08 18:45:31,152 - INFO - Starting payments service
2024-10-08 18:45:31,153 - INFO - Starting Eureka client registration
2024-10-08 18:45:31,563 - INFO - Eureka client started and service registered successfully.
2024-10-08 18:45:35,029 - INFO - Starting payments service
2024-10-08 18:45:35,031 - INFO - Starting Eureka client registration
2024-10-08 18:45:35,442 - INFO - Eureka client started and service registered successfully.
2024-10-08 18:46:43,551 - INFO - Attempting to connect to MySQL database: ielts_payment
2024-10-08 18:46:43,561 - INFO - Attempting to connect to MySQL database: ielts_database
2024-10-08 18:46:43,565 - INFO - Checking plan status for user ID: 6
2024-10-08 18:46:43,567 - INFO - Plan status is active for user ID: 6
2024-10-08 18:46:43,569 - ERROR - Error closing database connections: cannot access local variable 'ielts_cursor' where it is not associated with a value
2024-10-08 18:46:43,631 - INFO - Attempting to connect to MySQL database: ielts_payment
2024-10-08 18:46:43,633 - INFO - Attempting to connect to MySQL database: ielts_database
2024-10-08 18:46:43,636 - INFO - Checking plan status for user ID: 6
2024-10-08 18:46:43,640 - INFO - Plan status is active for user ID: 6
2024-10-08 18:46:43,642 - ERROR - Error closing database connections: cannot access local variable 'ielts_cursor' where it is not associated with a value
2024-10-08 18:47:53,574 - INFO - Starting payments service
2024-10-08 18:47:53,576 - INFO - Starting Eureka client registration
2024-10-08 18:47:53,996 - INFO - Eureka client started and service registered successfully.
2024-10-08 19:00:44,018 - INFO - Starting payments service
2024-10-08 19:00:44,020 - INFO - Starting Eureka client registration
2024-10-08 19:00:44,373 - INFO - Eureka client started and service registered successfully.
2024-10-08 19:02:13,037 - INFO - Starting payments service
2024-10-08 19:02:13,037 - INFO - Starting Eureka client registration
2024-10-08 19:02:13,429 - INFO - Eureka client started and service registered successfully.
2024-10-08 19:03:43,161 - INFO - Starting payments service
2024-10-08 19:03:43,163 - INFO - Starting Eureka client registration
2024-10-08 19:03:51,884 - INFO - Eureka client started and service registered successfully.
2024-10-08 20:03:52,742 - INFO - Starting payments service
2024-10-08 20:03:52,743 - INFO - Starting Eureka client registration
2024-10-08 20:03:53,175 - INFO - Eureka client started and service registered successfully.
2024-10-08 20:03:54,703 - INFO - Starting payments service
2024-10-08 20:03:54,704 - INFO - Starting Eureka client registration
2024-10-08 20:03:55,107 - INFO - Eureka client started and service registered successfully.
2024-10-08 20:04:54,065 - INFO - Starting payments service
2024-10-08 20:04:54,067 - INFO - Starting Eureka client registration
2024-10-08 20:04:54,544 - INFO - Eureka client started and service registered successfully.
2024-10-08 20:07:51,644 - INFO - Starting payments service
2024-10-08 20:07:51,645 - INFO - Starting Eureka client registration
2024-10-08 20:07:52,163 - INFO - Eureka client started and service registered successfully.
2024-10-08 20:08:49,243 - INFO - Starting payments service
2024-10-08 20:08:49,245 - INFO - Starting Eureka client registration
2024-10-08 20:08:49,912 - INFO - Eureka client started and service registered successfully.
2024-10-08 20:08:53,485 - INFO - Starting payments service
2024-10-08 20:08:53,487 - INFO - Starting Eureka client registration
2024-10-08 20:08:54,200 - INFO - Eureka client started and service registered successfully.
2024-10-08 20:08:58,693 - INFO - Starting payments service
2024-10-08 20:08:58,695 - INFO - Starting Eureka client registration
2024-10-08 20:08:59,362 - INFO - Eureka client started and service registered successfully.
2024-10-08 20:09:04,589 - INFO - Starting payments service
2024-10-08 20:09:04,591 - INFO - Starting Eureka client registration
2024-10-08 20:09:05,044 - INFO - Eureka client started and service registered successfully.
2024-10-08 20:09:14,411 - INFO - Starting payments service
2024-10-08 20:09:14,413 - INFO - Starting Eureka client registration
2024-10-08 20:09:14,974 - INFO - Eureka client started and service registered successfully.
2024-10-08 20:10:12,852 - INFO - Attempting to connect to MySQL database: ielts_payment
2024-10-08 20:10:12,861 - INFO - Attempting to connect to MySQL database: ielts_database
2024-10-08 20:10:12,863 - INFO - Checking plan status for user ID: 6
2024-10-08 20:10:12,865 - INFO - Plan status is active for user ID: 6
2024-10-08 20:10:12,867 - ERROR - Error closing database connections: cannot access local variable 'ielts_cursor' where it is not associated with a value
2024-10-08 20:10:12,908 - INFO - Attempting to connect to MySQL database: ielts_payment
2024-10-08 20:10:12,912 - INFO - Attempting to connect to MySQL database: ielts_database
2024-10-08 20:10:12,914 - INFO - Checking plan status for user ID: 6
2024-10-08 20:10:12,917 - INFO - Plan status is active for user ID: 6
2024-10-08 20:10:12,918 - ERROR - Error closing database connections: cannot access local variable 'ielts_cursor' where it is not associated with a value
2024-10-08 20:10:27,161 - INFO - Starting payments service
2024-10-08 20:10:27,162 - INFO - Starting Eureka client registration
2024-10-08 20:10:27,646 - INFO - Eureka client started and service registered successfully.
2024-10-08 20:13:14,326 - INFO - Attempting to connect to MySQL database: ielts_payment
2024-10-08 20:13:14,338 - INFO - Attempting to connect to MySQL database: ielts_database
2024-10-08 20:13:14,341 - INFO - Checking plan status for user ID: 6
2024-10-08 20:13:14,344 - INFO - Plan status is active for user ID: 6
2024-10-08 20:13:14,346 - ERROR - Error closing database connections: cannot access local variable 'ielts_cursor' where it is not associated with a value
2024-10-08 20:13:14,387 - INFO - Attempting to connect to MySQL database: ielts_payment
2024-10-08 20:13:14,399 - INFO - Attempting to connect to MySQL database: ielts_database
2024-10-08 20:13:14,403 - INFO - Checking plan status for user ID: 6
2024-10-08 20:13:14,407 - INFO - Plan status is active for user ID: 6
2024-10-08 20:13:14,414 - ERROR - Error closing database connections: cannot access local variable 'ielts_cursor' where it is not associated with a value
2024-10-08 20:13:17,008 - INFO - Starting payments service
2024-10-08 20:13:17,009 - INFO - Starting Eureka client registration
2024-10-08 20:13:17,462 - INFO - Eureka client started and service registered successfully.
2024-10-08 20:15:03,019 - INFO - Attempting to connect to MySQL database: ielts_payment
2024-10-08 20:15:03,033 - INFO - Attempting to connect to MySQL database: ielts_database
2024-10-08 20:15:03,035 - INFO - Checking plan status for user ID: 6
2024-10-08 20:15:03,038 - INFO - Plan status is active for user ID: 6
2024-10-08 20:15:03,040 - ERROR - Error closing database connections: cannot access local variable 'ielts_cursor' where it is not associated with a value
2024-10-08 20:15:03,067 - INFO - Attempting to connect to MySQL database: ielts_payment
2024-10-08 20:15:03,076 - INFO - Attempting to connect to MySQL database: ielts_database
2024-10-08 20:15:03,081 - INFO - Checking plan status for user ID: 6
2024-10-08 20:15:03,084 - INFO - Plan status is active for user ID: 6
2024-10-08 20:15:03,085 - ERROR - Error closing database connections: cannot access local variable 'ielts_cursor' where it is not associated with a value
2024-10-08 20:15:27,640 - INFO - Attempting to connect to MySQL database: ielts_payment
2024-10-08 20:15:27,642 - INFO - Attempting to connect to MySQL database: ielts_database
2024-10-08 20:15:27,644 - INFO - Checking plan status for user ID: 6
2024-10-08 20:15:27,646 - INFO - Plan status is active for user ID: 6
2024-10-08 20:15:27,647 - ERROR - Error closing database connections: cannot access local variable 'ielts_cursor' where it is not associated with a value
2024-10-08 20:15:27,662 - INFO - Attempting to connect to MySQL database: ielts_payment
2024-10-08 20:15:27,665 - INFO - Attempting to connect to MySQL database: ielts_database
2024-10-08 20:15:27,668 - INFO - Checking plan status for user ID: 6
2024-10-08 20:15:27,669 - INFO - Plan status is active for user ID: 6
2024-10-08 20:15:27,670 - ERROR - Error closing database connections: cannot access local variable 'ielts_cursor' where it is not associated with a value
2024-10-08 20:16:22,751 - INFO - Starting payments service
2024-10-08 20:16:22,753 - INFO - Starting Eureka client registration
2024-10-08 20:16:23,205 - INFO - Eureka client started and service registered successfully.
2024-10-08 20:17:13,763 - INFO - Attempting to connect to MySQL database: ielts_payment
2024-10-08 20:17:13,774 - INFO - Attempting to connect to MySQL database: ielts_database
2024-10-08 20:17:13,782 - INFO - Checking plan status for user ID: 6
2024-10-08 20:17:13,783 - INFO - Plan status is active for user ID: 6
2024-10-08 20:17:13,787 - ERROR - Error closing database connections: cannot access local variable 'ielts_cursor' where it is not associated with a value
2024-10-08 20:17:13,810 - INFO - Attempting to connect to MySQL database: ielts_payment
2024-10-08 20:17:13,816 - INFO - Attempting to connect to MySQL database: ielts_database
2024-10-08 20:17:13,820 - INFO - Checking plan status for user ID: 6
2024-10-08 20:17:13,822 - INFO - Plan status is active for user ID: 6
2024-10-08 20:17:13,824 - ERROR - Error closing database connections: cannot access local variable 'ielts_cursor' where it is not associated with a value
2024-10-08 20:21:36,478 - INFO - Attempting to connect to MySQL database: ielts_payment
2024-10-08 20:21:36,481 - INFO - Attempting to connect to MySQL database: ielts_database
2024-10-08 20:21:36,484 - INFO - Checking plan status for user ID: 6
2024-10-08 20:21:36,487 - INFO - Plan status is active for user ID: 6
2024-10-08 20:21:36,489 - ERROR - Error closing database connections: cannot access local variable 'ielts_cursor' where it is not associated with a value
2024-10-08 20:21:36,549 - INFO - Attempting to connect to MySQL database: ielts_payment
2024-10-08 20:21:36,552 - INFO - Attempting to connect to MySQL database: ielts_database
2024-10-08 20:21:36,556 - INFO - Checking plan status for user ID: 6
2024-10-08 20:21:36,558 - INFO - Plan status is active for user ID: 6
2024-10-08 20:21:36,560 - ERROR - Error closing database connections: cannot access local variable 'ielts_cursor' where it is not associated with a value
2024-10-08 20:21:55,304 - INFO - Attempting to connect to MySQL database: ielts_payment
2024-10-08 20:21:55,306 - INFO - Attempting to connect to MySQL database: ielts_database
2024-10-08 20:21:55,309 - INFO - Checking plan status for user ID: 6
2024-10-08 20:21:55,310 - INFO - Plan status is active for user ID: 6
2024-10-08 20:21:55,311 - ERROR - Error closing database connections: cannot access local variable 'ielts_cursor' where it is not associated with a value
2024-10-08 20:21:55,325 - INFO - Attempting to connect to MySQL database: ielts_payment
2024-10-08 20:21:55,328 - INFO - Attempting to connect to MySQL database: ielts_database
2024-10-08 20:21:55,332 - INFO - Checking plan status for user ID: 6
2024-10-08 20:21:55,334 - INFO - Plan status is active for user ID: 6
2024-10-08 20:21:55,335 - ERROR - Error closing database connections: cannot access local variable 'ielts_cursor' where it is not associated with a value
2024-10-08 20:23:13,580 - INFO - Attempting to connect to MySQL database: ielts_payment
2024-10-08 20:23:13,582 - INFO - Attempting to connect to MySQL database: ielts_database
2024-10-08 20:23:13,586 - INFO - Checking plan status for user ID: 6
2024-10-08 20:23:13,588 - INFO - Plan status is active for user ID: 6
2024-10-08 20:23:13,591 - ERROR - Error closing database connections: cannot access local variable 'ielts_cursor' where it is not associated with a value
2024-10-08 20:23:13,617 - INFO - Attempting to connect to MySQL database: ielts_payment
2024-10-08 20:23:13,621 - INFO - Attempting to connect to MySQL database: ielts_database
2024-10-08 20:23:13,626 - INFO - Checking plan status for user ID: 6
2024-10-08 20:23:13,629 - INFO - Plan status is active for user ID: 6
2024-10-08 20:23:13,631 - ERROR - Error closing database connections: cannot access local variable 'ielts_cursor' where it is not associated with a value
2024-10-08 20:23:45,785 - INFO - Attempting to connect to MySQL database: ielts_payment
2024-10-08 20:23:45,787 - INFO - Attempting to connect to MySQL database: ielts_database
2024-10-08 20:23:45,789 - INFO - Checking plan status for user ID: 6
2024-10-08 20:23:45,791 - INFO - Plan status is active for user ID: 6
2024-10-08 20:23:45,793 - ERROR - Error closing database connections: cannot access local variable 'ielts_cursor' where it is not associated with a value
2024-10-08 20:23:45,806 - INFO - Attempting to connect to MySQL database: ielts_payment
2024-10-08 20:23:45,810 - INFO - Attempting to connect to MySQL database: ielts_database
2024-10-08 20:23:45,813 - INFO - Checking plan status for user ID: 6
2024-10-08 20:23:45,817 - INFO - Plan status is active for user ID: 6
2024-10-08 20:23:45,819 - ERROR - Error closing database connections: cannot access local variable 'ielts_cursor' where it is not associated with a value
2024-10-08 20:25:41,021 - INFO - Attempting to connect to MySQL database: ielts_payment
2024-10-08 20:25:41,025 - INFO - Attempting to connect to MySQL database: ielts_database
2024-10-08 20:25:41,030 - INFO - Checking plan status for user ID: 6
2024-10-08 20:25:41,032 - INFO - Plan status is active for user ID: 6
2024-10-08 20:25:41,034 - ERROR - Error closing database connections: cannot access local variable 'ielts_cursor' where it is not associated with a value
2024-10-08 20:25:41,064 - INFO - Attempting to connect to MySQL database: ielts_payment
2024-10-08 20:25:41,068 - INFO - Attempting to connect to MySQL database: ielts_database
2024-10-08 20:25:41,074 - INFO - Checking plan status for user ID: 6
2024-10-08 20:25:41,076 - INFO - Plan status is active for user ID: 6
2024-10-08 20:25:41,078 - ERROR - Error closing database connections: cannot access local variable 'ielts_cursor' where it is not associated with a value
2024-10-08 20:38:17,434 - INFO - Attempting to connect to MySQL database: ielts_payment
2024-10-08 20:38:17,437 - INFO - Attempting to connect to MySQL database: ielts_database
2024-10-08 20:38:17,440 - INFO - Checking plan status for user ID: 6
2024-10-08 20:38:17,441 - INFO - Plan status is active for user ID: 6
2024-10-08 20:38:17,444 - ERROR - Error closing database connections: cannot access local variable 'ielts_cursor' where it is not associated with a value
2024-10-08 20:38:17,483 - INFO - Attempting to connect to MySQL database: ielts_payment
2024-10-08 20:38:17,487 - INFO - Attempting to connect to MySQL database: ielts_database
2024-10-08 20:38:17,490 - INFO - Checking plan status for user ID: 6
2024-10-08 20:38:17,492 - INFO - Plan status is active for user ID: 6
2024-10-08 20:38:17,498 - ERROR - Error closing database connections: cannot access local variable 'ielts_cursor' where it is not associated with a value
2024-10-08 20:38:41,905 - INFO - Attempting to connect to MySQL database: ielts_payment
2024-10-08 20:38:41,907 - INFO - Attempting to connect to MySQL database: ielts_database
2024-10-08 20:38:41,911 - INFO - Checking plan status for user ID: 6
2024-10-08 20:38:41,912 - INFO - Plan status is active for user ID: 6
2024-10-08 20:38:41,913 - ERROR - Error closing database connections: cannot access local variable 'ielts_cursor' where it is not associated with a value
2024-10-08 20:38:41,933 - INFO - Attempting to connect to MySQL database: ielts_payment
2024-10-08 20:38:41,936 - INFO - Attempting to connect to MySQL database: ielts_database
2024-10-08 20:38:41,940 - INFO - Checking plan status for user ID: 6
2024-10-08 20:38:41,941 - INFO - Plan status is active for user ID: 6
2024-10-08 20:38:41,943 - ERROR - Error closing database connections: cannot access local variable 'ielts_cursor' where it is not associated with a value
2024-10-08 20:40:26,296 - INFO - Starting payments service
2024-10-08 20:40:26,297 - INFO - Starting Eureka client registration
2024-10-08 20:40:26,849 - INFO - Eureka client started and service registered successfully.
2024-10-08 21:03:54,800 - INFO - Starting payments service
2024-10-08 21:03:54,801 - INFO - Starting Eureka client registration
2024-10-08 21:03:55,162 - INFO - Eureka client started and service registered successfully.
2024-10-08 21:08:21,367 - INFO - Starting payments service
2024-10-08 21:08:21,369 - INFO - Starting Eureka client registration
2024-10-08 21:08:21,712 - INFO - Eureka client started and service registered successfully.
2024-10-08 21:08:28,093 - INFO - Starting payments service
2024-10-08 21:08:28,094 - INFO - Starting Eureka client registration
2024-10-08 21:08:28,469 - INFO - Eureka client started and service registered successfully.
2024-10-08 21:09:52,977 - INFO - Attempting to connect to MySQL database: ielts_payment
2024-10-08 21:09:52,991 - INFO - Attempting to connect to MySQL database: ielts_database
2024-10-08 21:09:52,994 - INFO - Checking plan status for user ID: 6
2024-10-08 21:09:52,995 - INFO - Plan status is active for user ID: 6
2024-10-08 21:09:52,996 - ERROR - Error closing database connections: cannot access local variable 'ielts_cursor' where it is not associated with a value
2024-10-08 21:09:53,013 - INFO - Attempting to connect to MySQL database: ielts_payment
2024-10-08 21:09:53,017 - INFO - Attempting to connect to MySQL database: ielts_database
2024-10-08 21:09:53,021 - INFO - Checking plan status for user ID: 6
2024-10-08 21:09:53,022 - INFO - Plan status is active for user ID: 6
2024-10-08 21:09:53,024 - ERROR - Error closing database connections: cannot access local variable 'ielts_cursor' where it is not associated with a value
2024-10-08 21:11:56,330 - INFO - Starting payments service
2024-10-08 21:11:56,331 - INFO - Starting Eureka client registration
2024-10-08 21:11:56,755 - INFO - Eureka client started and service registered successfully.
2024-10-08 21:43:32,981 - INFO - Attempting to connect to MySQL database: ielts_payment
2024-10-08 21:43:32,987 - INFO - Attempting to connect to MySQL database: ielts_database
2024-10-08 21:43:32,989 - INFO - Checking plan status for user ID: 6
2024-10-08 21:43:32,990 - INFO - Plan status is active for user ID: 6
2024-10-08 21:43:32,992 - ERROR - Error closing database connections: cannot access local variable 'ielts_cursor' where it is not associated with a value
2024-10-08 21:43:33,005 - INFO - Attempting to connect to MySQL database: ielts_payment
2024-10-08 21:43:33,009 - INFO - Attempting to connect to MySQL database: ielts_database
2024-10-08 21:43:33,015 - INFO - Checking plan status for user ID: 6
2024-10-08 21:43:33,019 - INFO - Plan status is active for user ID: 6
2024-10-08 21:43:33,020 - ERROR - Error closing database connections: cannot access local variable 'ielts_cursor' where it is not associated with a value
2024-10-08 21:43:34,919 - INFO - Starting payments service
2024-10-08 21:43:34,920 - INFO - Starting Eureka client registration
2024-10-08 21:43:35,316 - INFO - Eureka client started and service registered successfully.
2024-10-08 21:44:49,391 - INFO - Attempting to connect to MySQL database: ielts_payment
2024-10-08 21:44:49,400 - INFO - Attempting to connect to MySQL database: ielts_database
2024-10-08 21:44:49,402 - INFO - Checking plan status for user ID: 6
2024-10-08 21:44:49,404 - INFO - Plan status is active for user ID: 6
2024-10-08 21:44:49,406 - ERROR - Error closing database connections: cannot access local variable 'ielts_cursor' where it is not associated with a value
2024-10-08 21:44:49,417 - INFO - Attempting to connect to MySQL database: ielts_payment
2024-10-08 21:44:49,420 - INFO - Attempting to connect to MySQL database: ielts_database
2024-10-08 21:44:49,423 - INFO - Checking plan status for user ID: 6
2024-10-08 21:44:49,424 - INFO - Plan status is active for user ID: 6
2024-10-08 21:44:49,425 - ERROR - Error closing database connections: cannot access local variable 'ielts_cursor' where it is not associated with a value
2024-10-08 22:41:12,819 - INFO - Starting payments service
2024-10-08 22:41:12,821 - INFO - Starting Eureka client registration
2024-10-08 22:41:13,271 - INFO - Eureka client started and service registered successfully.
2024-10-08 22:42:03,201 - INFO - Attempting to connect to MySQL database: ielts_payment
2024-10-08 22:42:03,215 - INFO - Attempting to connect to MySQL database: ielts_database
2024-10-08 22:42:03,219 - INFO - Checking plan status for user ID: 6
2024-10-08 22:42:03,221 - INFO - Plan status is active for user ID: 6
2024-10-08 22:42:03,224 - ERROR - Error closing database connections: cannot access local variable 'ielts_cursor' where it is not associated with a value
2024-10-08 22:42:03,239 - INFO - Attempting to connect to MySQL database: ielts_payment
2024-10-08 22:42:03,243 - INFO - Attempting to connect to MySQL database: ielts_database
2024-10-08 22:42:03,249 - INFO - Checking plan status for user ID: 6
2024-10-08 22:42:03,251 - INFO - Plan status is active for user ID: 6
2024-10-08 22:42:03,252 - ERROR - Error closing database connections: cannot access local variable 'ielts_cursor' where it is not associated with a value
2024-10-08 22:45:22,274 - INFO - Starting payments service
2024-10-08 22:45:22,276 - INFO - Starting Eureka client registration
2024-10-08 22:45:22,737 - INFO - Eureka client started and service registered successfully.
2024-10-08 23:17:53,336 - INFO - Attempting to connect to MySQL database: ielts_payment
2024-10-08 23:17:53,344 - INFO - Attempting to connect to MySQL database: ielts_database
2024-10-08 23:17:53,349 - INFO - Checking plan status for user ID: 6
2024-10-08 23:17:53,351 - INFO - Plan status is active for user ID: 6
2024-10-08 23:17:53,352 - ERROR - Error closing database connections: cannot access local variable 'ielts_cursor' where it is not associated with a value
2024-10-08 23:17:53,368 - INFO - Attempting to connect to MySQL database: ielts_payment
2024-10-08 23:17:53,371 - INFO - Attempting to connect to MySQL database: ielts_database
2024-10-08 23:17:53,374 - INFO - Checking plan status for user ID: 6
2024-10-08 23:17:53,376 - INFO - Plan status is active for user ID: 6
2024-10-08 23:17:53,377 - ERROR - Error closing database connections: cannot access local variable 'ielts_cursor' where it is not associated with a value
2024-10-08 23:18:08,591 - INFO - Attempting to connect to MySQL database: ielts_payment
2024-10-08 23:18:08,596 - INFO - Attempting to connect to MySQL database: ielts_database
2024-10-08 23:18:08,604 - INFO - Checking plan status for user ID: 6
2024-10-08 23:18:08,606 - INFO - Plan status is active for user ID: 6
2024-10-08 23:18:08,609 - ERROR - Error closing database connections: cannot access local variable 'ielts_cursor' where it is not associated with a value
2024-10-08 23:18:08,657 - INFO - Attempting to connect to MySQL database: ielts_payment
2024-10-08 23:18:08,664 - INFO - Attempting to connect to MySQL database: ielts_database
2024-10-08 23:18:08,668 - INFO - Checking plan status for user ID: 6
2024-10-08 23:18:08,669 - INFO - Plan status is active for user ID: 6
2024-10-08 23:18:08,671 - ERROR - Error closing database connections: cannot access local variable 'ielts_cursor' where it is not associated with a value
2024-10-08 23:22:01,477 - INFO - Attempting to connect to MySQL database: ielts_payment
2024-10-08 23:22:01,481 - INFO - Attempting to connect to MySQL database: ielts_database
2024-10-08 23:22:01,486 - INFO - Checking plan status for user ID: 6
2024-10-08 23:22:01,488 - INFO - Plan status is active for user ID: 6
2024-10-08 23:22:01,491 - ERROR - Error closing database connections: cannot access local variable 'ielts_cursor' where it is not associated with a value
2024-10-08 23:22:01,509 - INFO - Attempting to connect to MySQL database: ielts_payment
2024-10-08 23:22:01,513 - INFO - Attempting to connect to MySQL database: ielts_database
2024-10-08 23:22:01,517 - INFO - Checking plan status for user ID: 6
2024-10-08 23:22:01,519 - INFO - Plan status is active for user ID: 6
2024-10-08 23:22:01,520 - ERROR - Error closing database connections: cannot access local variable 'ielts_cursor' where it is not associated with a value
2024-10-08 23:22:02,559 - INFO - Attempting to connect to MySQL database: ielts_payment
2024-10-08 23:22:02,561 - INFO - Attempting to connect to MySQL database: ielts_database
2024-10-08 23:22:02,564 - INFO - Checking plan status for user ID: 6
2024-10-08 23:22:02,565 - INFO - Plan status is active for user ID: 6
2024-10-08 23:22:02,568 - ERROR - Error closing database connections: cannot access local variable 'ielts_cursor' where it is not associated with a value
2024-10-08 23:29:28,732 - INFO - Attempting to connect to MySQL database: ielts_payment
2024-10-08 23:29:28,735 - INFO - Attempting to connect to MySQL database: ielts_database
2024-10-08 23:29:28,738 - INFO - Checking plan status for user ID: 6
2024-10-08 23:29:28,740 - INFO - Plan status is active for user ID: 6
2024-10-08 23:29:28,742 - ERROR - Error closing database connections: cannot access local variable 'ielts_cursor' where it is not associated with a value
2024-10-08 23:29:36,611 - INFO - Attempting to connect to MySQL database: ielts_payment
2024-10-08 23:29:36,614 - INFO - Attempting to connect to MySQL database: ielts_database
2024-10-08 23:29:36,617 - INFO - Checking plan status for user ID: 6
2024-10-08 23:29:36,620 - INFO - Plan status is active for user ID: 6
2024-10-08 23:29:36,622 - ERROR - Error closing database connections: cannot access local variable 'ielts_cursor' where it is not associated with a value
2024-10-08 23:31:09,650 - INFO - Attempting to connect to MySQL database: ielts_payment
2024-10-08 23:31:09,653 - INFO - Attempting to connect to MySQL database: ielts_database
2024-10-08 23:31:09,655 - INFO - Checking plan status for user ID: 6
2024-10-08 23:31:09,658 - INFO - Plan status is active for user ID: 6
2024-10-08 23:31:09,660 - ERROR - Error closing database connections: cannot access local variable 'ielts_cursor' where it is not associated with a value
2024-10-08 23:34:04,708 - INFO - Attempting to connect to MySQL database: ielts_payment
2024-10-08 23:34:04,710 - INFO - Attempting to connect to MySQL database: ielts_database
2024-10-08 23:34:04,713 - INFO - Checking plan status for user ID: 6
2024-10-08 23:34:04,714 - INFO - Plan status is active for user ID: 6
2024-10-08 23:34:04,715 - ERROR - Error closing database connections: cannot access local variable 'ielts_cursor' where it is not associated with a value
2024-10-08 23:34:05,582 - INFO - Attempting to connect to MySQL database: ielts_payment
2024-10-08 23:34:05,585 - INFO - Attempting to connect to MySQL database: ielts_database
2024-10-08 23:34:05,588 - INFO - Checking plan status for user ID: 6
2024-10-08 23:34:05,589 - INFO - Plan status is active for user ID: 6
2024-10-08 23:34:05,590 - ERROR - Error closing database connections: cannot access local variable 'ielts_cursor' where it is not associated with a value
2024-10-09 00:01:19,074 - INFO - Attempting to connect to MySQL database: ielts_payment
2024-10-09 00:01:19,081 - INFO - Attempting to connect to MySQL database: ielts_database
2024-10-09 00:01:19,086 - INFO - Checking plan status for user ID: 6
2024-10-09 00:01:19,088 - INFO - Plan status is active for user ID: 6
2024-10-09 00:01:19,091 - ERROR - Error closing database connections: cannot access local variable 'ielts_cursor' where it is not associated with a value
2024-10-09 00:01:19,110 - INFO - Attempting to connect to MySQL database: ielts_payment
2024-10-09 00:01:19,115 - INFO - Attempting to connect to MySQL database: ielts_database
2024-10-09 00:01:19,121 - INFO - Checking plan status for user ID: 6
2024-10-09 00:01:19,123 - INFO - Plan status is active for user ID: 6
2024-10-09 00:01:19,125 - ERROR - Error closing database connections: cannot access local variable 'ielts_cursor' where it is not associated with a value
2024-10-09 00:01:31,628 - INFO - Attempting to connect to MySQL database: ielts_payment
2024-10-09 00:01:31,630 - INFO - Attempting to connect to MySQL database: ielts_database
2024-10-09 00:01:31,634 - INFO - Checking plan status for user ID: 6
2024-10-09 00:01:31,635 - INFO - Plan status is active for user ID: 6
2024-10-09 00:01:31,637 - ERROR - Error closing database connections: cannot access local variable 'ielts_cursor' where it is not associated with a value
2024-10-09 00:01:32,555 - INFO - Attempting to connect to MySQL database: ielts_payment
2024-10-09 00:01:32,558 - INFO - Attempting to connect to MySQL database: ielts_database
2024-10-09 00:01:32,562 - INFO - Checking plan status for user ID: 6
2024-10-09 00:01:32,564 - INFO - Plan status is active for user ID: 6
2024-10-09 00:01:32,565 - ERROR - Error closing database connections: cannot access local variable 'ielts_cursor' where it is not associated with a value
2024-10-09 00:03:51,546 - INFO - Attempting to connect to MySQL database: ielts_payment
2024-10-09 00:03:51,549 - INFO - Attempting to connect to MySQL database: ielts_database
2024-10-09 00:03:51,553 - INFO - Checking plan status for user ID: 6
2024-10-09 00:03:51,554 - INFO - Plan status is active for user ID: 6
2024-10-09 00:03:51,555 - ERROR - Error closing database connections: cannot access local variable 'ielts_cursor' where it is not associated with a value
2024-10-09 00:03:51,602 - INFO - Attempting to connect to MySQL database: ielts_payment
2024-10-09 00:03:51,605 - INFO - Attempting to connect to MySQL database: ielts_database
2024-10-09 00:03:51,608 - INFO - Checking plan status for user ID: 6
2024-10-09 00:03:51,609 - INFO - Plan status is active for user ID: 6
2024-10-09 00:03:51,610 - ERROR - Error closing database connections: cannot access local variable 'ielts_cursor' where it is not associated with a value
2024-10-09 00:04:17,634 - INFO - Attempting to connect to MySQL database: ielts_payment
2024-10-09 00:04:17,637 - INFO - Attempting to connect to MySQL database: ielts_database
2024-10-09 00:04:17,639 - INFO - Checking plan status for user ID: 6
2024-10-09 00:04:17,640 - INFO - Plan status is active for user ID: 6
2024-10-09 00:04:17,642 - ERROR - Error closing database connections: cannot access local variable 'ielts_cursor' where it is not associated with a value
2024-10-09 00:04:17,666 - INFO - Attempting to connect to MySQL database: ielts_payment
2024-10-09 00:04:17,709 - INFO - Attempting to connect to MySQL database: ielts_database
2024-10-09 00:04:17,725 - INFO - Checking plan status for user ID: 6
2024-10-09 00:04:17,728 - INFO - Plan status is active for user ID: 6
2024-10-09 00:04:17,729 - ERROR - Error closing database connections: cannot access local variable 'ielts_cursor' where it is not associated with a value
2024-10-09 00:04:27,798 - INFO - Attempting to connect to MySQL database: ielts_payment
2024-10-09 00:04:27,807 - INFO - Attempting to connect to MySQL database: ielts_database
2024-10-09 00:04:27,815 - INFO - Checking plan status for user ID: 6
2024-10-09 00:04:27,817 - INFO - Plan status is active for user ID: 6
2024-10-09 00:04:27,819 - ERROR - Error closing database connections: cannot access local variable 'ielts_cursor' where it is not associated with a value
2024-10-09 00:04:27,837 - INFO - Attempting to connect to MySQL database: ielts_payment
2024-10-09 00:04:27,841 - INFO - Attempting to connect to MySQL database: ielts_database
2024-10-09 00:04:27,844 - INFO - Checking plan status for user ID: 6
2024-10-09 00:04:27,846 - INFO - Plan status is active for user ID: 6
2024-10-09 00:04:27,849 - ERROR - Error closing database connections: cannot access local variable 'ielts_cursor' where it is not associated with a value
2024-10-09 00:09:23,470 - INFO - Attempting to connect to MySQL database: ielts_payment
2024-10-09 00:09:23,473 - INFO - Attempting to connect to MySQL database: ielts_database
2024-10-09 00:09:23,476 - INFO - Checking plan status for user ID: 6
2024-10-09 00:09:23,478 - INFO - Plan status is active for user ID: 6
2024-10-09 00:09:23,485 - ERROR - Error closing database connections: cannot access local variable 'ielts_cursor' where it is not associated with a value
2024-10-09 00:09:23,505 - INFO - Attempting to connect to MySQL database: ielts_payment
2024-10-09 00:09:23,508 - INFO - Attempting to connect to MySQL database: ielts_database
2024-10-09 00:09:23,518 - INFO - Checking plan status for user ID: 6
2024-10-09 00:09:23,519 - INFO - Plan status is active for user ID: 6
2024-10-09 00:09:23,522 - ERROR - Error closing database connections: cannot access local variable 'ielts_cursor' where it is not associated with a value
2024-10-09 00:09:50,180 - INFO - Attempting to connect to MySQL database: ielts_payment
2024-10-09 00:09:50,182 - INFO - Attempting to connect to MySQL database: ielts_database
2024-10-09 00:09:50,185 - INFO - Checking plan status for user ID: 6
2024-10-09 00:09:50,187 - INFO - Plan status is active for user ID: 6
2024-10-09 00:09:50,188 - ERROR - Error closing database connections: cannot access local variable 'ielts_cursor' where it is not associated with a value
2024-10-09 00:09:50,210 - INFO - Attempting to connect to MySQL database: ielts_payment
2024-10-09 00:09:50,213 - INFO - Attempting to connect to MySQL database: ielts_database
2024-10-09 00:09:50,216 - INFO - Checking plan status for user ID: 6
2024-10-09 00:09:50,217 - INFO - Plan status is active for user ID: 6
2024-10-09 00:09:50,218 - ERROR - Error closing database connections: cannot access local variable 'ielts_cursor' where it is not associated with a value
2024-10-09 00:10:11,039 - INFO - Attempting to connect to MySQL database: ielts_payment
2024-10-09 00:10:11,042 - INFO - Attempting to connect to MySQL database: ielts_database
2024-10-09 00:10:11,043 - INFO - Checking plan status for user ID: 6
2024-10-09 00:10:11,046 - INFO - Plan status is active for user ID: 6
2024-10-09 00:10:11,050 - ERROR - Error closing database connections: cannot access local variable 'ielts_cursor' where it is not associated with a value
2024-10-09 00:10:11,061 - INFO - Attempting to connect to MySQL database: ielts_payment
2024-10-09 00:10:11,066 - INFO - Attempting to connect to MySQL database: ielts_database
2024-10-09 00:10:11,069 - INFO - Checking plan status for user ID: 6
2024-10-09 00:10:11,071 - INFO - Plan status is active for user ID: 6
2024-10-09 00:10:11,073 - ERROR - Error closing database connections: cannot access local variable 'ielts_cursor' where it is not associated with a value
2024-10-09 00:17:20,495 - INFO - Attempting to connect to MySQL database: ielts_payment
2024-10-09 00:17:20,502 - INFO - Attempting to connect to MySQL database: ielts_database
2024-10-09 00:17:20,510 - INFO - Checking plan status for user ID: 6
2024-10-09 00:17:20,514 - INFO - Plan status is active for user ID: 6
2024-10-09 00:17:20,520 - ERROR - Error closing database connections: cannot access local variable 'ielts_cursor' where it is not associated with a value
2024-10-09 00:17:20,572 - INFO - Attempting to connect to MySQL database: ielts_payment
2024-10-09 00:17:20,584 - INFO - Attempting to connect to MySQL database: ielts_database
2024-10-09 00:17:20,594 - INFO - Checking plan status for user ID: 6
2024-10-09 00:17:20,598 - INFO - Plan status is active for user ID: 6
2024-10-09 00:17:20,600 - ERROR - Error closing database connections: cannot access local variable 'ielts_cursor' where it is not associated with a value
2024-10-09 00:17:52,128 - INFO - Attempting to connect to MySQL database: ielts_payment
2024-10-09 00:17:52,164 - INFO - Attempting to connect to MySQL database: ielts_database
2024-10-09 00:17:52,168 - INFO - Checking plan status for user ID: 6
2024-10-09 00:17:52,170 - INFO - Plan status is active for user ID: 6
2024-10-09 00:17:52,181 - ERROR - Error closing database connections: cannot access local variable 'ielts_cursor' where it is not associated with a value
2024-10-09 00:17:52,207 - INFO - Attempting to connect to MySQL database: ielts_payment
2024-10-09 00:17:52,209 - INFO - Attempting to connect to MySQL database: ielts_database
2024-10-09 00:17:52,220 - INFO - Checking plan status for user ID: 6
2024-10-09 00:17:52,222 - INFO - Plan status is active for user ID: 6
2024-10-09 00:17:52,223 - ERROR - Error closing database connections: cannot access local variable 'ielts_cursor' where it is not associated with a value
2024-10-09 00:24:17,557 - INFO - Attempting to connect to MySQL database: ielts_payment
2024-10-09 00:24:17,559 - INFO - Attempting to connect to MySQL database: ielts_database
2024-10-09 00:24:17,561 - INFO - Checking plan status for user ID: 6
2024-10-09 00:24:17,562 - INFO - Plan status is active for user ID: 6
2024-10-09 00:24:17,563 - ERROR - Error closing database connections: cannot access local variable 'ielts_cursor' where it is not associated with a value
2024-10-09 00:24:38,523 - INFO - Attempting to connect to MySQL database: ielts_payment
2024-10-09 00:24:38,525 - INFO - Attempting to connect to MySQL database: ielts_database
2024-10-09 00:24:38,528 - INFO - Checking plan status for user ID: 6
2024-10-09 00:24:38,529 - INFO - Plan status is active for user ID: 6
2024-10-09 00:24:38,531 - ERROR - Error closing database connections: cannot access local variable 'ielts_cursor' where it is not associated with a value
2024-10-09 00:30:35,529 - INFO - Attempting to connect to MySQL database: ielts_payment
2024-10-09 00:30:35,531 - INFO - Attempting to connect to MySQL database: ielts_database
2024-10-09 00:30:35,534 - INFO - Checking plan status for user ID: 6
2024-10-09 00:30:35,535 - INFO - Plan status is active for user ID: 6
2024-10-09 00:30:35,536 - ERROR - Error closing database connections: cannot access local variable 'ielts_cursor' where it is not associated with a value
2024-10-09 00:30:36,515 - INFO - Attempting to connect to MySQL database: ielts_payment
2024-10-09 00:30:36,517 - INFO - Attempting to connect to MySQL database: ielts_database
2024-10-09 00:30:36,519 - INFO - Checking plan status for user ID: 6
2024-10-09 00:30:36,521 - INFO - Plan status is active for user ID: 6
2024-10-09 00:30:36,522 - ERROR - Error closing database connections: cannot access local variable 'ielts_cursor' where it is not associated with a value
2024-10-09 00:34:29,557 - INFO - Attempting to connect to MySQL database: ielts_payment
2024-10-09 00:34:29,559 - INFO - Attempting to connect to MySQL database: ielts_database
2024-10-09 00:34:29,562 - INFO - Checking plan status for user ID: 6
2024-10-09 00:34:29,563 - INFO - Plan status is active for user ID: 6
2024-10-09 00:34:29,565 - ERROR - Error closing database connections: cannot access local variable 'ielts_cursor' where it is not associated with a value
2024-10-09 00:34:32,011 - INFO - Attempting to connect to MySQL database: ielts_payment
2024-10-09 00:34:32,013 - INFO - Attempting to connect to MySQL database: ielts_database
2024-10-09 00:34:32,015 - INFO - Checking plan status for user ID: 6
2024-10-09 00:34:32,016 - INFO - Plan status is active for user ID: 6
2024-10-09 00:34:32,018 - ERROR - Error closing database connections: cannot access local variable 'ielts_cursor' where it is not associated with a value
2024-10-09 00:34:32,028 - INFO - Attempting to connect to MySQL database: ielts_payment
2024-10-09 00:34:32,030 - INFO - Attempting to connect to MySQL database: ielts_database
2024-10-09 00:34:32,033 - INFO - Checking plan status for user ID: 6
2024-10-09 00:34:32,034 - INFO - Plan status is active for user ID: 6
2024-10-09 00:34:32,036 - ERROR - Error closing database connections: cannot access local variable 'ielts_cursor' where it is not associated with a value
2024-10-09 00:40:18,503 - INFO - Attempting to connect to MySQL database: ielts_payment
2024-10-09 00:40:18,505 - INFO - Attempting to connect to MySQL database: ielts_database
2024-10-09 00:40:18,508 - INFO - Checking plan status for user ID: 6
2024-10-09 00:40:18,510 - INFO - Plan status is active for user ID: 6
2024-10-09 00:40:18,513 - ERROR - Error closing database connections: cannot access local variable 'ielts_cursor' where it is not associated with a value
2024-10-09 00:40:21,510 - INFO - Attempting to connect to MySQL database: ielts_payment
2024-10-09 00:40:21,512 - INFO - Attempting to connect to MySQL database: ielts_database
2024-10-09 00:40:21,514 - INFO - Checking plan status for user ID: 6
2024-10-09 00:40:21,515 - INFO - Plan status is active for user ID: 6
2024-10-09 00:40:21,516 - ERROR - Error closing database connections: cannot access local variable 'ielts_cursor' where it is not associated with a value
2024-10-09 00:40:29,509 - INFO - Attempting to connect to MySQL database: ielts_payment
2024-10-09 00:40:29,511 - INFO - Attempting to connect to MySQL database: ielts_database
2024-10-09 00:40:29,513 - INFO - Checking plan status for user ID: 6
2024-10-09 00:40:29,514 - INFO - Plan status is active for user ID: 6
2024-10-09 00:40:29,515 - ERROR - Error closing database connections: cannot access local variable 'ielts_cursor' where it is not associated with a value
2024-10-09 00:40:32,510 - INFO - Attempting to connect to MySQL database: ielts_payment
2024-10-09 00:40:32,511 - INFO - Attempting to connect to MySQL database: ielts_database
2024-10-09 00:40:32,514 - INFO - Checking plan status for user ID: 6
2024-10-09 00:40:32,516 - INFO - Plan status is active for user ID: 6
2024-10-09 00:40:32,517 - ERROR - Error closing database connections: cannot access local variable 'ielts_cursor' where it is not associated with a value
2024-10-09 00:40:35,503 - INFO - Attempting to connect to MySQL database: ielts_payment
2024-10-09 00:40:35,505 - INFO - Attempting to connect to MySQL database: ielts_database
2024-10-09 00:40:35,507 - INFO - Checking plan status for user ID: 6
2024-10-09 00:40:35,508 - INFO - Plan status is active for user ID: 6
2024-10-09 00:40:35,510 - ERROR - Error closing database connections: cannot access local variable 'ielts_cursor' where it is not associated with a value
2024-10-09 00:40:36,494 - INFO - Attempting to connect to MySQL database: ielts_payment
2024-10-09 00:40:36,496 - INFO - Attempting to connect to MySQL database: ielts_database
2024-10-09 00:40:36,498 - INFO - Checking plan status for user ID: 6
2024-10-09 00:40:36,499 - INFO - Plan status is active for user ID: 6
2024-10-09 00:40:36,500 - ERROR - Error closing database connections: cannot access local variable 'ielts_cursor' where it is not associated with a value
2024-10-09 00:47:54,835 - INFO - Attempting to connect to MySQL database: ielts_payment
2024-10-09 00:47:54,837 - INFO - Attempting to connect to MySQL database: ielts_database
2024-10-09 00:47:54,840 - INFO - Checking plan status for user ID: 6
2024-10-09 00:47:54,842 - INFO - Plan status is active for user ID: 6
2024-10-09 00:47:54,843 - ERROR - Error closing database connections: cannot access local variable 'ielts_cursor' where it is not associated with a value
2024-10-09 00:47:54,864 - INFO - Attempting to connect to MySQL database: ielts_payment
2024-10-09 00:47:54,872 - INFO - Attempting to connect to MySQL database: ielts_database
2024-10-09 00:47:54,874 - INFO - Checking plan status for user ID: 6
2024-10-09 00:47:54,876 - INFO - Plan status is active for user ID: 6
2024-10-09 00:47:54,876 - ERROR - Error closing database connections: cannot access local variable 'ielts_cursor' where it is not associated with a value
2024-10-09 00:55:25,510 - INFO - Attempting to connect to MySQL database: ielts_payment
2024-10-09 00:55:25,513 - INFO - Attempting to connect to MySQL database: ielts_database
2024-10-09 00:55:25,515 - INFO - Checking plan status for user ID: 6
2024-10-09 00:55:25,517 - INFO - Plan status is active for user ID: 6
2024-10-09 00:55:25,519 - ERROR - Error closing database connections: cannot access local variable 'ielts_cursor' where it is not associated with a value
2024-10-09 00:55:46,898 - INFO - Attempting to connect to MySQL database: ielts_payment
2024-10-09 00:55:46,900 - INFO - Attempting to connect to MySQL database: ielts_database
2024-10-09 00:55:46,905 - INFO - Checking plan status for user ID: 6
2024-10-09 00:55:46,906 - INFO - Plan status is active for user ID: 6
2024-10-09 00:55:46,907 - ERROR - Error closing database connections: cannot access local variable 'ielts_cursor' where it is not associated with a value
2024-10-09 00:55:46,928 - INFO - Attempting to connect to MySQL database: ielts_payment
2024-10-09 00:55:46,934 - INFO - Attempting to connect to MySQL database: ielts_database
2024-10-09 00:55:46,937 - INFO - Checking plan status for user ID: 6
2024-10-09 00:55:46,939 - INFO - Plan status is active for user ID: 6
2024-10-09 00:55:46,940 - ERROR - Error closing database connections: cannot access local variable 'ielts_cursor' where it is not associated with a value
2024-10-09 00:57:32,470 - INFO - Attempting to connect to MySQL database: ielts_payment
2024-10-09 00:57:32,472 - INFO - Attempting to connect to MySQL database: ielts_database
2024-10-09 00:57:32,474 - INFO - Checking plan status for user ID: 6
2024-10-09 00:57:32,475 - INFO - Plan status is active for user ID: 6
2024-10-09 00:57:32,476 - ERROR - Error closing database connections: cannot access local variable 'ielts_cursor' where it is not associated with a value
2024-10-09 00:57:32,490 - INFO - Attempting to connect to MySQL database: ielts_payment
2024-10-09 00:57:32,492 - INFO - Attempting to connect to MySQL database: ielts_database
2024-10-09 00:57:32,494 - INFO - Checking plan status for user ID: 6
2024-10-09 00:57:32,497 - INFO - Plan status is active for user ID: 6
2024-10-09 00:57:32,499 - ERROR - Error closing database connections: cannot access local variable 'ielts_cursor' where it is not associated with a value
2024-10-09 00:57:33,464 - INFO - Attempting to connect to MySQL database: ielts_payment
2024-10-09 00:57:33,466 - INFO - Attempting to connect to MySQL database: ielts_database
2024-10-09 00:57:33,468 - INFO - Checking plan status for user ID: 6
2024-10-09 00:57:33,470 - INFO - Plan status is active for user ID: 6
2024-10-09 00:57:33,471 - ERROR - Error closing database connections: cannot access local variable 'ielts_cursor' where it is not associated with a value
2024-10-09 00:57:46,460 - INFO - Attempting to connect to MySQL database: ielts_payment
2024-10-09 00:57:46,462 - INFO - Attempting to connect to MySQL database: ielts_database
2024-10-09 00:57:46,464 - INFO - Checking plan status for user ID: 6
2024-10-09 00:57:46,465 - INFO - Plan status is active for user ID: 6
2024-10-09 00:57:46,466 - ERROR - Error closing database connections: cannot access local variable 'ielts_cursor' where it is not associated with a value
2024-10-09 00:57:46,476 - INFO - Attempting to connect to MySQL database: ielts_payment
2024-10-09 00:57:46,479 - INFO - Attempting to connect to MySQL database: ielts_database
2024-10-09 00:57:46,483 - INFO - Checking plan status for user ID: 6
2024-10-09 00:57:46,484 - INFO - Plan status is active for user ID: 6
2024-10-09 00:57:46,486 - ERROR - Error closing database connections: cannot access local variable 'ielts_cursor' where it is not associated with a value
2024-10-09 00:57:47,518 - INFO - Attempting to connect to MySQL database: ielts_payment
2024-10-09 00:57:47,519 - INFO - Attempting to connect to MySQL database: ielts_database
2024-10-09 00:57:47,521 - INFO - Checking plan status for user ID: 6
2024-10-09 00:57:47,523 - INFO - Plan status is active for user ID: 6
2024-10-09 00:57:47,525 - ERROR - Error closing database connections: cannot access local variable 'ielts_cursor' where it is not associated with a value
2024-10-09 00:57:48,416 - INFO - Attempting to connect to MySQL database: ielts_payment
2024-10-09 00:57:48,417 - INFO - Attempting to connect to MySQL database: ielts_database
2024-10-09 00:57:48,419 - INFO - Checking plan status for user ID: 6
2024-10-09 00:57:48,422 - INFO - Plan status is active for user ID: 6
2024-10-09 00:57:48,424 - ERROR - Error closing database connections: cannot access local variable 'ielts_cursor' where it is not associated with a value
2024-10-09 01:02:31,477 - INFO - Attempting to connect to MySQL database: ielts_payment
2024-10-09 01:02:31,480 - INFO - Attempting to connect to MySQL database: ielts_database
2024-10-09 01:02:31,482 - INFO - Checking plan status for user ID: 6
2024-10-09 01:02:31,484 - INFO - Plan status is active for user ID: 6
2024-10-09 01:02:31,485 - ERROR - Error closing database connections: cannot access local variable 'ielts_cursor' where it is not associated with a value
2024-10-09 01:02:31,495 - INFO - Attempting to connect to MySQL database: ielts_payment
2024-10-09 01:02:31,499 - INFO - Attempting to connect to MySQL database: ielts_database
2024-10-09 01:02:31,500 - INFO - Checking plan status for user ID: 6
2024-10-09 01:02:31,502 - INFO - Plan status is active for user ID: 6
2024-10-09 01:02:31,503 - ERROR - Error closing database connections: cannot access local variable 'ielts_cursor' where it is not associated with a value
2024-10-09 01:02:43,464 - INFO - Attempting to connect to MySQL database: ielts_payment
2024-10-09 01:02:43,465 - INFO - Attempting to connect to MySQL database: ielts_database
2024-10-09 01:02:43,468 - INFO - Checking plan status for user ID: 6
2024-10-09 01:02:43,470 - INFO - Plan status is active for user ID: 6
2024-10-09 01:02:43,471 - ERROR - Error closing database connections: cannot access local variable 'ielts_cursor' where it is not associated with a value
2024-10-09 01:02:43,482 - INFO - Attempting to connect to MySQL database: ielts_payment
2024-10-09 01:02:43,483 - INFO - Attempting to connect to MySQL database: ielts_database
2024-10-09 01:02:43,486 - INFO - Checking plan status for user ID: 6
2024-10-09 01:02:43,487 - INFO - Plan status is active for user ID: 6
2024-10-09 01:02:43,488 - ERROR - Error closing database connections: cannot access local variable 'ielts_cursor' where it is not associated with a value
2024-10-09 01:02:45,588 - INFO - Attempting to connect to MySQL database: ielts_payment
2024-10-09 01:02:45,590 - INFO - Attempting to connect to MySQL database: ielts_database
2024-10-09 01:02:45,593 - INFO - Checking plan status for user ID: 6
2024-10-09 01:02:45,595 - INFO - Plan status is active for user ID: 6
2024-10-09 01:02:45,596 - ERROR - Error closing database connections: cannot access local variable 'ielts_cursor' where it is not associated with a value
2024-10-09 01:02:48,264 - INFO - Attempting to connect to MySQL database: ielts_payment
2024-10-09 01:02:48,266 - INFO - Attempting to connect to MySQL database: ielts_database
2024-10-09 01:02:48,268 - INFO - Checking plan status for user ID: 6
2024-10-09 01:02:48,269 - INFO - Plan status is active for user ID: 6
2024-10-09 01:02:48,269 - ERROR - Error closing database connections: cannot access local variable 'ielts_cursor' where it is not associated with a value
2024-10-09 01:02:48,285 - INFO - Attempting to connect to MySQL database: ielts_payment
2024-10-09 01:02:48,286 - INFO - Attempting to connect to MySQL database: ielts_database
2024-10-09 01:02:48,290 - INFO - Checking plan status for user ID: 6
2024-10-09 01:02:48,292 - INFO - Plan status is active for user ID: 6
2024-10-09 01:02:48,293 - ERROR - Error closing database connections: cannot access local variable 'ielts_cursor' where it is not associated with a value
2024-10-09 01:02:57,521 - INFO - Attempting to connect to MySQL database: ielts_payment
2024-10-09 01:02:57,522 - INFO - Attempting to connect to MySQL database: ielts_database
2024-10-09 01:02:57,525 - INFO - Checking plan status for user ID: 6
2024-10-09 01:02:57,526 - INFO - Plan status is active for user ID: 6
2024-10-09 01:02:57,527 - ERROR - Error closing database connections: cannot access local variable 'ielts_cursor' where it is not associated with a value
2024-10-09 01:07:40,617 - INFO - Attempting to connect to MySQL database: ielts_payment
2024-10-09 01:07:40,619 - INFO - Attempting to connect to MySQL database: ielts_database
2024-10-09 01:07:40,622 - INFO - Checking plan status for user ID: 6
2024-10-09 01:07:40,625 - INFO - Plan status is active for user ID: 6
2024-10-09 01:07:40,627 - ERROR - Error closing database connections: cannot access local variable 'ielts_cursor' where it is not associated with a value
2024-10-09 01:07:40,654 - INFO - Attempting to connect to MySQL database: ielts_payment
2024-10-09 01:07:40,673 - INFO - Attempting to connect to MySQL database: ielts_database
2024-10-09 01:07:40,675 - INFO - Checking plan status for user ID: 6
2024-10-09 01:07:40,677 - INFO - Plan status is active for user ID: 6
2024-10-09 01:07:40,678 - ERROR - Error closing database connections: cannot access local variable 'ielts_cursor' where it is not associated with a value
2024-10-09 01:08:20,100 - INFO - Attempting to connect to MySQL database: ielts_payment
2024-10-09 01:08:20,102 - INFO - Attempting to connect to MySQL database: ielts_database
2024-10-09 01:08:20,104 - INFO - Checking plan status for user ID: 6
2024-10-09 01:08:20,105 - INFO - Plan status is active for user ID: 6
2024-10-09 01:08:20,107 - ERROR - Error closing database connections: cannot access local variable 'ielts_cursor' where it is not associated with a value
2024-10-09 01:08:20,121 - INFO - Attempting to connect to MySQL database: ielts_payment
2024-10-09 01:08:20,123 - INFO - Attempting to connect to MySQL database: ielts_database
2024-10-09 01:08:20,125 - INFO - Checking plan status for user ID: 6
2024-10-09 01:08:20,125 - INFO - Plan status is active for user ID: 6
2024-10-09 01:08:20,127 - ERROR - Error closing database connections: cannot access local variable 'ielts_cursor' where it is not associated with a value
2024-10-09 01:14:49,612 - INFO - Attempting to connect to MySQL database: ielts_payment
2024-10-09 01:14:49,615 - INFO - Attempting to connect to MySQL database: ielts_database
2024-10-09 01:14:49,619 - INFO - Checking plan status for user ID: 6
2024-10-09 01:14:49,620 - INFO - Plan status is active for user ID: 6
2024-10-09 01:14:49,621 - ERROR - Error closing database connections: cannot access local variable 'ielts_cursor' where it is not associated with a value
2024-10-09 01:14:49,641 - INFO - Attempting to connect to MySQL database: ielts_payment
2024-10-09 01:14:49,643 - INFO - Attempting to connect to MySQL database: ielts_database
2024-10-09 01:14:49,650 - INFO - Checking plan status for user ID: 6
2024-10-09 01:14:49,654 - INFO - Plan status is active for user ID: 6
2024-10-09 01:14:49,655 - ERROR - Error closing database connections: cannot access local variable 'ielts_cursor' where it is not associated with a value
2024-10-09 01:16:02,769 - INFO - Starting payments service
2024-10-09 01:16:02,771 - INFO - Starting Eureka client registration
2024-10-09 01:16:03,129 - INFO - Eureka client started and service registered successfully.
2024-10-09 01:16:05,289 - INFO - Starting payments service
2024-10-09 01:16:05,290 - INFO - Starting Eureka client registration
2024-10-09 01:16:05,676 - INFO - Eureka client started and service registered successfully.
2024-10-09 01:16:09,135 - INFO - Starting payments service
2024-10-09 01:16:09,137 - INFO - Starting Eureka client registration
2024-10-09 01:16:09,532 - INFO - Eureka client started and service registered successfully.
2024-10-09 06:33:04,795 - INFO - Starting payments service
2024-10-09 06:33:04,797 - INFO - Starting Eureka client registration
2024-10-09 06:33:05,170 - INFO - Eureka client started and service registered successfully.
2024-10-09 06:33:06,294 - INFO - Starting payments service
2024-10-09 06:33:06,295 - INFO - Starting Eureka client registration
2024-10-09 06:33:06,627 - INFO - Eureka client started and service registered successfully.
2024-10-09 06:34:02,818 - INFO - Starting payments service
2024-10-09 06:34:02,819 - INFO - Starting Eureka client registration
2024-10-09 06:34:03,255 - INFO - Eureka client started and service registered successfully.
2024-10-09 06:34:41,672 - INFO - Starting payments service
2024-10-09 06:34:41,674 - INFO - Starting Eureka client registration
2024-10-09 06:34:42,061 - INFO - Eureka client started and service registered successfully.
2024-10-09 06:34:44,590 - INFO - Starting payments service
2024-10-09 06:34:44,591 - INFO - Starting Eureka client registration
2024-10-09 06:34:44,970 - INFO - Eureka client started and service registered successfully.
2024-10-09 06:34:47,223 - INFO - Starting payments service
2024-10-09 06:34:47,224 - INFO - Starting Eureka client registration
2024-10-09 06:34:47,628 - INFO - Eureka client started and service registered successfully.
2024-10-09 06:34:51,908 - INFO - Starting payments service
2024-10-09 06:34:51,909 - INFO - Starting Eureka client registration
2024-10-09 06:34:52,290 - INFO - Eureka client started and service registered successfully.
2024-10-09 06:35:16,655 - INFO - Starting payments service
2024-10-09 06:35:16,656 - INFO - Starting Eureka client registration
2024-10-09 06:35:17,016 - INFO - Eureka client started and service registered successfully.
2024-10-09 06:44:23,523 - INFO - Starting payments service
2024-10-09 06:44:23,525 - INFO - Starting Eureka client registration
2024-10-09 06:44:23,996 - INFO - Eureka client started and service registered successfully.
2024-10-09 06:45:35,645 - INFO - Attempting to connect to MySQL database: ielts_payment
2024-10-09 06:45:35,656 - INFO - Attempting to connect to MySQL database: ielts_database
2024-10-09 06:45:35,663 - INFO - Checking plan status for user ID: 6
2024-10-09 06:45:35,669 - INFO - Plan status is active for user ID: 6
2024-10-09 06:45:35,671 - ERROR - Error closing database connections: cannot access local variable 'ielts_cursor' where it is not associated with a value
2024-10-09 06:45:35,734 - INFO - Attempting to connect to MySQL database: ielts_payment
2024-10-09 06:45:35,736 - INFO - Attempting to connect to MySQL database: ielts_database
2024-10-09 06:45:35,739 - INFO - Checking plan status for user ID: 6
2024-10-09 06:45:35,742 - INFO - Plan status is active for user ID: 6
2024-10-09 06:45:35,744 - ERROR - Error closing database connections: cannot access local variable 'ielts_cursor' where it is not associated with a value
2024-10-09 06:49:28,837 - INFO - Starting payments service
2024-10-09 06:49:28,837 - INFO - Starting Eureka client registration
2024-10-09 06:49:29,206 - INFO - Eureka client started and service registered successfully.
2024-10-09 06:59:23,638 - INFO - Attempting to connect to MySQL database: ielts_payment
2024-10-09 06:59:23,667 - INFO - Attempting to connect to MySQL database: ielts_database
2024-10-09 06:59:23,681 - INFO - Checking plan status for user ID: 6
2024-10-09 06:59:23,684 - INFO - Plan status is active for user ID: 6
2024-10-09 06:59:23,688 - ERROR - Error closing database connections: cannot access local variable 'ielts_cursor' where it is not associated with a value
2024-10-09 06:59:23,723 - INFO - Attempting to connect to MySQL database: ielts_payment
2024-10-09 06:59:23,735 - INFO - Attempting to connect to MySQL database: ielts_database
2024-10-09 06:59:23,738 - INFO - Checking plan status for user ID: 6
2024-10-09 06:59:23,740 - INFO - Plan status is active for user ID: 6
2024-10-09 06:59:23,740 - ERROR - Error closing database connections: cannot access local variable 'ielts_cursor' where it is not associated with a value
2024-10-09 06:59:40,340 - INFO - Attempting to connect to MySQL database: ielts_payment
2024-10-09 06:59:40,344 - INFO - Attempting to connect to MySQL database: ielts_database
2024-10-09 06:59:40,351 - INFO - Checking plan status for user ID: 6
2024-10-09 06:59:40,356 - INFO - Plan status is active for user ID: 6
2024-10-09 06:59:40,358 - ERROR - Error closing database connections: cannot access local variable 'ielts_cursor' where it is not associated with a value
2024-10-09 06:59:40,387 - INFO - Attempting to connect to MySQL database: ielts_payment
2024-10-09 06:59:40,390 - INFO - Attempting to connect to MySQL database: ielts_database
2024-10-09 06:59:40,394 - INFO - Checking plan status for user ID: 6
2024-10-09 06:59:40,397 - INFO - Plan status is active for user ID: 6
2024-10-09 06:59:40,398 - ERROR - Error closing database connections: cannot access local variable 'ielts_cursor' where it is not associated with a value
2024-10-09 07:01:29,847 - INFO - Attempting to connect to MySQL database: ielts_payment
2024-10-09 07:01:29,851 - INFO - Attempting to connect to MySQL database: ielts_database
2024-10-09 07:01:29,856 - INFO - Checking plan status for user ID: 6
2024-10-09 07:01:29,861 - INFO - Plan status is active for user ID: 6
2024-10-09 07:01:29,875 - ERROR - Error closing database connections: cannot access local variable 'ielts_cursor' where it is not associated with a value
2024-10-09 07:01:29,904 - INFO - Attempting to connect to MySQL database: ielts_payment
2024-10-09 07:01:29,910 - INFO - Attempting to connect to MySQL database: ielts_database
2024-10-09 07:01:29,913 - INFO - Checking plan status for user ID: 6
2024-10-09 07:01:29,914 - INFO - Plan status is active for user ID: 6
2024-10-09 07:01:29,920 - ERROR - Error closing database connections: cannot access local variable 'ielts_cursor' where it is not associated with a value
2024-10-09 07:33:06,745 - INFO - Starting payments service
2024-10-09 07:33:06,746 - INFO - Starting Eureka client registration
2024-10-09 07:33:07,100 - INFO - Eureka client started and service registered successfully.
2024-10-09 08:06:51,402 - INFO - Starting payments service
2024-10-09 08:06:51,403 - INFO - Starting Eureka client registration
2024-10-09 08:06:51,733 - INFO - Eureka client started and service registered successfully.
2024-10-09 08:07:01,904 - INFO - Starting payments service
2024-10-09 08:07:01,905 - INFO - Starting Eureka client registration
2024-10-09 08:07:02,230 - INFO - Eureka client started and service registered successfully.
2024-10-09 09:45:42,804 - INFO - Starting payments service
2024-10-09 09:45:42,805 - INFO - Starting Eureka client registration
2024-10-09 09:45:51,504 - INFO - Eureka client started and service registered successfully.
2024-10-09 10:35:05,276 - INFO - Starting payments service
2024-10-09 10:35:05,278 - INFO - Starting Eureka client registration
2024-10-09 10:35:13,873 - INFO - Eureka client started and service registered successfully.
2024-10-09 10:35:16,984 - INFO - Starting payments service
2024-10-09 10:35:16,986 - INFO - Starting Eureka client registration
2024-10-09 10:35:18,540 - INFO - Eureka client started and service registered successfully.
2024-10-09 10:36:38,192 - INFO - Starting payments service
2024-10-09 10:36:38,194 - INFO - Starting Eureka client registration
2024-10-09 10:36:38,551 - INFO - Eureka client started and service registered successfully.
2024-10-09 10:36:39,681 - INFO - Starting payments service
2024-10-09 10:36:39,683 - INFO - Starting Eureka client registration
2024-10-09 10:36:40,032 - INFO - Eureka client started and service registered successfully.
2024-10-09 10:44:13,879 - INFO - Starting payments service
2024-10-09 10:44:13,880 - INFO - Starting Eureka client registration
2024-10-09 10:44:14,231 - INFO - Eureka client started and service registered successfully.
2024-10-09 10:48:07,804 - INFO - Starting payments service
2024-10-09 10:48:07,805 - INFO - Starting Eureka client registration
2024-10-09 10:48:08,164 - INFO - Eureka client started and service registered successfully.
2024-10-09 10:55:26,992 - INFO - Starting payments service
2024-10-09 10:55:26,993 - INFO - Starting Eureka client registration
2024-10-09 10:55:27,432 - INFO - Eureka client started and service registered successfully.
2024-10-09 10:58:23,936 - INFO - Starting payments service
2024-10-09 10:58:23,937 - INFO - Starting Eureka client registration
2024-10-09 10:58:24,302 - INFO - Eureka client started and service registered successfully.
2024-10-09 11:15:07,205 - INFO - Attempting to connect to MySQL database: ielts_payment
2024-10-09 11:15:07,210 - INFO - Attempting to connect to MySQL database: ielts_database
2024-10-09 11:15:07,214 - INFO - Checking plan status for user ID: 6
2024-10-09 11:15:07,215 - INFO - Plan status is active for user ID: 6
2024-10-09 11:15:07,216 - ERROR - Error closing database connections: cannot access local variable 'ielts_cursor' where it is not associated with a value
2024-10-09 11:15:07,226 - INFO - Attempting to connect to MySQL database: ielts_payment
2024-10-09 11:15:07,229 - INFO - Attempting to connect to MySQL database: ielts_database
2024-10-09 11:15:07,231 - INFO - Checking plan status for user ID: 6
2024-10-09 11:15:07,232 - INFO - Plan status is active for user ID: 6
2024-10-09 11:15:07,233 - ERROR - Error closing database connections: cannot access local variable 'ielts_cursor' where it is not associated with a value
2024-10-09 11:16:05,782 - INFO - Attempting to connect to MySQL database: ielts_payment
2024-10-09 11:16:05,786 - INFO - Attempting to connect to MySQL database: ielts_database
2024-10-09 11:16:05,788 - INFO - Checking plan status for user ID: 6
2024-10-09 11:16:05,791 - INFO - Plan status is active for user ID: 6
2024-10-09 11:16:05,792 - ERROR - Error closing database connections: cannot access local variable 'ielts_cursor' where it is not associated with a value
2024-10-09 11:16:05,804 - INFO - Attempting to connect to MySQL database: ielts_payment
2024-10-09 11:16:05,807 - INFO - Attempting to connect to MySQL database: ielts_database
2024-10-09 11:16:05,810 - INFO - Checking plan status for user ID: 6
2024-10-09 11:16:05,811 - INFO - Plan status is active for user ID: 6
2024-10-09 11:16:05,813 - ERROR - Error closing database connections: cannot access local variable 'ielts_cursor' where it is not associated with a value
2024-10-09 11:16:08,153 - INFO - Starting payments service
2024-10-09 11:16:08,155 - INFO - Starting Eureka client registration
2024-10-09 11:16:08,507 - INFO - Eureka client started and service registered successfully.
2024-10-09 11:18:01,816 - INFO - Attempting to connect to MySQL database: ielts_payment
2024-10-09 11:18:01,824 - INFO - Attempting to connect to MySQL database: ielts_database
2024-10-09 11:18:01,827 - INFO - Checking plan status for user ID: 6
2024-10-09 11:18:01,830 - INFO - Plan status is active for user ID: 6
2024-10-09 11:18:01,831 - ERROR - Error closing database connections: cannot access local variable 'ielts_cursor' where it is not associated with a value
2024-10-09 11:18:01,846 - INFO - Attempting to connect to MySQL database: ielts_payment
2024-10-09 11:18:01,848 - INFO - Attempting to connect to MySQL database: ielts_database
2024-10-09 11:18:01,850 - INFO - Checking plan status for user ID: 6
2024-10-09 11:18:01,851 - INFO - Plan status is active for user ID: 6
2024-10-09 11:18:01,853 - ERROR - Error closing database connections: cannot access local variable 'ielts_cursor' where it is not associated with a value
2024-10-09 11:36:40,083 - INFO - Starting payments service
2024-10-09 11:36:40,084 - INFO - Starting Eureka client registration
2024-10-09 11:36:40,505 - INFO - Eureka client started and service registered successfully.
2024-10-09 11:47:13,577 - INFO - Starting payments service
2024-10-09 11:47:13,580 - INFO - Starting Eureka client registration
2024-10-09 11:47:14,066 - INFO - Eureka client started and service registered successfully.
2024-10-09 11:53:05,850 - INFO - Starting payments service
2024-10-09 11:53:05,851 - INFO - Starting Eureka client registration
2024-10-09 11:53:06,220 - INFO - Eureka client started and service registered successfully.
2024-10-09 11:56:42,949 - INFO - Starting payments service
2024-10-09 11:56:42,951 - INFO - Starting Eureka client registration
2024-10-09 11:56:43,361 - INFO - Eureka client started and service registered successfully.
2024-10-09 11:56:45,596 - INFO - Starting payments service
2024-10-09 11:56:45,597 - INFO - Starting Eureka client registration
2024-10-09 11:56:45,967 - INFO - Eureka client started and service registered successfully.
2024-10-09 11:56:49,284 - INFO - Starting payments service
2024-10-09 11:56:49,286 - INFO - Starting Eureka client registration
2024-10-09 11:56:49,611 - INFO - Eureka client started and service registered successfully.
2024-10-09 11:56:52,885 - INFO - Starting payments service
2024-10-09 11:56:52,888 - INFO - Starting Eureka client registration
2024-10-09 11:56:53,235 - INFO - Eureka client started and service registered successfully.
2024-10-09 11:57:38,428 - INFO - Starting payments service
2024-10-09 11:57:38,430 - INFO - Starting Eureka client registration
2024-10-09 11:57:38,826 - INFO - Eureka client started and service registered successfully.
2024-10-09 11:58:29,503 - INFO - Attempting to connect to MySQL database: ielts_payment
2024-10-09 11:58:29,512 - INFO - Attempting to connect to MySQL database: ielts_database
2024-10-09 11:58:29,517 - INFO - Checking plan status for user ID: 6
2024-10-09 11:58:29,520 - INFO - Plan status is active for user ID: 6
2024-10-09 11:58:29,522 - ERROR - Error closing database connections: cannot access local variable 'ielts_cursor' where it is not associated with a value
2024-10-09 11:58:29,605 - INFO - Attempting to connect to MySQL database: ielts_payment
2024-10-09 11:58:29,608 - INFO - Attempting to connect to MySQL database: ielts_database
2024-10-09 11:58:29,612 - INFO - Checking plan status for user ID: 6
2024-10-09 11:58:29,615 - INFO - Plan status is active for user ID: 6
2024-10-09 11:58:29,616 - ERROR - Error closing database connections: cannot access local variable 'ielts_cursor' where it is not associated with a value
2024-10-09 11:59:27,063 - INFO - Starting payments service
2024-10-09 11:59:27,064 - INFO - Starting Eureka client registration
2024-10-09 11:59:27,508 - INFO - Eureka client started and service registered successfully.
2024-10-09 12:19:35,900 - INFO - Starting payments service
2024-10-09 12:19:35,902 - INFO - Starting Eureka client registration
2024-10-09 12:19:36,280 - INFO - Eureka client started and service registered successfully.
2024-10-09 12:20:45,500 - INFO - Attempting to connect to MySQL database: ielts_payment
2024-10-09 12:20:45,506 - INFO - Attempting to connect to MySQL database: ielts_database
2024-10-09 12:20:45,511 - INFO - Checking plan status for user ID: 6
2024-10-09 12:20:45,514 - INFO - Plan status is active for user ID: 6
2024-10-09 12:20:45,516 - ERROR - Error closing database connections: cannot access local variable 'ielts_cursor' where it is not associated with a value
2024-10-09 12:20:45,539 - INFO - Attempting to connect to MySQL database: ielts_payment
2024-10-09 12:20:45,542 - INFO - Attempting to connect to MySQL database: ielts_database
2024-10-09 12:20:45,547 - INFO - Checking plan status for user ID: 6
2024-10-09 12:20:45,549 - INFO - Plan status is active for user ID: 6
2024-10-09 12:20:45,550 - ERROR - Error closing database connections: cannot access local variable 'ielts_cursor' where it is not associated with a value
2024-10-09 12:36:03,673 - INFO - Attempting to connect to MySQL database: ielts_payment
2024-10-09 12:36:03,675 - INFO - Attempting to connect to MySQL database: ielts_database
2024-10-09 12:36:03,677 - INFO - Checking plan status for user ID: 6
2024-10-09 12:36:03,678 - INFO - Plan status is active for user ID: 6
2024-10-09 12:36:03,681 - ERROR - Error closing database connections: cannot access local variable 'ielts_cursor' where it is not associated with a value
2024-10-09 12:36:03,706 - INFO - Attempting to connect to MySQL database: ielts_payment
2024-10-09 12:36:03,708 - INFO - Attempting to connect to MySQL database: ielts_database
2024-10-09 12:36:03,712 - INFO - Checking plan status for user ID: 6
2024-10-09 12:36:03,714 - INFO - Plan status is active for user ID: 6
2024-10-09 12:36:03,716 - ERROR - Error closing database connections: cannot access local variable 'ielts_cursor' where it is not associated with a value
2024-10-09 12:55:13,218 - INFO - Starting payments service
2024-10-09 12:55:13,221 - INFO - Starting Eureka client registration
2024-10-09 12:55:13,658 - INFO - Eureka client started and service registered successfully.
2024-10-09 12:55:19,375 - INFO - Starting payments service
2024-10-09 12:55:19,376 - INFO - Starting Eureka client registration
2024-10-09 12:55:20,089 - INFO - Eureka client started and service registered successfully.
2024-10-09 13:08:39,142 - INFO - Starting payments service
2024-10-09 13:08:39,144 - INFO - Starting Eureka client registration
2024-10-09 13:08:39,616 - INFO - Eureka client started and service registered successfully.
2024-10-09 13:09:53,353 - INFO - Starting payments service
2024-10-09 13:09:53,355 - INFO - Starting Eureka client registration
2024-10-09 13:09:53,967 - INFO - Eureka client started and service registered successfully.
2024-10-09 13:10:58,462 - INFO - Attempting to connect to MySQL database: ielts_payment
2024-10-09 13:10:58,484 - INFO - Attempting to connect to MySQL database: ielts_database
2024-10-09 13:10:58,493 - INFO - Checking plan status for user ID: 6
2024-10-09 13:10:58,496 - INFO - Plan status is active for user ID: 6
2024-10-09 13:10:58,499 - ERROR - Error closing database connections: cannot access local variable 'ielts_cursor' where it is not associated with a value
2024-10-09 13:10:58,516 - INFO - Attempting to connect to MySQL database: ielts_payment
2024-10-09 13:10:58,522 - INFO - Attempting to connect to MySQL database: ielts_database
2024-10-09 13:10:58,525 - INFO - Checking plan status for user ID: 6
2024-10-09 13:10:58,528 - INFO - Plan status is active for user ID: 6
2024-10-09 13:10:58,529 - ERROR - Error closing database connections: cannot access local variable 'ielts_cursor' where it is not associated with a value
2024-10-09 13:20:27,603 - INFO - Starting payments service
2024-10-09 13:20:27,604 - INFO - Starting Eureka client registration
2024-10-09 13:20:28,143 - INFO - Eureka client started and service registered successfully.
2024-10-09 15:02:10,706 - INFO - Starting payments service
2024-10-09 15:02:10,715 - INFO - Starting Eureka client registration
2024-10-09 15:02:11,576 - INFO - Eureka client started and service registered successfully.
2024-10-09 15:02:17,599 - INFO - Starting payments service
2024-10-09 15:02:17,601 - INFO - Starting Eureka client registration
2024-10-09 15:02:18,091 - INFO - Eureka client started and service registered successfully.
2024-10-09 15:04:49,859 - INFO - Starting payments service
2024-10-09 15:04:49,861 - INFO - Starting Eureka client registration
2024-10-09 15:04:50,254 - INFO - Eureka client started and service registered successfully.
2024-10-09 15:28:56,624 - INFO - Starting payments service
2024-10-09 15:28:56,626 - INFO - Starting Eureka client registration
2024-10-09 15:28:57,175 - INFO - Eureka client started and service registered successfully.
2024-10-09 15:42:00,714 - INFO - Starting payments service
2024-10-09 15:42:00,726 - INFO - Starting Eureka client registration
2024-10-09 15:42:02,859 - INFO - Eureka client started and service registered successfully.
2024-10-09 15:42:29,173 - INFO - Starting payments service
2024-10-09 15:42:29,177 - INFO - Starting Eureka client registration
2024-10-09 15:42:31,099 - INFO - Eureka client started and service registered successfully.
2024-10-09 15:42:37,829 - INFO - Starting payments service
2024-10-09 15:42:37,855 - INFO - Starting Eureka client registration
2024-10-09 15:42:40,068 - INFO - Eureka client started and service registered successfully.
2024-10-09 15:42:45,548 - INFO - Starting payments service
2024-10-09 15:42:45,550 - INFO - Starting Eureka client registration
2024-10-09 15:42:46,509 - INFO - Eureka client started and service registered successfully.
2024-10-09 15:42:58,683 - INFO - Starting payments service
2024-10-09 15:42:58,686 - INFO - Starting Eureka client registration
2024-10-09 15:43:01,009 - INFO - Eureka client started and service registered successfully.
2024-10-09 15:43:08,735 - INFO - Starting payments service
2024-10-09 15:43:08,737 - INFO - Starting Eureka client registration
2024-10-09 15:43:10,140 - INFO - Eureka client started and service registered successfully.
2024-10-09 15:43:39,769 - INFO - Starting payments service
2024-10-09 15:43:39,772 - INFO - Starting Eureka client registration
2024-10-09 15:43:41,366 - INFO - Eureka client started and service registered successfully.
2024-10-09 15:43:47,713 - INFO - Starting payments service
2024-10-09 15:43:47,717 - INFO - Starting Eureka client registration
2024-10-09 15:43:49,275 - INFO - Eureka client started and service registered successfully.
2024-10-09 15:44:18,964 - INFO - Starting payments service
2024-10-09 15:44:18,967 - INFO - Starting Eureka client registration
2024-10-09 15:44:20,184 - INFO - Eureka client started and service registered successfully.
2024-10-09 15:44:27,088 - INFO - Starting payments service
2024-10-09 15:44:27,090 - INFO - Starting Eureka client registration
2024-10-09 15:44:28,578 - INFO - Eureka client started and service registered successfully.
2024-10-09 15:51:23,044 - INFO - Starting payments service
2024-10-09 15:51:23,046 - INFO - Starting Eureka client registration
2024-10-09 15:51:23,752 - INFO - Eureka client started and service registered successfully.
2024-10-09 15:51:30,587 - INFO - Starting payments service
2024-10-09 15:51:30,589 - INFO - Starting Eureka client registration
2024-10-09 15:51:31,348 - INFO - Eureka client started and service registered successfully.
2024-10-09 15:51:36,153 - INFO - Starting payments service
2024-10-09 15:51:36,155 - INFO - Starting Eureka client registration
2024-10-09 15:51:36,931 - INFO - Eureka client started and service registered successfully.
2024-10-09 16:21:20,812 - INFO - Attempting to connect to MySQL database: ielts_payment
2024-10-09 16:21:20,836 - INFO - Attempting to connect to MySQL database: ielts_database
2024-10-09 16:21:20,855 - INFO - Checking plan status for user ID: 6
2024-10-09 16:21:20,863 - INFO - Plan status is active for user ID: 6
2024-10-09 16:21:20,865 - ERROR - Error closing database connections: cannot access local variable 'ielts_cursor' where it is not associated with a value
2024-10-09 16:21:20,886 - INFO - Attempting to connect to MySQL database: ielts_payment
2024-10-09 16:21:20,890 - INFO - Attempting to connect to MySQL database: ielts_database
2024-10-09 16:21:20,894 - INFO - Checking plan status for user ID: 6
2024-10-09 16:21:20,898 - INFO - Plan status is active for user ID: 6
2024-10-09 16:21:20,900 - ERROR - Error closing database connections: cannot access local variable 'ielts_cursor' where it is not associated with a value
2024-10-09 16:22:02,541 - INFO - Attempting to connect to MySQL database: ielts_payment
2024-10-09 16:22:02,544 - INFO - Attempting to connect to MySQL database: ielts_database
2024-10-09 16:22:02,546 - INFO - Checking plan status for user ID: 6
2024-10-09 16:22:02,549 - INFO - Plan status is active for user ID: 6
2024-10-09 16:22:02,550 - ERROR - Error closing database connections: cannot access local variable 'ielts_cursor' where it is not associated with a value
2024-10-09 16:22:02,558 - INFO - Attempting to connect to MySQL database: ielts_payment
2024-10-09 16:22:02,561 - INFO - Attempting to connect to MySQL database: ielts_database
2024-10-09 16:22:02,562 - INFO - Checking plan status for user ID: 6
2024-10-09 16:22:02,564 - INFO - Plan status is active for user ID: 6
2024-10-09 16:22:02,565 - ERROR - Error closing database connections: cannot access local variable 'ielts_cursor' where it is not associated with a value
2024-10-09 16:23:53,866 - INFO - Attempting to connect to MySQL database: ielts_payment
2024-10-09 16:23:53,878 - INFO - Attempting to connect to MySQL database: ielts_database
2024-10-09 16:23:53,890 - INFO - Checking plan status for user ID: 6
2024-10-09 16:23:53,898 - INFO - Plan status is active for user ID: 6
2024-10-09 16:23:53,901 - ERROR - Error closing database connections: cannot access local variable 'ielts_cursor' where it is not associated with a value
2024-10-09 16:23:53,929 - INFO - Attempting to connect to MySQL database: ielts_payment
2024-10-09 16:23:53,933 - INFO - Attempting to connect to MySQL database: ielts_database
2024-10-09 16:23:53,937 - INFO - Checking plan status for user ID: 6
2024-10-09 16:23:53,941 - INFO - Plan status is active for user ID: 6
2024-10-09 16:23:53,943 - ERROR - Error closing database connections: cannot access local variable 'ielts_cursor' where it is not associated with a value
2024-10-09 16:31:48,658 - INFO - Attempting to connect to MySQL database: ielts_payment
2024-10-09 16:31:48,661 - INFO - Attempting to connect to MySQL database: ielts_database
2024-10-09 16:31:48,666 - INFO - Checking plan status for user ID: 6
2024-10-09 16:31:48,672 - INFO - Plan status is active for user ID: 6
2024-10-09 16:31:48,674 - ERROR - Error closing database connections: cannot access local variable 'ielts_cursor' where it is not associated with a value
2024-10-09 16:31:48,746 - INFO - Attempting to connect to MySQL database: ielts_payment
2024-10-09 16:31:48,750 - INFO - Attempting to connect to MySQL database: ielts_database
2024-10-09 16:31:48,753 - INFO - Checking plan status for user ID: 6
2024-10-09 16:31:48,754 - INFO - Plan status is active for user ID: 6
2024-10-09 16:31:48,755 - ERROR - Error closing database connections: cannot access local variable 'ielts_cursor' where it is not associated with a value
2024-10-09 16:32:35,861 - INFO - Attempting to connect to MySQL database: ielts_payment
2024-10-09 16:32:35,869 - INFO - Attempting to connect to MySQL database: ielts_database
2024-10-09 16:32:35,884 - INFO - Checking plan status for user ID: 6
2024-10-09 16:32:35,886 - INFO - Plan status is active for user ID: 6
2024-10-09 16:32:35,889 - ERROR - Error closing database connections: cannot access local variable 'ielts_cursor' where it is not associated with a value
2024-10-09 16:32:35,920 - INFO - Attempting to connect to MySQL database: ielts_payment
2024-10-09 16:32:35,922 - INFO - Attempting to connect to MySQL database: ielts_database
2024-10-09 16:32:35,928 - INFO - Checking plan status for user ID: 6
2024-10-09 16:32:35,934 - INFO - Plan status is active for user ID: 6
2024-10-09 16:32:35,935 - ERROR - Error closing database connections: cannot access local variable 'ielts_cursor' where it is not associated with a value
2024-10-09 16:32:59,688 - INFO - Starting payments service
2024-10-09 16:32:59,692 - INFO - Starting Eureka client registration
2024-10-09 16:33:00,485 - INFO - Eureka client started and service registered successfully.
2024-10-09 16:33:09,501 - INFO - Starting payments service
2024-10-09 16:33:09,546 - INFO - Starting Eureka client registration
2024-10-09 16:33:11,262 - INFO - Eureka client started and service registered successfully.
2024-10-09 16:33:45,143 - INFO - Attempting to connect to MySQL database: ielts_payment
2024-10-09 16:33:45,154 - INFO - Attempting to connect to MySQL database: ielts_database
2024-10-09 16:33:45,157 - INFO - Checking plan status for user ID: 6
2024-10-09 16:33:45,160 - INFO - Plan status is active for user ID: 6
2024-10-09 16:33:45,162 - ERROR - Error closing database connections: cannot access local variable 'ielts_cursor' where it is not associated with a value
2024-10-09 16:33:45,181 - INFO - Attempting to connect to MySQL database: ielts_payment
2024-10-09 16:33:45,184 - INFO - Attempting to connect to MySQL database: ielts_database
2024-10-09 16:33:45,187 - INFO - Checking plan status for user ID: 6
2024-10-09 16:33:45,190 - INFO - Plan status is active for user ID: 6
2024-10-09 16:33:45,191 - ERROR - Error closing database connections: cannot access local variable 'ielts_cursor' where it is not associated with a value
2024-10-09 16:35:17,890 - INFO - Attempting to connect to MySQL database: ielts_payment
2024-10-09 16:35:17,898 - INFO - Attempting to connect to MySQL database: ielts_database
2024-10-09 16:35:17,904 - INFO - Checking plan status for user ID: 6
2024-10-09 16:35:17,910 - INFO - Plan status is active for user ID: 6
2024-10-09 16:35:17,912 - ERROR - Error closing database connections: cannot access local variable 'ielts_cursor' where it is not associated with a value
2024-10-09 16:35:17,935 - INFO - Attempting to connect to MySQL database: ielts_payment
2024-10-09 16:35:17,941 - INFO - Attempting to connect to MySQL database: ielts_database
2024-10-09 16:35:17,946 - INFO - Checking plan status for user ID: 6
2024-10-09 16:35:17,950 - INFO - Plan status is active for user ID: 6
2024-10-09 16:35:17,951 - ERROR - Error closing database connections: cannot access local variable 'ielts_cursor' where it is not associated with a value
2024-10-09 16:36:21,914 - INFO - Attempting to connect to MySQL database: ielts_payment
2024-10-09 16:36:21,918 - INFO - Attempting to connect to MySQL database: ielts_database
2024-10-09 16:36:21,922 - INFO - Checking plan status for user ID: 6
2024-10-09 16:36:21,924 - INFO - Plan status is active for user ID: 6
2024-10-09 16:36:21,925 - ERROR - Error closing database connections: cannot access local variable 'ielts_cursor' where it is not associated with a value
2024-10-09 16:36:21,945 - INFO - Attempting to connect to MySQL database: ielts_payment
2024-10-09 16:36:21,947 - INFO - Attempting to connect to MySQL database: ielts_database
2024-10-09 16:36:21,951 - INFO - Checking plan status for user ID: 6
2024-10-09 16:36:21,953 - INFO - Plan status is active for user ID: 6
2024-10-09 16:36:21,955 - ERROR - Error closing database connections: cannot access local variable 'ielts_cursor' where it is not associated with a value
2024-10-09 16:46:23,302 - INFO - Attempting to connect to MySQL database: ielts_payment
2024-10-09 16:46:23,306 - INFO - Attempting to connect to MySQL database: ielts_database
2024-10-09 16:46:23,308 - INFO - Checking plan status for user ID: 6
2024-10-09 16:46:23,314 - INFO - Plan status is active for user ID: 6
2024-10-09 16:46:23,316 - ERROR - Error closing database connections: cannot access local variable 'ielts_cursor' where it is not associated with a value
2024-10-09 16:46:23,339 - INFO - Attempting to connect to MySQL database: ielts_payment
2024-10-09 16:46:23,342 - INFO - Attempting to connect to MySQL database: ielts_database
2024-10-09 16:46:23,348 - INFO - Checking plan status for user ID: 6
2024-10-09 16:46:23,351 - INFO - Plan status is active for user ID: 6
2024-10-09 16:46:23,352 - ERROR - Error closing database connections: cannot access local variable 'ielts_cursor' where it is not associated with a value
2024-10-09 16:47:35,032 - INFO - Attempting to connect to MySQL database: ielts_payment
2024-10-09 16:47:35,033 - INFO - Attempting to connect to MySQL database: ielts_database
2024-10-09 16:47:35,035 - INFO - Checking plan status for user ID: 6
2024-10-09 16:47:35,037 - INFO - Plan status is active for user ID: 6
2024-10-09 16:47:35,039 - ERROR - Error closing database connections: cannot access local variable 'ielts_cursor' where it is not associated with a value
2024-10-09 16:47:35,046 - INFO - Attempting to connect to MySQL database: ielts_payment
2024-10-09 16:47:35,049 - INFO - Attempting to connect to MySQL database: ielts_database
2024-10-09 16:47:35,051 - INFO - Checking plan status for user ID: 6
2024-10-09 16:47:35,053 - INFO - Plan status is active for user ID: 6
2024-10-09 16:47:35,054 - ERROR - Error closing database connections: cannot access local variable 'ielts_cursor' where it is not associated with a value
2024-10-09 16:54:17,356 - INFO - Attempting to connect to MySQL database: ielts_payment
2024-10-09 16:54:17,371 - INFO - Attempting to connect to MySQL database: ielts_database
2024-10-09 16:54:17,376 - INFO - Checking plan status for user ID: 6
2024-10-09 16:54:17,379 - INFO - Plan status is active for user ID: 6
2024-10-09 16:54:17,386 - ERROR - Error closing database connections: cannot access local variable 'ielts_cursor' where it is not associated with a value
2024-10-09 16:54:17,429 - INFO - Attempting to connect to MySQL database: ielts_payment
2024-10-09 16:54:17,432 - INFO - Attempting to connect to MySQL database: ielts_database
2024-10-09 16:54:17,436 - INFO - Checking plan status for user ID: 6
2024-10-09 16:54:17,438 - INFO - Plan status is active for user ID: 6
2024-10-09 16:54:17,440 - ERROR - Error closing database connections: cannot access local variable 'ielts_cursor' where it is not associated with a value
2024-10-09 16:56:13,207 - INFO - Starting payments service
2024-10-09 16:56:13,211 - INFO - Starting Eureka client registration
2024-10-09 16:56:14,138 - INFO - Eureka client started and service registered successfully.
2024-10-09 16:57:21,103 - INFO - Attempting to connect to MySQL database: ielts_payment
2024-10-09 16:57:21,141 - INFO - Attempting to connect to MySQL database: ielts_database
2024-10-09 16:57:21,146 - INFO - Checking plan status for user ID: 6
2024-10-09 16:57:21,152 - INFO - Plan status is active for user ID: 6
2024-10-09 16:57:21,157 - ERROR - Error closing database connections: cannot access local variable 'ielts_cursor' where it is not associated with a value
2024-10-09 16:57:21,171 - INFO - Attempting to connect to MySQL database: ielts_payment
2024-10-09 16:57:21,178 - INFO - Attempting to connect to MySQL database: ielts_database
2024-10-09 16:57:21,182 - INFO - Checking plan status for user ID: 6
2024-10-09 16:57:21,185 - INFO - Plan status is active for user ID: 6
2024-10-09 16:57:21,186 - ERROR - Error closing database connections: cannot access local variable 'ielts_cursor' where it is not associated with a value
2024-10-09 16:58:25,623 - INFO - Attempting to connect to MySQL database: ielts_payment
2024-10-09 16:58:25,627 - INFO - Attempting to connect to MySQL database: ielts_database
2024-10-09 16:58:25,631 - INFO - Checking plan status for user ID: 6
2024-10-09 16:58:25,634 - INFO - Plan status is active for user ID: 6
2024-10-09 16:58:25,636 - ERROR - Error closing database connections: cannot access local variable 'ielts_cursor' where it is not associated with a value
2024-10-09 16:58:25,662 - INFO - Attempting to connect to MySQL database: ielts_payment
2024-10-09 16:58:25,670 - INFO - Attempting to connect to MySQL database: ielts_database
2024-10-09 16:58:25,678 - INFO - Checking plan status for user ID: 6
2024-10-09 16:58:25,683 - INFO - Plan status is active for user ID: 6
2024-10-09 16:58:25,686 - ERROR - Error closing database connections: cannot access local variable 'ielts_cursor' where it is not associated with a value
2024-10-09 17:00:22,598 - INFO - Attempting to connect to MySQL database: ielts_payment
2024-10-09 17:00:22,615 - INFO - Attempting to connect to MySQL database: ielts_database
2024-10-09 17:00:22,621 - INFO - Checking plan status for user ID: 6
2024-10-09 17:00:22,624 - INFO - Plan status is active for user ID: 6
2024-10-09 17:00:22,626 - ERROR - Error closing database connections: cannot access local variable 'ielts_cursor' where it is not associated with a value
2024-10-09 17:00:22,652 - INFO - Attempting to connect to MySQL database: ielts_payment
2024-10-09 17:00:22,660 - INFO - Attempting to connect to MySQL database: ielts_database
2024-10-09 17:00:22,666 - INFO - Checking plan status for user ID: 6
2024-10-09 17:00:22,668 - INFO - Plan status is active for user ID: 6
2024-10-09 17:00:22,671 - ERROR - Error closing database connections: cannot access local variable 'ielts_cursor' where it is not associated with a value
2024-10-09 17:01:55,847 - INFO - Attempting to connect to MySQL database: ielts_payment
2024-10-09 17:01:55,851 - INFO - Attempting to connect to MySQL database: ielts_database
2024-10-09 17:01:55,865 - INFO - Checking plan status for user ID: 6
2024-10-09 17:01:55,867 - INFO - Plan status is active for user ID: 6
2024-10-09 17:01:55,868 - ERROR - Error closing database connections: cannot access local variable 'ielts_cursor' where it is not associated with a value
2024-10-09 17:01:55,891 - INFO - Attempting to connect to MySQL database: ielts_payment
2024-10-09 17:01:55,897 - INFO - Attempting to connect to MySQL database: ielts_database
2024-10-09 17:01:55,901 - INFO - Checking plan status for user ID: 6
2024-10-09 17:01:55,903 - INFO - Plan status is active for user ID: 6
2024-10-09 17:01:55,905 - ERROR - Error closing database connections: cannot access local variable 'ielts_cursor' where it is not associated with a value
2024-10-09 17:18:05,354 - INFO - Attempting to connect to MySQL database: ielts_payment
2024-10-09 17:18:05,366 - INFO - Attempting to connect to MySQL database: ielts_database
2024-10-09 17:18:05,369 - INFO - Checking plan status for user ID: 6
2024-10-09 17:18:05,370 - INFO - Plan status is active for user ID: 6
2024-10-09 17:18:05,372 - ERROR - Error closing database connections: cannot access local variable 'ielts_cursor' where it is not associated with a value
2024-10-09 17:18:05,390 - INFO - Attempting to connect to MySQL database: ielts_payment
2024-10-09 17:18:05,392 - INFO - Attempting to connect to MySQL database: ielts_database
2024-10-09 17:18:05,396 - INFO - Checking plan status for user ID: 6
2024-10-09 17:18:05,398 - INFO - Plan status is active for user ID: 6
2024-10-09 17:18:05,399 - ERROR - Error closing database connections: cannot access local variable 'ielts_cursor' where it is not associated with a value
2024-10-09 17:19:00,036 - INFO - Attempting to connect to MySQL database: ielts_payment
2024-10-09 17:19:00,038 - INFO - Attempting to connect to MySQL database: ielts_database
2024-10-09 17:19:00,041 - INFO - Checking plan status for user ID: 6
2024-10-09 17:19:00,042 - INFO - Plan status is active for user ID: 6
2024-10-09 17:19:00,043 - ERROR - Error closing database connections: cannot access local variable 'ielts_cursor' where it is not associated with a value
2024-10-09 17:19:00,069 - INFO - Attempting to connect to MySQL database: ielts_payment
2024-10-09 17:19:00,071 - INFO - Attempting to connect to MySQL database: ielts_database
2024-10-09 17:19:00,073 - INFO - Checking plan status for user ID: 6
2024-10-09 17:19:00,078 - INFO - Plan status is active for user ID: 6
2024-10-09 17:19:00,080 - ERROR - Error closing database connections: cannot access local variable 'ielts_cursor' where it is not associated with a value
2024-10-09 17:31:33,923 - INFO - Starting payments service
2024-10-09 17:31:33,926 - INFO - Starting Eureka client registration
2024-10-09 17:31:35,354 - INFO - Eureka client started and service registered successfully.
2024-10-09 17:45:00,010 - INFO - Attempting to connect to MySQL database: ielts_payment
2024-10-09 17:45:00,021 - INFO - Attempting to connect to MySQL database: ielts_database
2024-10-09 17:45:00,026 - INFO - Checking plan status for user ID: 6
2024-10-09 17:45:00,028 - INFO - Plan status is active for user ID: 6
2024-10-09 17:45:00,030 - ERROR - Error closing database connections: cannot access local variable 'ielts_cursor' where it is not associated with a value
2024-10-09 17:45:00,039 - INFO - Attempting to connect to MySQL database: ielts_payment
2024-10-09 17:45:00,042 - INFO - Attempting to connect to MySQL database: ielts_database
2024-10-09 17:45:00,045 - INFO - Checking plan status for user ID: 6
2024-10-09 17:45:00,046 - INFO - Plan status is active for user ID: 6
2024-10-09 17:45:00,048 - ERROR - Error closing database connections: cannot access local variable 'ielts_cursor' where it is not associated with a value
2024-10-09 17:46:42,076 - INFO - Starting payments service
2024-10-09 17:46:42,078 - INFO - Starting Eureka client registration
2024-10-09 17:46:42,601 - INFO - Eureka client started and service registered successfully.
2024-10-09 17:47:42,981 - INFO - Attempting to connect to MySQL database: ielts_payment
2024-10-09 17:47:42,992 - INFO - Attempting to connect to MySQL database: ielts_database
2024-10-09 17:47:42,999 - INFO - Checking plan status for user ID: 6
2024-10-09 17:47:43,000 - INFO - Plan status is active for user ID: 6
2024-10-09 17:47:43,003 - ERROR - Error closing database connections: cannot access local variable 'ielts_cursor' where it is not associated with a value
2024-10-09 17:47:43,015 - INFO - Attempting to connect to MySQL database: ielts_payment
2024-10-09 17:47:43,022 - INFO - Attempting to connect to MySQL database: ielts_database
2024-10-09 17:47:43,025 - INFO - Checking plan status for user ID: 6
2024-10-09 17:47:43,027 - INFO - Plan status is active for user ID: 6
2024-10-09 17:47:43,032 - ERROR - Error closing database connections: cannot access local variable 'ielts_cursor' where it is not associated with a value
2024-10-09 17:47:46,077 - INFO - Starting payments service
2024-10-09 17:47:46,079 - INFO - Starting Eureka client registration
2024-10-09 17:47:46,680 - INFO - Eureka client started and service registered successfully.
2024-10-09 17:48:01,349 - INFO - Attempting to connect to MySQL database: ielts_payment
2024-10-09 17:48:01,360 - INFO - Attempting to connect to MySQL database: ielts_database
2024-10-09 17:48:01,364 - INFO - Checking plan status for user ID: 6
2024-10-09 17:48:01,379 - INFO - Plan status is active for user ID: 6
2024-10-09 17:48:01,380 - ERROR - Error closing database connections: cannot access local variable 'ielts_cursor' where it is not associated with a value
2024-10-09 17:48:01,389 - INFO - Attempting to connect to MySQL database: ielts_payment
2024-10-09 17:48:01,392 - INFO - Attempting to connect to MySQL database: ielts_database
2024-10-09 17:48:01,395 - INFO - Checking plan status for user ID: 6
2024-10-09 17:48:01,398 - INFO - Plan status is active for user ID: 6
2024-10-09 17:48:01,400 - ERROR - Error closing database connections: cannot access local variable 'ielts_cursor' where it is not associated with a value
2024-10-09 17:57:39,821 - INFO - Starting payments service
2024-10-09 17:57:39,822 - INFO - Starting Eureka client registration
2024-10-09 17:57:40,578 - INFO - Eureka client started and service registered successfully.
2024-10-09 17:58:00,423 - INFO - Attempting to connect to MySQL database: ielts_payment
2024-10-09 17:58:00,450 - INFO - Attempting to connect to MySQL database: ielts_database
2024-10-09 17:58:00,455 - INFO - Checking plan status for user ID: 6
2024-10-09 17:58:00,457 - INFO - Plan status is active for user ID: 6
2024-10-09 17:58:00,460 - ERROR - Error closing database connections: cannot access local variable 'ielts_cursor' where it is not associated with a value
2024-10-09 17:58:00,484 - INFO - Attempting to connect to MySQL database: ielts_payment
2024-10-09 17:58:00,488 - INFO - Attempting to connect to MySQL database: ielts_database
2024-10-09 17:58:00,491 - INFO - Checking plan status for user ID: 6
2024-10-09 17:58:00,493 - INFO - Plan status is active for user ID: 6
2024-10-09 17:58:00,494 - ERROR - Error closing database connections: cannot access local variable 'ielts_cursor' where it is not associated with a value
2024-10-09 17:58:09,789 - INFO - Starting payments service
2024-10-09 17:58:09,791 - INFO - Starting Eureka client registration
2024-10-09 17:58:10,303 - INFO - Eureka client started and service registered successfully.
2024-10-09 18:09:48,967 - INFO - Attempting to connect to MySQL database: ielts_payment
2024-10-09 18:09:48,977 - INFO - Attempting to connect to MySQL database: ielts_database
2024-10-09 18:09:48,980 - INFO - Checking plan status for user ID: 6
2024-10-09 18:09:48,983 - INFO - Plan status is active for user ID: 6
2024-10-09 18:09:48,985 - ERROR - Error closing database connections: cannot access local variable 'ielts_cursor' where it is not associated with a value
2024-10-09 18:09:48,995 - INFO - Attempting to connect to MySQL database: ielts_payment
2024-10-09 18:09:48,997 - INFO - Attempting to connect to MySQL database: ielts_database
2024-10-09 18:09:49,002 - INFO - Checking plan status for user ID: 6
2024-10-09 18:09:49,003 - INFO - Plan status is active for user ID: 6
2024-10-09 18:09:49,004 - ERROR - Error closing database connections: cannot access local variable 'ielts_cursor' where it is not associated with a value
2024-10-09 18:16:49,245 - INFO - Attempting to connect to MySQL database: ielts_payment
2024-10-09 18:16:49,247 - INFO - Attempting to connect to MySQL database: ielts_database
2024-10-09 18:16:49,250 - INFO - Checking plan status for user ID: 6
2024-10-09 18:16:49,252 - INFO - Plan status is active for user ID: 6
2024-10-09 18:16:49,253 - ERROR - Error closing database connections: cannot access local variable 'ielts_cursor' where it is not associated with a value
2024-10-09 18:16:49,262 - INFO - Attempting to connect to MySQL database: ielts_payment
2024-10-09 18:16:49,265 - INFO - Attempting to connect to MySQL database: ielts_database
2024-10-09 18:16:49,268 - INFO - Checking plan status for user ID: 6
2024-10-09 18:16:49,270 - INFO - Plan status is active for user ID: 6
2024-10-09 18:16:49,270 - ERROR - Error closing database connections: cannot access local variable 'ielts_cursor' where it is not associated with a value
2024-10-09 18:29:57,488 - INFO - Attempting to connect to MySQL database: ielts_payment
2024-10-09 18:29:57,490 - INFO - Attempting to connect to MySQL database: ielts_database
2024-10-09 18:29:57,494 - INFO - Checking plan status for user ID: 6
2024-10-09 18:29:57,496 - INFO - Plan status is active for user ID: 6
2024-10-09 18:29:57,497 - ERROR - Error closing database connections: cannot access local variable 'ielts_cursor' where it is not associated with a value
2024-10-09 18:29:58,460 - INFO - Attempting to connect to MySQL database: ielts_payment
2024-10-09 18:29:58,462 - INFO - Attempting to connect to MySQL database: ielts_database
2024-10-09 18:29:58,464 - INFO - Checking plan status for user ID: 6
2024-10-09 18:29:58,465 - INFO - Plan status is active for user ID: 6
2024-10-09 18:29:58,467 - ERROR - Error closing database connections: cannot access local variable 'ielts_cursor' where it is not associated with a value
2024-10-09 18:30:07,998 - INFO - Attempting to connect to MySQL database: ielts_payment
2024-10-09 18:30:08,000 - INFO - Attempting to connect to MySQL database: ielts_database
2024-10-09 18:30:08,003 - INFO - Checking plan status for user ID: 6
2024-10-09 18:30:08,004 - INFO - Plan status is active for user ID: 6
2024-10-09 18:30:08,006 - ERROR - Error closing database connections: cannot access local variable 'ielts_cursor' where it is not associated with a value
2024-10-09 18:30:08,023 - INFO - Attempting to connect to MySQL database: ielts_payment
2024-10-09 18:30:08,026 - INFO - Attempting to connect to MySQL database: ielts_database
2024-10-09 18:30:08,029 - INFO - Checking plan status for user ID: 6
2024-10-09 18:30:08,030 - INFO - Plan status is active for user ID: 6
2024-10-09 18:30:08,031 - ERROR - Error closing database connections: cannot access local variable 'ielts_cursor' where it is not associated with a value
2024-10-09 18:58:13,327 - INFO - Starting payments service
2024-10-09 18:58:13,330 - INFO - Starting Eureka client registration
2024-10-09 18:58:14,114 - INFO - Eureka client started and service registered successfully.
2024-10-09 18:58:21,532 - INFO - Starting payments service
2024-10-09 18:58:21,534 - INFO - Starting Eureka client registration
2024-10-09 18:58:22,205 - INFO - Eureka client started and service registered successfully.
2024-10-09 19:22:40,175 - INFO - Starting payments service
2024-10-09 19:22:40,177 - INFO - Starting Eureka client registration
2024-10-09 19:22:41,004 - INFO - Eureka client started and service registered successfully.
2024-10-09 19:22:46,349 - INFO - Starting payments service
2024-10-09 19:22:46,355 - INFO - Starting Eureka client registration
2024-10-09 19:22:47,817 - INFO - Eureka client started and service registered successfully.
2024-10-09 19:22:52,353 - INFO - Starting payments service
2024-10-09 19:22:52,355 - INFO - Starting Eureka client registration
2024-10-09 19:22:53,162 - INFO - Eureka client started and service registered successfully.
2024-10-09 19:22:58,043 - INFO - Starting payments service
2024-10-09 19:22:58,046 - INFO - Starting Eureka client registration
2024-10-09 19:22:58,713 - INFO - Eureka client started and service registered successfully.
2024-10-09 21:59:52,871 - INFO - Attempting to connect to MySQL database: ielts_payment
2024-10-09 21:59:52,881 - INFO - Attempting to connect to MySQL database: ielts_database
2024-10-09 21:59:52,884 - INFO - Checking plan status for user ID: 6
2024-10-09 21:59:52,887 - INFO - Plan status is active for user ID: 6
2024-10-09 21:59:52,887 - ERROR - Error closing database connections: cannot access local variable 'ielts_cursor' where it is not associated with a value
2024-10-09 21:59:52,910 - INFO - Attempting to connect to MySQL database: ielts_payment
2024-10-09 21:59:52,912 - INFO - Attempting to connect to MySQL database: ielts_database
2024-10-09 21:59:52,914 - INFO - Checking plan status for user ID: 6
2024-10-09 21:59:52,916 - INFO - Plan status is active for user ID: 6
2024-10-09 21:59:52,918 - ERROR - Error closing database connections: cannot access local variable 'ielts_cursor' where it is not associated with a value
2024-10-09 22:02:13,167 - INFO - Attempting to connect to MySQL database: ielts_payment
2024-10-09 22:02:13,169 - INFO - Attempting to connect to MySQL database: ielts_database
2024-10-09 22:02:13,171 - INFO - Checking plan status for user ID: 6
2024-10-09 22:02:13,173 - INFO - Plan status is active for user ID: 6
2024-10-09 22:02:13,174 - ERROR - Error closing database connections: cannot access local variable 'ielts_cursor' where it is not associated with a value
2024-10-09 22:02:17,094 - INFO - Attempting to connect to MySQL database: ielts_payment
2024-10-09 22:02:17,096 - INFO - Attempting to connect to MySQL database: ielts_database
2024-10-09 22:02:17,099 - INFO - Checking plan status for user ID: 6
2024-10-09 22:02:17,099 - INFO - Plan status is active for user ID: 6
2024-10-09 22:02:17,100 - ERROR - Error closing database connections: cannot access local variable 'ielts_cursor' where it is not associated with a value
2024-10-09 22:02:17,115 - INFO - Attempting to connect to MySQL database: ielts_payment
2024-10-09 22:02:17,117 - INFO - Attempting to connect to MySQL database: ielts_database
2024-10-09 22:02:17,119 - INFO - Checking plan status for user ID: 6
2024-10-09 22:02:17,120 - INFO - Plan status is active for user ID: 6
2024-10-09 22:02:17,122 - ERROR - Error closing database connections: cannot access local variable 'ielts_cursor' where it is not associated with a value
2024-10-09 22:02:18,073 - INFO - Attempting to connect to MySQL database: ielts_payment
2024-10-09 22:02:18,074 - INFO - Attempting to connect to MySQL database: ielts_database
2024-10-09 22:02:18,077 - INFO - Checking plan status for user ID: 6
2024-10-09 22:02:18,079 - INFO - Plan status is active for user ID: 6
2024-10-09 22:02:18,080 - ERROR - Error closing database connections: cannot access local variable 'ielts_cursor' where it is not associated with a value
2024-10-09 22:02:21,074 - INFO - Attempting to connect to MySQL database: ielts_payment
2024-10-09 22:02:21,075 - INFO - Attempting to connect to MySQL database: ielts_database
2024-10-09 22:02:21,077 - INFO - Checking plan status for user ID: 6
2024-10-09 22:02:21,079 - INFO - Plan status is active for user ID: 6
2024-10-09 22:02:21,080 - ERROR - Error closing database connections: cannot access local variable 'ielts_cursor' where it is not associated with a value
2024-10-09 22:03:39,534 - INFO - Starting payments service
2024-10-09 22:03:39,536 - INFO - Starting Eureka client registration
2024-10-09 22:03:40,058 - INFO - Eureka client started and service registered successfully.
2024-10-09 22:05:06,222 - INFO - Attempting to connect to MySQL database: ielts_payment
2024-10-09 22:05:06,228 - INFO - Attempting to connect to MySQL database: ielts_database
2024-10-09 22:05:06,231 - INFO - Checking plan status for user ID: 6
2024-10-09 22:05:06,233 - INFO - Plan status is active for user ID: 6
2024-10-09 22:05:06,234 - ERROR - Error closing database connections: cannot access local variable 'ielts_cursor' where it is not associated with a value
2024-10-09 22:05:06,247 - INFO - Attempting to connect to MySQL database: ielts_payment
2024-10-09 22:05:06,249 - INFO - Attempting to connect to MySQL database: ielts_database
2024-10-09 22:05:06,252 - INFO - Checking plan status for user ID: 6
2024-10-09 22:05:06,255 - INFO - Plan status is active for user ID: 6
2024-10-09 22:05:06,256 - ERROR - Error closing database connections: cannot access local variable 'ielts_cursor' where it is not associated with a value
2024-10-09 22:21:58,132 - INFO - Starting payments service
2024-10-09 22:21:58,133 - INFO - Starting Eureka client registration
2024-10-09 22:21:58,711 - INFO - Eureka client started and service registered successfully.
2024-10-09 22:37:22,152 - INFO - Attempting to connect to MySQL database: ielts_payment
2024-10-09 22:37:22,162 - INFO - Attempting to connect to MySQL database: ielts_database
2024-10-09 22:37:22,168 - INFO - Checking plan status for user ID: 6
2024-10-09 22:37:22,169 - INFO - Plan status is active for user ID: 6
2024-10-09 22:37:22,171 - ERROR - Error closing database connections: cannot access local variable 'ielts_cursor' where it is not associated with a value
2024-10-09 22:37:30,140 - INFO - Attempting to connect to MySQL database: ielts_payment
2024-10-09 22:37:30,143 - INFO - Attempting to connect to MySQL database: ielts_database
2024-10-09 22:37:30,145 - INFO - Checking plan status for user ID: 6
2024-10-09 22:37:30,147 - INFO - Plan status is active for user ID: 6
2024-10-09 22:37:30,147 - ERROR - Error closing database connections: cannot access local variable 'ielts_cursor' where it is not associated with a value
2024-10-09 22:37:35,169 - INFO - Attempting to connect to MySQL database: ielts_payment
2024-10-09 22:37:35,172 - INFO - Attempting to connect to MySQL database: ielts_database
2024-10-09 22:37:35,174 - INFO - Checking plan status for user ID: 6
2024-10-09 22:37:35,176 - INFO - Plan status is active for user ID: 6
2024-10-09 22:37:35,177 - ERROR - Error closing database connections: cannot access local variable 'ielts_cursor' where it is not associated with a value
2024-10-09 22:37:39,139 - INFO - Attempting to connect to MySQL database: ielts_payment
2024-10-09 22:37:39,141 - INFO - Attempting to connect to MySQL database: ielts_database
2024-10-09 22:37:39,143 - INFO - Checking plan status for user ID: 6
2024-10-09 22:37:39,144 - INFO - Plan status is active for user ID: 6
2024-10-09 22:37:39,145 - ERROR - Error closing database connections: cannot access local variable 'ielts_cursor' where it is not associated with a value
2024-10-09 22:37:40,160 - INFO - Attempting to connect to MySQL database: ielts_payment
2024-10-09 22:37:40,163 - INFO - Attempting to connect to MySQL database: ielts_database
2024-10-09 22:37:40,167 - INFO - Checking plan status for user ID: 6
2024-10-09 22:37:40,171 - INFO - Plan status is active for user ID: 6
2024-10-09 22:37:40,174 - ERROR - Error closing database connections: cannot access local variable 'ielts_cursor' where it is not associated with a value
2024-10-09 22:37:44,123 - INFO - Attempting to connect to MySQL database: ielts_payment
2024-10-09 22:37:44,125 - INFO - Attempting to connect to MySQL database: ielts_database
2024-10-09 22:37:44,128 - INFO - Checking plan status for user ID: 6
2024-10-09 22:37:44,129 - INFO - Plan status is active for user ID: 6
2024-10-09 22:37:44,130 - ERROR - Error closing database connections: cannot access local variable 'ielts_cursor' where it is not associated with a value
2024-10-09 22:37:44,151 - INFO - Attempting to connect to MySQL database: ielts_payment
2024-10-09 22:37:44,155 - INFO - Attempting to connect to MySQL database: ielts_database
2024-10-09 22:37:44,157 - INFO - Checking plan status for user ID: 6
2024-10-09 22:37:44,159 - INFO - Plan status is active for user ID: 6
2024-10-09 22:37:44,160 - ERROR - Error closing database connections: cannot access local variable 'ielts_cursor' where it is not associated with a value
2024-10-09 22:38:03,284 - INFO - Attempting to connect to MySQL database: ielts_payment
2024-10-09 22:38:03,287 - INFO - Attempting to connect to MySQL database: ielts_database
2024-10-09 22:38:03,289 - INFO - Checking plan status for user ID: 6
2024-10-09 22:38:03,290 - INFO - Plan status is active for user ID: 6
2024-10-09 22:38:03,291 - ERROR - Error closing database connections: cannot access local variable 'ielts_cursor' where it is not associated with a value
2024-10-09 22:38:03,309 - INFO - Attempting to connect to MySQL database: ielts_payment
2024-10-09 22:38:03,315 - INFO - Attempting to connect to MySQL database: ielts_database
2024-10-09 22:38:03,317 - INFO - Checking plan status for user ID: 6
2024-10-09 22:38:03,319 - INFO - Plan status is active for user ID: 6
2024-10-09 22:38:03,320 - ERROR - Error closing database connections: cannot access local variable 'ielts_cursor' where it is not associated with a value
2024-10-09 22:42:43,153 - INFO - Attempting to connect to MySQL database: ielts_payment
2024-10-09 22:42:43,155 - INFO - Attempting to connect to MySQL database: ielts_database
2024-10-09 22:42:43,157 - INFO - Checking plan status for user ID: 6
2024-10-09 22:42:43,158 - INFO - Plan status is active for user ID: 6
2024-10-09 22:42:43,159 - ERROR - Error closing database connections: cannot access local variable 'ielts_cursor' where it is not associated with a value
2024-10-09 22:43:01,416 - INFO - Attempting to connect to MySQL database: ielts_payment
2024-10-09 22:43:01,418 - INFO - Attempting to connect to MySQL database: ielts_database
2024-10-09 22:43:01,421 - INFO - Checking plan status for user ID: 6
2024-10-09 22:43:01,423 - INFO - Plan status is active for user ID: 6
2024-10-09 22:43:01,424 - ERROR - Error closing database connections: cannot access local variable 'ielts_cursor' where it is not associated with a value
2024-10-09 22:43:01,436 - INFO - Attempting to connect to MySQL database: ielts_payment
2024-10-09 22:43:01,438 - INFO - Attempting to connect to MySQL database: ielts_database
2024-10-09 22:43:01,440 - INFO - Checking plan status for user ID: 6
2024-10-09 22:43:01,441 - INFO - Plan status is active for user ID: 6
2024-10-09 22:43:01,446 - ERROR - Error closing database connections: cannot access local variable 'ielts_cursor' where it is not associated with a value
2024-10-09 22:45:40,852 - INFO - Attempting to connect to MySQL database: ielts_payment
2024-10-09 22:45:40,853 - INFO - Attempting to connect to MySQL database: ielts_database
2024-10-09 22:45:40,855 - INFO - Checking plan status for user ID: 6
2024-10-09 22:45:40,858 - INFO - Plan status is active for user ID: 6
2024-10-09 22:45:40,861 - ERROR - Error closing database connections: cannot access local variable 'ielts_cursor' where it is not associated with a value
2024-10-09 22:45:40,873 - INFO - Attempting to connect to MySQL database: ielts_payment
2024-10-09 22:45:40,875 - INFO - Attempting to connect to MySQL database: ielts_database
2024-10-09 22:45:40,878 - INFO - Checking plan status for user ID: 6
2024-10-09 22:45:40,880 - INFO - Plan status is active for user ID: 6
2024-10-09 22:45:40,881 - ERROR - Error closing database connections: cannot access local variable 'ielts_cursor' where it is not associated with a value
2024-10-09 22:47:45,693 - INFO - Attempting to connect to MySQL database: ielts_payment
2024-10-09 22:47:45,695 - INFO - Attempting to connect to MySQL database: ielts_database
2024-10-09 22:47:45,698 - INFO - Checking plan status for user ID: 6
2024-10-09 22:47:45,699 - INFO - Plan status is active for user ID: 6
2024-10-09 22:47:45,701 - ERROR - Error closing database connections: cannot access local variable 'ielts_cursor' where it is not associated with a value
2024-10-09 22:47:45,711 - INFO - Attempting to connect to MySQL database: ielts_payment
2024-10-09 22:47:45,716 - INFO - Attempting to connect to MySQL database: ielts_database
2024-10-09 22:47:45,720 - INFO - Checking plan status for user ID: 6
2024-10-09 22:47:45,721 - INFO - Plan status is active for user ID: 6
2024-10-09 22:47:45,722 - ERROR - Error closing database connections: cannot access local variable 'ielts_cursor' where it is not associated with a value
2024-10-09 22:49:34,451 - INFO - Attempting to connect to MySQL database: ielts_payment
2024-10-09 22:49:34,454 - INFO - Attempting to connect to MySQL database: ielts_database
2024-10-09 22:49:34,457 - INFO - Checking plan status for user ID: 6
2024-10-09 22:49:34,459 - INFO - Plan status is active for user ID: 6
2024-10-09 22:49:34,460 - ERROR - Error closing database connections: cannot access local variable 'ielts_cursor' where it is not associated with a value
2024-10-09 22:49:34,475 - INFO - Attempting to connect to MySQL database: ielts_payment
2024-10-09 22:49:34,479 - INFO - Attempting to connect to MySQL database: ielts_database
2024-10-09 22:49:34,481 - INFO - Checking plan status for user ID: 6
2024-10-09 22:49:34,483 - INFO - Plan status is active for user ID: 6
2024-10-09 22:49:34,484 - ERROR - Error closing database connections: cannot access local variable 'ielts_cursor' where it is not associated with a value
2024-10-09 22:50:02,143 - INFO - Attempting to connect to MySQL database: ielts_payment
2024-10-09 22:50:02,145 - INFO - Attempting to connect to MySQL database: ielts_database
2024-10-09 22:50:02,148 - INFO - Checking plan status for user ID: 6
2024-10-09 22:50:02,149 - INFO - Plan status is active for user ID: 6
2024-10-09 22:50:02,151 - ERROR - Error closing database connections: cannot access local variable 'ielts_cursor' where it is not associated with a value
2024-10-09 22:52:05,133 - INFO - Attempting to connect to MySQL database: ielts_payment
2024-10-09 22:52:05,135 - INFO - Attempting to connect to MySQL database: ielts_database
2024-10-09 22:52:05,137 - INFO - Checking plan status for user ID: 6
2024-10-09 22:52:05,139 - INFO - Plan status is active for user ID: 6
2024-10-09 22:52:05,139 - ERROR - Error closing database connections: cannot access local variable 'ielts_cursor' where it is not associated with a value
2024-10-09 22:52:12,387 - INFO - Attempting to connect to MySQL database: ielts_payment
2024-10-09 22:52:12,389 - INFO - Attempting to connect to MySQL database: ielts_database
2024-10-09 22:52:12,392 - INFO - Checking plan status for user ID: 6
2024-10-09 22:52:12,393 - INFO - Plan status is active for user ID: 6
2024-10-09 22:52:12,394 - ERROR - Error closing database connections: cannot access local variable 'ielts_cursor' where it is not associated with a value
2024-10-09 22:52:12,412 - INFO - Attempting to connect to MySQL database: ielts_payment
2024-10-09 22:52:12,423 - INFO - Attempting to connect to MySQL database: ielts_database
2024-10-09 22:52:12,427 - INFO - Checking plan status for user ID: 6
2024-10-09 22:52:12,428 - INFO - Plan status is active for user ID: 6
2024-10-09 22:52:12,429 - ERROR - Error closing database connections: cannot access local variable 'ielts_cursor' where it is not associated with a value
2024-10-09 22:52:19,777 - INFO - Attempting to connect to MySQL database: ielts_payment
2024-10-09 22:52:19,781 - INFO - Attempting to connect to MySQL database: ielts_database
2024-10-09 22:52:19,783 - INFO - Checking plan status for user ID: 6
2024-10-09 22:52:19,785 - INFO - Plan status is active for user ID: 6
2024-10-09 22:52:19,786 - ERROR - Error closing database connections: cannot access local variable 'ielts_cursor' where it is not associated with a value
2024-10-09 22:52:19,800 - INFO - Attempting to connect to MySQL database: ielts_payment
2024-10-09 22:52:19,802 - INFO - Attempting to connect to MySQL database: ielts_database
2024-10-09 22:52:19,805 - INFO - Checking plan status for user ID: 6
2024-10-09 22:52:19,805 - INFO - Plan status is active for user ID: 6
2024-10-09 22:52:19,807 - ERROR - Error closing database connections: cannot access local variable 'ielts_cursor' where it is not associated with a value
2024-10-09 22:52:28,197 - INFO - Attempting to connect to MySQL database: ielts_payment
2024-10-09 22:52:28,204 - INFO - Attempting to connect to MySQL database: ielts_database
2024-10-09 22:52:28,206 - INFO - Checking plan status for user ID: 6
2024-10-09 22:52:28,208 - INFO - Plan status is active for user ID: 6
2024-10-09 22:52:28,209 - ERROR - Error closing database connections: cannot access local variable 'ielts_cursor' where it is not associated with a value
2024-10-09 22:52:28,237 - INFO - Attempting to connect to MySQL database: ielts_payment
2024-10-09 22:52:28,241 - INFO - Attempting to connect to MySQL database: ielts_database
2024-10-09 22:52:28,243 - INFO - Checking plan status for user ID: 6
2024-10-09 22:52:28,244 - INFO - Plan status is active for user ID: 6
2024-10-09 22:52:28,245 - ERROR - Error closing database connections: cannot access local variable 'ielts_cursor' where it is not associated with a value
2024-10-09 22:54:33,815 - INFO - Attempting to connect to MySQL database: ielts_payment
2024-10-09 22:54:33,819 - INFO - Attempting to connect to MySQL database: ielts_database
2024-10-09 22:54:33,823 - INFO - Checking plan status for user ID: 6
2024-10-09 22:54:33,825 - INFO - Plan status is active for user ID: 6
2024-10-09 22:54:33,827 - ERROR - Error closing database connections: cannot access local variable 'ielts_cursor' where it is not associated with a value
2024-10-09 22:54:33,836 - INFO - Attempting to connect to MySQL database: ielts_payment
2024-10-09 22:54:33,839 - INFO - Attempting to connect to MySQL database: ielts_database
2024-10-09 22:54:33,861 - INFO - Checking plan status for user ID: 6
2024-10-09 22:54:33,862 - INFO - Plan status is active for user ID: 6
2024-10-09 22:54:33,863 - ERROR - Error closing database connections: cannot access local variable 'ielts_cursor' where it is not associated with a value
2024-10-09 22:54:49,046 - INFO - Attempting to connect to MySQL database: ielts_payment
2024-10-09 22:54:49,047 - INFO - Attempting to connect to MySQL database: ielts_database
2024-10-09 22:54:49,049 - INFO - Checking plan status for user ID: 6
2024-10-09 22:54:49,050 - INFO - Plan status is active for user ID: 6
2024-10-09 22:54:49,053 - ERROR - Error closing database connections: cannot access local variable 'ielts_cursor' where it is not associated with a value
2024-10-09 22:54:49,066 - INFO - Attempting to connect to MySQL database: ielts_payment
2024-10-09 22:54:49,069 - INFO - Attempting to connect to MySQL database: ielts_database
2024-10-09 22:54:49,073 - INFO - Checking plan status for user ID: 6
2024-10-09 22:54:49,076 - INFO - Plan status is active for user ID: 6
2024-10-09 22:54:49,077 - ERROR - Error closing database connections: cannot access local variable 'ielts_cursor' where it is not associated with a value
2024-10-09 22:55:16,239 - INFO - Attempting to connect to MySQL database: ielts_payment
2024-10-09 22:55:16,240 - INFO - Attempting to connect to MySQL database: ielts_database
2024-10-09 22:55:16,243 - INFO - Checking plan status for user ID: 6
2024-10-09 22:55:16,244 - INFO - Plan status is active for user ID: 6
2024-10-09 22:55:16,248 - ERROR - Error closing database connections: cannot access local variable 'ielts_cursor' where it is not associated with a value
2024-10-09 22:55:16,264 - INFO - Attempting to connect to MySQL database: ielts_payment
2024-10-09 22:55:16,267 - INFO - Attempting to connect to MySQL database: ielts_database
2024-10-09 22:55:16,270 - INFO - Checking plan status for user ID: 6
2024-10-09 22:55:16,272 - INFO - Plan status is active for user ID: 6
2024-10-09 22:55:16,273 - ERROR - Error closing database connections: cannot access local variable 'ielts_cursor' where it is not associated with a value
2024-10-09 23:02:35,476 - INFO - Attempting to connect to MySQL database: ielts_payment
2024-10-09 23:02:35,482 - INFO - Attempting to connect to MySQL database: ielts_database
2024-10-09 23:02:35,491 - INFO - Checking plan status for user ID: 6
2024-10-09 23:02:35,496 - INFO - Plan status is active for user ID: 6
2024-10-09 23:02:35,498 - ERROR - Error closing database connections: cannot access local variable 'ielts_cursor' where it is not associated with a value
2024-10-09 23:02:35,516 - INFO - Attempting to connect to MySQL database: ielts_payment
2024-10-09 23:02:35,519 - INFO - Attempting to connect to MySQL database: ielts_database
2024-10-09 23:02:35,529 - INFO - Checking plan status for user ID: 6
2024-10-09 23:02:35,530 - INFO - Plan status is active for user ID: 6
2024-10-09 23:02:35,532 - ERROR - Error closing database connections: cannot access local variable 'ielts_cursor' where it is not associated with a value
2024-10-09 23:03:36,856 - INFO - Starting payments service
2024-10-09 23:03:36,858 - INFO - Starting Eureka client registration
2024-10-09 23:03:37,974 - INFO - Eureka client started and service registered successfully.
2024-10-09 23:03:44,149 - INFO - Starting payments service
2024-10-09 23:03:44,158 - INFO - Starting Eureka client registration
2024-10-09 23:03:45,670 - INFO - Eureka client started and service registered successfully.
2024-10-09 23:03:50,421 - INFO - Starting payments service
2024-10-09 23:03:50,423 - INFO - Starting Eureka client registration
2024-10-09 23:03:51,142 - INFO - Eureka client started and service registered successfully.
2024-10-09 23:03:59,164 - INFO - Starting payments service
2024-10-09 23:03:59,166 - INFO - Starting Eureka client registration
2024-10-09 23:03:59,872 - INFO - Eureka client started and service registered successfully.
2024-10-09 23:04:18,598 - INFO - Starting payments service
2024-10-09 23:04:18,602 - INFO - Starting Eureka client registration
2024-10-09 23:04:19,467 - INFO - Eureka client started and service registered successfully.
2024-10-09 23:04:32,908 - INFO - Attempting to connect to MySQL database: ielts_payment
2024-10-09 23:04:32,917 - INFO - Attempting to connect to MySQL database: ielts_database
2024-10-09 23:04:32,920 - INFO - Checking plan status for user ID: 6
2024-10-09 23:04:32,925 - INFO - Plan status is active for user ID: 6
2024-10-09 23:04:32,927 - ERROR - Error closing database connections: cannot access local variable 'ielts_cursor' where it is not associated with a value
2024-10-09 23:04:32,993 - INFO - Attempting to connect to MySQL database: ielts_payment
2024-10-09 23:04:32,995 - INFO - Attempting to connect to MySQL database: ielts_database
2024-10-09 23:04:33,002 - INFO - Checking plan status for user ID: 6
2024-10-09 23:04:33,005 - INFO - Plan status is active for user ID: 6
2024-10-09 23:04:33,006 - ERROR - Error closing database connections: cannot access local variable 'ielts_cursor' where it is not associated with a value
2024-10-09 23:04:46,281 - INFO - Attempting to connect to MySQL database: ielts_payment
2024-10-09 23:04:46,285 - INFO - Attempting to connect to MySQL database: ielts_database
2024-10-09 23:04:46,288 - INFO - Checking plan status for user ID: 6
2024-10-09 23:04:46,293 - INFO - Plan status is active for user ID: 6
2024-10-09 23:04:46,295 - ERROR - Error closing database connections: cannot access local variable 'ielts_cursor' where it is not associated with a value
2024-10-09 23:04:46,320 - INFO - Attempting to connect to MySQL database: ielts_payment
2024-10-09 23:04:46,323 - INFO - Attempting to connect to MySQL database: ielts_database
2024-10-09 23:04:46,328 - INFO - Checking plan status for user ID: 6
2024-10-09 23:04:46,330 - INFO - Plan status is active for user ID: 6
2024-10-09 23:04:46,333 - ERROR - Error closing database connections: cannot access local variable 'ielts_cursor' where it is not associated with a value
2024-10-10 00:03:29,410 - INFO - Attempting to connect to MySQL database: ielts_payment
2024-10-10 00:03:29,419 - INFO - Attempting to connect to MySQL database: ielts_database
2024-10-10 00:03:29,424 - INFO - Checking plan status for user ID: 6
2024-10-10 00:03:29,429 - INFO - Plan status is active for user ID: 6
2024-10-10 00:03:29,431 - ERROR - Error closing database connections: cannot access local variable 'ielts_cursor' where it is not associated with a value
2024-10-10 00:03:29,452 - INFO - Attempting to connect to MySQL database: ielts_payment
2024-10-10 00:03:29,457 - INFO - Attempting to connect to MySQL database: ielts_database
2024-10-10 00:03:29,459 - INFO - Checking plan status for user ID: 6
2024-10-10 00:03:29,463 - INFO - Plan status is active for user ID: 6
2024-10-10 00:03:29,463 - ERROR - Error closing database connections: cannot access local variable 'ielts_cursor' where it is not associated with a value
2024-10-10 00:03:52,293 - INFO - Starting payments service
2024-10-10 00:03:52,304 - INFO - Starting Eureka client registration
2024-10-10 00:03:53,082 - INFO - Eureka client started and service registered successfully.
2024-10-10 00:03:58,485 - INFO - Starting payments service
2024-10-10 00:03:58,491 - INFO - Starting Eureka client registration
2024-10-10 00:04:00,136 - INFO - Eureka client started and service registered successfully.
2024-10-10 00:04:05,139 - INFO - Starting payments service
2024-10-10 00:04:05,146 - INFO - Starting Eureka client registration
2024-10-10 00:04:06,046 - INFO - Eureka client started and service registered successfully.
2024-10-10 00:07:34,830 - INFO - Starting payments service
2024-10-10 00:07:34,832 - INFO - Starting Eureka client registration
2024-10-10 00:07:35,502 - INFO - Eureka client started and service registered successfully.
2024-10-10 00:09:20,827 - INFO - Attempting to connect to MySQL database: ielts_payment
2024-10-10 00:09:20,855 - INFO - Attempting to connect to MySQL database: ielts_database
2024-10-10 00:09:20,862 - INFO - Checking plan status for user ID: 6
2024-10-10 00:09:20,865 - INFO - Plan status is active for user ID: 6
2024-10-10 00:09:20,866 - ERROR - Error closing database connections: cannot access local variable 'ielts_cursor' where it is not associated with a value
2024-10-10 00:09:20,892 - INFO - Attempting to connect to MySQL database: ielts_payment
2024-10-10 00:09:20,896 - INFO - Attempting to connect to MySQL database: ielts_database
2024-10-10 00:09:20,898 - INFO - Checking plan status for user ID: 6
2024-10-10 00:09:20,906 - INFO - Plan status is active for user ID: 6
2024-10-10 00:09:20,908 - ERROR - Error closing database connections: cannot access local variable 'ielts_cursor' where it is not associated with a value
2024-10-10 00:31:28,077 - INFO - Attempting to connect to MySQL database: ielts_payment
2024-10-10 00:31:28,079 - INFO - Attempting to connect to MySQL database: ielts_database
2024-10-10 00:31:28,082 - INFO - Checking plan status for user ID: 6
2024-10-10 00:31:28,086 - INFO - Plan status is active for user ID: 6
2024-10-10 00:31:28,090 - ERROR - Error closing database connections: cannot access local variable 'ielts_cursor' where it is not associated with a value
2024-10-10 00:31:28,107 - INFO - Attempting to connect to MySQL database: ielts_payment
2024-10-10 00:31:28,110 - INFO - Attempting to connect to MySQL database: ielts_database
2024-10-10 00:31:28,112 - INFO - Checking plan status for user ID: 6
2024-10-10 00:31:28,116 - INFO - Plan status is active for user ID: 6
2024-10-10 00:31:28,117 - ERROR - Error closing database connections: cannot access local variable 'ielts_cursor' where it is not associated with a value
2024-10-10 00:31:41,923 - INFO - Starting payments service
2024-10-10 00:31:41,929 - INFO - Starting Eureka client registration
2024-10-10 00:31:42,679 - INFO - Eureka client started and service registered successfully.
2024-10-10 00:31:48,716 - INFO - Starting payments service
2024-10-10 00:31:48,727 - INFO - Starting Eureka client registration
2024-10-10 00:31:49,527 - INFO - Eureka client started and service registered successfully.
2024-10-10 00:32:04,907 - INFO - Attempting to connect to MySQL database: ielts_payment
2024-10-10 00:32:04,927 - INFO - Attempting to connect to MySQL database: ielts_database
2024-10-10 00:32:04,930 - INFO - Checking plan status for user ID: 6
2024-10-10 00:32:04,932 - INFO - Plan status is active for user ID: 6
2024-10-10 00:32:04,934 - ERROR - Error closing database connections: cannot access local variable 'ielts_cursor' where it is not associated with a value
2024-10-10 00:32:04,960 - INFO - Attempting to connect to MySQL database: ielts_payment
2024-10-10 00:32:04,962 - INFO - Attempting to connect to MySQL database: ielts_database
2024-10-10 00:32:04,965 - INFO - Checking plan status for user ID: 6
2024-10-10 00:32:04,967 - INFO - Plan status is active for user ID: 6
2024-10-10 00:32:04,968 - ERROR - Error closing database connections: cannot access local variable 'ielts_cursor' where it is not associated with a value
2024-10-10 00:41:56,758 - INFO - Attempting to connect to MySQL database: ielts_payment
2024-10-10 00:41:56,763 - INFO - Attempting to connect to MySQL database: ielts_database
2024-10-10 00:41:56,769 - INFO - Checking plan status for user ID: 6
2024-10-10 00:41:56,770 - INFO - Plan status is active for user ID: 6
2024-10-10 00:41:56,772 - ERROR - Error closing database connections: cannot access local variable 'ielts_cursor' where it is not associated with a value
2024-10-10 00:41:56,783 - INFO - Attempting to connect to MySQL database: ielts_payment
2024-10-10 00:41:56,785 - INFO - Attempting to connect to MySQL database: ielts_database
2024-10-10 00:41:56,787 - INFO - Checking plan status for user ID: 6
2024-10-10 00:41:56,789 - INFO - Plan status is active for user ID: 6
2024-10-10 00:41:56,789 - ERROR - Error closing database connections: cannot access local variable 'ielts_cursor' where it is not associated with a value
2024-10-10 00:42:04,207 - INFO - Starting payments service
2024-10-10 00:42:04,208 - INFO - Starting Eureka client registration
2024-10-10 00:42:04,714 - INFO - Eureka client started and service registered successfully.
2024-10-10 00:42:27,414 - INFO - Attempting to connect to MySQL database: ielts_payment
2024-10-10 00:42:27,480 - INFO - Attempting to connect to MySQL database: ielts_database
2024-10-10 00:42:27,482 - INFO - Checking plan status for user ID: 6
2024-10-10 00:42:27,484 - INFO - Plan status is active for user ID: 6
2024-10-10 00:42:27,485 - ERROR - Error closing database connections: cannot access local variable 'ielts_cursor' where it is not associated with a value
2024-10-10 00:42:27,515 - INFO - Attempting to connect to MySQL database: ielts_payment
2024-10-10 00:42:27,529 - INFO - Attempting to connect to MySQL database: ielts_database
2024-10-10 00:42:27,536 - INFO - Checking plan status for user ID: 6
2024-10-10 00:42:27,539 - INFO - Plan status is active for user ID: 6
2024-10-10 00:42:27,540 - ERROR - Error closing database connections: cannot access local variable 'ielts_cursor' where it is not associated with a value
2024-10-10 01:21:52,240 - INFO - Attempting to connect to MySQL database: ielts_payment
2024-10-10 01:21:52,251 - INFO - Attempting to connect to MySQL database: ielts_database
2024-10-10 01:21:52,262 - INFO - Checking plan status for user ID: 6
2024-10-10 01:21:52,264 - INFO - Plan status is active for user ID: 6
2024-10-10 01:21:52,266 - ERROR - Error closing database connections: cannot access local variable 'ielts_cursor' where it is not associated with a value
2024-10-10 01:21:52,296 - INFO - Attempting to connect to MySQL database: ielts_payment
2024-10-10 01:21:52,300 - INFO - Attempting to connect to MySQL database: ielts_database
2024-10-10 01:21:52,304 - INFO - Checking plan status for user ID: 6
2024-10-10 01:21:52,321 - INFO - Plan status is active for user ID: 6
2024-10-10 01:21:52,322 - ERROR - Error closing database connections: cannot access local variable 'ielts_cursor' where it is not associated with a value
2024-10-10 01:22:50,498 - INFO - Starting payments service
2024-10-10 01:22:50,501 - INFO - Starting Eureka client registration
2024-10-10 01:22:51,091 - INFO - Eureka client started and service registered successfully.
2024-10-10 01:28:59,209 - INFO - Starting payments service
2024-10-10 01:28:59,217 - INFO - Starting Eureka client registration
2024-10-10 01:28:59,977 - INFO - Eureka client started and service registered successfully.
2024-10-10 01:31:50,396 - INFO - Starting payments service
2024-10-10 01:31:50,398 - INFO - Starting Eureka client registration
2024-10-10 01:31:51,157 - INFO - Eureka client started and service registered successfully.
2024-10-10 01:31:56,727 - INFO - Starting payments service
2024-10-10 01:31:56,731 - INFO - Starting Eureka client registration
2024-10-10 01:31:58,270 - INFO - Eureka client started and service registered successfully.
2024-10-10 01:32:03,454 - INFO - Starting payments service
2024-10-10 01:32:03,456 - INFO - Starting Eureka client registration
2024-10-10 01:32:04,135 - INFO - Eureka client started and service registered successfully.
2024-10-10 01:32:12,258 - INFO - Attempting to connect to MySQL database: ielts_payment
2024-10-10 01:32:12,271 - INFO - Attempting to connect to MySQL database: ielts_database
2024-10-10 01:32:12,273 - INFO - Checking plan status for user ID: 6
2024-10-10 01:32:12,275 - INFO - Plan status is active for user ID: 6
2024-10-10 01:32:12,276 - ERROR - Error closing database connections: cannot access local variable 'ielts_cursor' where it is not associated with a value
2024-10-10 01:32:12,303 - INFO - Attempting to connect to MySQL database: ielts_payment
2024-10-10 01:32:12,309 - INFO - Attempting to connect to MySQL database: ielts_database
2024-10-10 01:32:12,318 - INFO - Checking plan status for user ID: 6
2024-10-10 01:32:12,320 - INFO - Plan status is active for user ID: 6
2024-10-10 01:32:12,321 - ERROR - Error closing database connections: cannot access local variable 'ielts_cursor' where it is not associated with a value
2024-10-10 01:32:27,215 - INFO - Attempting to connect to MySQL database: ielts_payment
2024-10-10 01:32:27,217 - INFO - Attempting to connect to MySQL database: ielts_database
2024-10-10 01:32:27,219 - INFO - Checking plan status for user ID: 6
2024-10-10 01:32:27,221 - INFO - Plan status is active for user ID: 6
2024-10-10 01:32:27,221 - ERROR - Error closing database connections: cannot access local variable 'ielts_cursor' where it is not associated with a value
2024-10-10 01:32:27,234 - INFO - Attempting to connect to MySQL database: ielts_payment
2024-10-10 01:32:27,236 - INFO - Attempting to connect to MySQL database: ielts_database
2024-10-10 01:32:27,239 - INFO - Checking plan status for user ID: 6
2024-10-10 01:32:27,242 - INFO - Plan status is active for user ID: 6
2024-10-10 01:32:27,245 - ERROR - Error closing database connections: cannot access local variable 'ielts_cursor' where it is not associated with a value
2024-10-10 01:32:53,605 - INFO - Starting payments service
2024-10-10 01:32:53,607 - INFO - Starting Eureka client registration
2024-10-10 01:32:54,524 - INFO - Eureka client started and service registered successfully.
2024-10-10 01:33:17,228 - INFO - Starting payments service
2024-10-10 01:33:17,229 - INFO - Starting Eureka client registration
2024-10-10 01:33:17,720 - INFO - Eureka client started and service registered successfully.
2024-10-10 01:33:35,226 - INFO - Attempting to connect to MySQL database: ielts_payment
2024-10-10 01:33:35,236 - INFO - Attempting to connect to MySQL database: ielts_database
2024-10-10 01:33:35,239 - INFO - Checking plan status for user ID: 6
2024-10-10 01:33:35,240 - INFO - Plan status is active for user ID: 6
2024-10-10 01:33:35,241 - ERROR - Error closing database connections: cannot access local variable 'ielts_cursor' where it is not associated with a value
2024-10-10 01:33:35,257 - INFO - Attempting to connect to MySQL database: ielts_payment
2024-10-10 01:33:35,260 - INFO - Attempting to connect to MySQL database: ielts_database
2024-10-10 01:33:35,262 - INFO - Checking plan status for user ID: 6
2024-10-10 01:33:35,263 - INFO - Plan status is active for user ID: 6
2024-10-10 01:33:35,264 - ERROR - Error closing database connections: cannot access local variable 'ielts_cursor' where it is not associated with a value
2024-10-10 01:33:59,655 - INFO - Attempting to connect to MySQL database: ielts_payment
2024-10-10 01:33:59,658 - INFO - Attempting to connect to MySQL database: ielts_database
2024-10-10 01:33:59,661 - INFO - Checking plan status for user ID: 6
2024-10-10 01:33:59,662 - INFO - Plan status is active for user ID: 6
2024-10-10 01:33:59,663 - ERROR - Error closing database connections: cannot access local variable 'ielts_cursor' where it is not associated with a value
2024-10-10 01:33:59,673 - INFO - Attempting to connect to MySQL database: ielts_payment
2024-10-10 01:33:59,676 - INFO - Attempting to connect to MySQL database: ielts_database
2024-10-10 01:33:59,680 - INFO - Checking plan status for user ID: 6
2024-10-10 01:33:59,681 - INFO - Plan status is active for user ID: 6
2024-10-10 01:33:59,683 - ERROR - Error closing database connections: cannot access local variable 'ielts_cursor' where it is not associated with a value
2024-10-10 01:40:31,181 - INFO - Attempting to connect to MySQL database: ielts_payment
2024-10-10 01:40:31,187 - INFO - Attempting to connect to MySQL database: ielts_database
2024-10-10 01:40:31,191 - INFO - Checking plan status for user ID: 6
2024-10-10 01:40:31,193 - INFO - Plan status is active for user ID: 6
2024-10-10 01:40:31,195 - ERROR - Error closing database connections: cannot access local variable 'ielts_cursor' where it is not associated with a value
2024-10-10 01:40:31,209 - INFO - Attempting to connect to MySQL database: ielts_payment
2024-10-10 01:40:31,213 - INFO - Attempting to connect to MySQL database: ielts_database
2024-10-10 01:40:31,215 - INFO - Checking plan status for user ID: 6
2024-10-10 01:40:31,216 - INFO - Plan status is active for user ID: 6
2024-10-10 01:40:31,217 - ERROR - Error closing database connections: cannot access local variable 'ielts_cursor' where it is not associated with a value
2024-10-10 01:40:59,210 - INFO - Attempting to connect to MySQL database: ielts_payment
2024-10-10 01:40:59,212 - INFO - Attempting to connect to MySQL database: ielts_database
2024-10-10 01:40:59,214 - INFO - Checking plan status for user ID: 6
2024-10-10 01:40:59,217 - INFO - Plan status is active for user ID: 6
2024-10-10 01:40:59,219 - ERROR - Error closing database connections: cannot access local variable 'ielts_cursor' where it is not associated with a value
2024-10-10 01:40:59,241 - INFO - Attempting to connect to MySQL database: ielts_payment
2024-10-10 01:40:59,244 - INFO - Attempting to connect to MySQL database: ielts_database
2024-10-10 01:40:59,246 - INFO - Checking plan status for user ID: 6
2024-10-10 01:40:59,248 - INFO - Plan status is active for user ID: 6
2024-10-10 01:40:59,251 - ERROR - Error closing database connections: cannot access local variable 'ielts_cursor' where it is not associated with a value
2024-10-10 01:48:42,097 - INFO - Attempting to connect to MySQL database: ielts_payment
2024-10-10 01:48:42,101 - INFO - Attempting to connect to MySQL database: ielts_database
2024-10-10 01:48:42,105 - INFO - Checking plan status for user ID: 6
2024-10-10 01:48:42,106 - INFO - Plan status is active for user ID: 6
2024-10-10 01:48:42,109 - ERROR - Error closing database connections: cannot access local variable 'ielts_cursor' where it is not associated with a value
2024-10-10 01:48:42,122 - INFO - Attempting to connect to MySQL database: ielts_payment
2024-10-10 01:48:42,125 - INFO - Attempting to connect to MySQL database: ielts_database
2024-10-10 01:48:42,127 - INFO - Checking plan status for user ID: 6
2024-10-10 01:48:42,129 - INFO - Plan status is active for user ID: 6
2024-10-10 01:48:42,130 - ERROR - Error closing database connections: cannot access local variable 'ielts_cursor' where it is not associated with a value
2024-10-10 01:48:58,150 - INFO - Starting payments service
2024-10-10 01:48:58,152 - INFO - Starting Eureka client registration
2024-10-10 01:48:58,813 - INFO - Eureka client started and service registered successfully.
2024-10-10 01:50:58,936 - INFO - Attempting to connect to MySQL database: ielts_payment
2024-10-10 01:50:58,944 - INFO - Attempting to connect to MySQL database: ielts_database
2024-10-10 01:50:58,947 - INFO - Checking plan status for user ID: 6
2024-10-10 01:50:58,949 - INFO - Plan status is active for user ID: 6
2024-10-10 01:50:58,951 - ERROR - Error closing database connections: cannot access local variable 'ielts_cursor' where it is not associated with a value
2024-10-10 01:50:58,957 - INFO - Attempting to connect to MySQL database: ielts_payment
2024-10-10 01:50:58,959 - INFO - Attempting to connect to MySQL database: ielts_database
2024-10-10 01:50:58,962 - INFO - Checking plan status for user ID: 6
2024-10-10 01:50:58,965 - INFO - Plan status is active for user ID: 6
2024-10-10 01:50:58,969 - ERROR - Error closing database connections: cannot access local variable 'ielts_cursor' where it is not associated with a value
2024-10-10 02:21:46,939 - INFO - Attempting to connect to MySQL database: ielts_payment
2024-10-10 02:21:46,949 - INFO - Attempting to connect to MySQL database: ielts_database
2024-10-10 02:21:46,960 - INFO - Checking plan status for user ID: 6
2024-10-10 02:21:46,965 - INFO - Plan status is active for user ID: 6
2024-10-10 02:21:46,969 - ERROR - Error closing database connections: cannot access local variable 'ielts_cursor' where it is not associated with a value
2024-10-10 02:21:47,004 - INFO - Attempting to connect to MySQL database: ielts_payment
2024-10-10 02:21:47,009 - INFO - Attempting to connect to MySQL database: ielts_database
2024-10-10 02:21:47,015 - INFO - Checking plan status for user ID: 6
2024-10-10 02:21:47,017 - INFO - Plan status is active for user ID: 6
2024-10-10 02:21:47,021 - ERROR - Error closing database connections: cannot access local variable 'ielts_cursor' where it is not associated with a value
2024-10-10 02:22:06,649 - INFO - Starting payments service
2024-10-10 02:22:06,656 - INFO - Starting Eureka client registration
2024-10-10 02:22:08,374 - INFO - Eureka client started and service registered successfully.
2024-10-10 02:22:15,384 - INFO - Starting payments service
2024-10-10 02:22:15,386 - INFO - Starting Eureka client registration
2024-10-10 02:22:16,182 - INFO - Eureka client started and service registered successfully.
2024-10-10 02:24:07,819 - INFO - Starting payments service
2024-10-10 02:24:07,821 - INFO - Starting Eureka client registration
2024-10-10 02:24:08,563 - INFO - Eureka client started and service registered successfully.
2024-10-10 02:24:11,990 - INFO - Starting payments service
2024-10-10 02:24:11,992 - INFO - Starting Eureka client registration
2024-10-10 02:24:13,056 - INFO - Eureka client started and service registered successfully.
2024-10-10 02:26:52,620 - INFO - Attempting to connect to MySQL database: ielts_payment
2024-10-10 02:26:52,639 - INFO - Attempting to connect to MySQL database: ielts_database
2024-10-10 02:26:52,642 - INFO - Checking plan status for user ID: 6
2024-10-10 02:26:52,646 - INFO - Plan status is active for user ID: 6
2024-10-10 02:26:52,648 - ERROR - Error closing database connections: cannot access local variable 'ielts_cursor' where it is not associated with a value
2024-10-10 02:26:52,662 - INFO - Attempting to connect to MySQL database: ielts_payment
2024-10-10 02:26:52,667 - INFO - Attempting to connect to MySQL database: ielts_database
2024-10-10 02:26:52,670 - INFO - Checking plan status for user ID: 6
2024-10-10 02:26:52,673 - INFO - Plan status is active for user ID: 6
2024-10-10 02:26:52,675 - ERROR - Error closing database connections: cannot access local variable 'ielts_cursor' where it is not associated with a value
2024-10-10 02:27:27,951 - INFO - Attempting to connect to MySQL database: ielts_payment
2024-10-10 02:27:27,957 - INFO - Attempting to connect to MySQL database: ielts_database
2024-10-10 02:27:27,976 - INFO - Checking plan status for user ID: 6
2024-10-10 02:27:27,980 - INFO - Plan status is active for user ID: 6
2024-10-10 02:27:27,983 - ERROR - Error closing database connections: cannot access local variable 'ielts_cursor' where it is not associated with a value
2024-10-10 02:27:28,011 - INFO - Attempting to connect to MySQL database: ielts_payment
2024-10-10 02:27:28,017 - INFO - Attempting to connect to MySQL database: ielts_database
2024-10-10 02:27:28,022 - INFO - Checking plan status for user ID: 6
2024-10-10 02:27:28,025 - INFO - Plan status is active for user ID: 6
2024-10-10 02:27:28,026 - ERROR - Error closing database connections: cannot access local variable 'ielts_cursor' where it is not associated with a value
2024-10-10 02:27:46,883 - INFO - Attempting to connect to MySQL database: ielts_payment
2024-10-10 02:27:46,888 - INFO - Attempting to connect to MySQL database: ielts_database
2024-10-10 02:27:46,897 - INFO - Checking plan status for user ID: 6
2024-10-10 02:27:46,900 - INFO - Plan status is active for user ID: 6
2024-10-10 02:27:46,903 - ERROR - Error closing database connections: cannot access local variable 'ielts_cursor' where it is not associated with a value
2024-10-10 02:27:46,933 - INFO - Attempting to connect to MySQL database: ielts_payment
2024-10-10 02:27:46,938 - INFO - Attempting to connect to MySQL database: ielts_database
2024-10-10 02:27:46,944 - INFO - Checking plan status for user ID: 6
2024-10-10 02:27:46,949 - INFO - Plan status is active for user ID: 6
2024-10-10 02:27:46,951 - ERROR - Error closing database connections: cannot access local variable 'ielts_cursor' where it is not associated with a value
2024-10-10 02:28:35,333 - INFO - Attempting to connect to MySQL database: ielts_payment
2024-10-10 02:28:35,335 - INFO - Attempting to connect to MySQL database: ielts_database
2024-10-10 02:28:35,338 - INFO - Checking plan status for user ID: 6
2024-10-10 02:28:35,340 - INFO - Plan status is active for user ID: 6
2024-10-10 02:28:35,342 - ERROR - Error closing database connections: cannot access local variable 'ielts_cursor' where it is not associated with a value
2024-10-10 02:28:35,356 - INFO - Attempting to connect to MySQL database: ielts_payment
2024-10-10 02:28:35,361 - INFO - Attempting to connect to MySQL database: ielts_database
2024-10-10 02:28:35,363 - INFO - Checking plan status for user ID: 6
2024-10-10 02:28:35,364 - INFO - Plan status is active for user ID: 6
2024-10-10 02:28:35,365 - ERROR - Error closing database connections: cannot access local variable 'ielts_cursor' where it is not associated with a value
2024-10-10 02:32:24,389 - INFO - Attempting to connect to MySQL database: ielts_payment
2024-10-10 02:32:24,392 - INFO - Attempting to connect to MySQL database: ielts_database
2024-10-10 02:32:24,396 - INFO - Checking plan status for user ID: 6
2024-10-10 02:32:24,398 - INFO - Plan status is active for user ID: 6
2024-10-10 02:32:24,400 - ERROR - Error closing database connections: cannot access local variable 'ielts_cursor' where it is not associated with a value
2024-10-10 02:32:24,501 - INFO - Attempting to connect to MySQL database: ielts_payment
2024-10-10 02:32:24,504 - INFO - Attempting to connect to MySQL database: ielts_database
2024-10-10 02:32:24,525 - INFO - Checking plan status for user ID: 6
2024-10-10 02:32:24,537 - INFO - Plan status is active for user ID: 6
2024-10-10 02:32:24,538 - ERROR - Error closing database connections: cannot access local variable 'ielts_cursor' where it is not associated with a value
2024-10-10 02:32:37,339 - INFO - Attempting to connect to MySQL database: ielts_payment
2024-10-10 02:32:37,351 - INFO - Attempting to connect to MySQL database: ielts_database
2024-10-10 02:32:37,364 - INFO - Checking plan status for user ID: 6
2024-10-10 02:32:37,368 - INFO - Plan status is active for user ID: 6
2024-10-10 02:32:37,373 - ERROR - Error closing database connections: cannot access local variable 'ielts_cursor' where it is not associated with a value
2024-10-10 02:32:37,401 - INFO - Attempting to connect to MySQL database: ielts_payment
2024-10-10 02:32:37,407 - INFO - Attempting to connect to MySQL database: ielts_database
2024-10-10 02:32:37,410 - INFO - Checking plan status for user ID: 6
2024-10-10 02:32:37,413 - INFO - Plan status is active for user ID: 6
2024-10-10 02:32:37,415 - ERROR - Error closing database connections: cannot access local variable 'ielts_cursor' where it is not associated with a value
2024-10-10 02:33:47,984 - INFO - Attempting to connect to MySQL database: ielts_payment
2024-10-10 02:33:47,987 - INFO - Attempting to connect to MySQL database: ielts_database
2024-10-10 02:33:47,990 - INFO - Checking plan status for user ID: 6
2024-10-10 02:33:47,991 - INFO - Plan status is active for user ID: 6
2024-10-10 02:33:47,993 - ERROR - Error closing database connections: cannot access local variable 'ielts_cursor' where it is not associated with a value
2024-10-10 02:33:48,004 - INFO - Attempting to connect to MySQL database: ielts_payment
2024-10-10 02:33:48,008 - INFO - Attempting to connect to MySQL database: ielts_database
2024-10-10 02:33:48,012 - INFO - Checking plan status for user ID: 6
2024-10-10 02:33:48,013 - INFO - Plan status is active for user ID: 6
2024-10-10 02:33:48,014 - ERROR - Error closing database connections: cannot access local variable 'ielts_cursor' where it is not associated with a value
2024-10-10 02:34:44,464 - INFO - Attempting to connect to MySQL database: ielts_payment
2024-10-10 02:34:44,467 - INFO - Attempting to connect to MySQL database: ielts_database
2024-10-10 02:34:44,470 - INFO - Checking plan status for user ID: 6
2024-10-10 02:34:44,472 - INFO - Plan status is active for user ID: 6
2024-10-10 02:34:44,473 - ERROR - Error closing database connections: cannot access local variable 'ielts_cursor' where it is not associated with a value
2024-10-10 02:34:44,495 - INFO - Attempting to connect to MySQL database: ielts_payment
2024-10-10 02:34:44,501 - INFO - Attempting to connect to MySQL database: ielts_database
2024-10-10 02:34:44,543 - INFO - Checking plan status for user ID: 6
2024-10-10 02:34:44,545 - INFO - Plan status is active for user ID: 6
2024-10-10 02:34:44,547 - ERROR - Error closing database connections: cannot access local variable 'ielts_cursor' where it is not associated with a value
2024-10-10 02:34:54,957 - INFO - Attempting to connect to MySQL database: ielts_payment
2024-10-10 02:34:54,966 - INFO - Attempting to connect to MySQL database: ielts_database
2024-10-10 02:34:54,981 - INFO - Checking plan status for user ID: 6
2024-10-10 02:34:54,989 - INFO - Plan status is active for user ID: 6
2024-10-10 02:34:54,992 - ERROR - Error closing database connections: cannot access local variable 'ielts_cursor' where it is not associated with a value
2024-10-10 02:34:55,014 - INFO - Attempting to connect to MySQL database: ielts_payment
2024-10-10 02:34:55,018 - INFO - Attempting to connect to MySQL database: ielts_database
2024-10-10 02:34:55,022 - INFO - Checking plan status for user ID: 6
2024-10-10 02:34:55,024 - INFO - Plan status is active for user ID: 6
2024-10-10 02:34:55,026 - ERROR - Error closing database connections: cannot access local variable 'ielts_cursor' where it is not associated with a value
2024-10-10 02:35:55,903 - INFO - Attempting to connect to MySQL database: ielts_payment
2024-10-10 02:35:55,905 - INFO - Attempting to connect to MySQL database: ielts_database
2024-10-10 02:35:55,908 - INFO - Checking plan status for user ID: 6
2024-10-10 02:35:55,909 - INFO - Plan status is active for user ID: 6
2024-10-10 02:35:55,912 - ERROR - Error closing database connections: cannot access local variable 'ielts_cursor' where it is not associated with a value
2024-10-10 02:35:55,928 - INFO - Attempting to connect to MySQL database: ielts_payment
2024-10-10 02:35:55,933 - INFO - Attempting to connect to MySQL database: ielts_database
2024-10-10 02:35:55,936 - INFO - Checking plan status for user ID: 6
2024-10-10 02:35:55,938 - INFO - Plan status is active for user ID: 6
2024-10-10 02:35:55,939 - ERROR - Error closing database connections: cannot access local variable 'ielts_cursor' where it is not associated with a value
2024-10-10 10:59:28,432 - INFO - Starting payments service
2024-10-10 10:59:28,432 - INFO - Starting Eureka client registration
2024-10-10 10:59:28,753 - INFO - Eureka client started and service registered successfully.
2024-10-10 10:59:29,792 - INFO - Starting payments service
2024-10-10 10:59:29,793 - INFO - Starting Eureka client registration
2024-10-10 10:59:30,111 - INFO - Eureka client started and service registered successfully.
2024-10-10 11:01:05,295 - INFO - Starting payments service
2024-10-10 11:01:05,297 - INFO - Starting Eureka client registration
2024-10-10 11:01:05,780 - INFO - Eureka client started and service registered successfully.
2024-10-10 11:25:40,500 - INFO - Starting payments service
2024-10-10 11:25:40,502 - INFO - Starting Eureka client registration
2024-10-10 11:25:41,055 - INFO - Eureka client started and service registered successfully.
2024-10-10 11:25:49,715 - INFO - Attempting to connect to MySQL database: ielts_payment
2024-10-10 11:25:49,724 - INFO - Attempting to connect to MySQL database: ielts_database
2024-10-10 11:25:49,733 - INFO - Checking plan status for user ID: 6
2024-10-10 11:25:49,737 - INFO - Plan status is active for user ID: 6
2024-10-10 11:25:49,739 - ERROR - Error closing database connections: cannot access local variable 'ielts_cursor' where it is not associated with a value
2024-10-10 11:25:49,758 - INFO - Attempting to connect to MySQL database: ielts_payment
2024-10-10 11:25:49,761 - INFO - Attempting to connect to MySQL database: ielts_database
2024-10-10 11:25:49,765 - INFO - Checking plan status for user ID: 6
2024-10-10 11:25:49,767 - INFO - Plan status is active for user ID: 6
2024-10-10 11:25:49,768 - ERROR - Error closing database connections: cannot access local variable 'ielts_cursor' where it is not associated with a value
2024-10-10 11:40:48,449 - INFO - Attempting to connect to MySQL database: ielts_payment
2024-10-10 11:40:48,451 - INFO - Attempting to connect to MySQL database: ielts_database
2024-10-10 11:40:48,456 - INFO - Checking plan status for user ID: 6
2024-10-10 11:40:48,458 - INFO - Plan status is active for user ID: 6
2024-10-10 11:40:48,459 - ERROR - Error closing database connections: cannot access local variable 'ielts_cursor' where it is not associated with a value
2024-10-10 11:40:48,478 - INFO - Attempting to connect to MySQL database: ielts_payment
2024-10-10 11:40:48,486 - INFO - Attempting to connect to MySQL database: ielts_database
2024-10-10 11:40:48,489 - INFO - Checking plan status for user ID: 6
2024-10-10 11:40:48,490 - INFO - Plan status is active for user ID: 6
2024-10-10 11:40:48,491 - ERROR - Error closing database connections: cannot access local variable 'ielts_cursor' where it is not associated with a value
2024-10-10 11:41:32,231 - INFO - Starting payments service
2024-10-10 11:41:32,233 - INFO - Starting Eureka client registration
2024-10-10 11:41:33,106 - INFO - Eureka client started and service registered successfully.
2024-10-10 11:41:39,297 - INFO - Starting payments service
2024-10-10 11:41:39,300 - INFO - Starting Eureka client registration
2024-10-10 11:41:39,873 - INFO - Eureka client started and service registered successfully.
2024-10-10 11:41:49,570 - INFO - Attempting to connect to MySQL database: ielts_payment
2024-10-10 11:41:49,576 - INFO - Attempting to connect to MySQL database: ielts_database
2024-10-10 11:41:49,578 - INFO - Checking plan status for user ID: 6
2024-10-10 11:41:49,580 - INFO - Plan status is active for user ID: 6
2024-10-10 11:41:49,581 - ERROR - Error closing database connections: cannot access local variable 'ielts_cursor' where it is not associated with a value
2024-10-10 11:41:49,614 - INFO - Attempting to connect to MySQL database: ielts_payment
2024-10-10 11:41:49,615 - INFO - Attempting to connect to MySQL database: ielts_database
2024-10-10 11:41:49,618 - INFO - Checking plan status for user ID: 6
2024-10-10 11:41:49,619 - INFO - Plan status is active for user ID: 6
2024-10-10 11:41:49,620 - ERROR - Error closing database connections: cannot access local variable 'ielts_cursor' where it is not associated with a value
2024-10-10 11:45:37,084 - INFO - Attempting to connect to MySQL database: ielts_payment
2024-10-10 11:45:37,095 - INFO - Attempting to connect to MySQL database: ielts_database
2024-10-10 11:45:37,107 - INFO - Checking plan status for user ID: 6
2024-10-10 11:45:37,111 - INFO - Plan status is active for user ID: 6
2024-10-10 11:45:37,116 - ERROR - Error closing database connections: cannot access local variable 'ielts_cursor' where it is not associated with a value
2024-10-10 11:45:37,145 - INFO - Attempting to connect to MySQL database: ielts_payment
2024-10-10 11:45:37,151 - INFO - Attempting to connect to MySQL database: ielts_database
2024-10-10 11:45:37,155 - INFO - Checking plan status for user ID: 6
2024-10-10 11:45:37,157 - INFO - Plan status is active for user ID: 6
2024-10-10 11:45:37,159 - ERROR - Error closing database connections: cannot access local variable 'ielts_cursor' where it is not associated with a value
2024-10-10 11:46:35,820 - INFO - Attempting to connect to MySQL database: ielts_payment
2024-10-10 11:46:35,823 - INFO - Attempting to connect to MySQL database: ielts_database
2024-10-10 11:46:35,826 - INFO - Checking plan status for user ID: 6
2024-10-10 11:46:35,830 - INFO - Plan status is active for user ID: 6
2024-10-10 11:46:35,831 - ERROR - Error closing database connections: cannot access local variable 'ielts_cursor' where it is not associated with a value
2024-10-10 11:46:35,853 - INFO - Attempting to connect to MySQL database: ielts_payment
2024-10-10 11:46:35,857 - INFO - Attempting to connect to MySQL database: ielts_database
2024-10-10 11:46:35,861 - INFO - Checking plan status for user ID: 6
2024-10-10 11:46:35,862 - INFO - Plan status is active for user ID: 6
2024-10-10 11:46:35,865 - ERROR - Error closing database connections: cannot access local variable 'ielts_cursor' where it is not associated with a value
2024-10-10 11:53:37,800 - INFO - Starting payments service
2024-10-10 11:53:37,804 - INFO - Starting Eureka client registration
2024-10-10 11:53:38,355 - INFO - Eureka client started and service registered successfully.
2024-10-10 11:59:31,682 - INFO - Starting payments service
2024-10-10 11:59:31,684 - INFO - Starting Eureka client registration
2024-10-10 11:59:32,314 - INFO - Eureka client started and service registered successfully.
2024-10-10 12:01:02,074 - INFO - Attempting to connect to MySQL database: ielts_payment
2024-10-10 12:01:02,085 - INFO - Attempting to connect to MySQL database: ielts_database
2024-10-10 12:01:02,090 - INFO - Checking plan status for user ID: 6
2024-10-10 12:01:02,091 - INFO - Plan status is active for user ID: 6
2024-10-10 12:01:02,092 - ERROR - Error closing database connections: cannot access local variable 'ielts_cursor' where it is not associated with a value
2024-10-10 12:01:02,107 - INFO - Attempting to connect to MySQL database: ielts_payment
2024-10-10 12:01:02,110 - INFO - Attempting to connect to MySQL database: ielts_database
2024-10-10 12:01:02,112 - INFO - Checking plan status for user ID: 6
2024-10-10 12:01:02,113 - INFO - Plan status is active for user ID: 6
2024-10-10 12:01:02,115 - ERROR - Error closing database connections: cannot access local variable 'ielts_cursor' where it is not associated with a value
2024-10-10 12:01:47,758 - INFO - Attempting to connect to MySQL database: ielts_payment
2024-10-10 12:01:47,760 - INFO - Attempting to connect to MySQL database: ielts_database
2024-10-10 12:01:47,761 - INFO - Checking plan status for user ID: 6
2024-10-10 12:01:47,763 - INFO - Plan status is active for user ID: 6
2024-10-10 12:01:47,764 - ERROR - Error closing database connections: cannot access local variable 'ielts_cursor' where it is not associated with a value
2024-10-10 12:01:47,773 - INFO - Attempting to connect to MySQL database: ielts_payment
2024-10-10 12:01:47,776 - INFO - Attempting to connect to MySQL database: ielts_database
2024-10-10 12:01:47,779 - INFO - Checking plan status for user ID: 6
2024-10-10 12:01:47,780 - INFO - Plan status is active for user ID: 6
2024-10-10 12:01:47,782 - ERROR - Error closing database connections: cannot access local variable 'ielts_cursor' where it is not associated with a value
2024-10-10 12:11:47,482 - INFO - Starting payments service
2024-10-10 12:11:47,484 - INFO - Starting Eureka client registration
2024-10-10 12:11:48,048 - INFO - Eureka client started and service registered successfully.
2024-10-10 12:11:51,780 - INFO - Starting payments service
2024-10-10 12:11:51,784 - INFO - Starting Eureka client registration
2024-10-10 12:11:52,728 - INFO - Eureka client started and service registered successfully.
2024-10-10 12:11:57,150 - INFO - Starting payments service
2024-10-10 12:11:57,152 - INFO - Starting Eureka client registration
2024-10-10 12:11:57,860 - INFO - Eureka client started and service registered successfully.
2024-10-10 12:12:03,982 - INFO - Starting payments service
2024-10-10 12:12:03,989 - INFO - Starting Eureka client registration
2024-10-10 12:12:05,045 - INFO - Eureka client started and service registered successfully.
2024-10-10 12:16:38,378 - INFO - Attempting to connect to MySQL database: ielts_payment
2024-10-10 12:16:38,395 - INFO - Attempting to connect to MySQL database: ielts_database
2024-10-10 12:16:38,400 - INFO - Checking plan status for user ID: 6
2024-10-10 12:16:38,402 - INFO - Plan status is active for user ID: 6
2024-10-10 12:16:38,403 - ERROR - Error closing database connections: cannot access local variable 'ielts_cursor' where it is not associated with a value
2024-10-10 12:16:38,418 - INFO - Attempting to connect to MySQL database: ielts_payment
2024-10-10 12:16:38,419 - INFO - Attempting to connect to MySQL database: ielts_database
2024-10-10 12:16:38,422 - INFO - Checking plan status for user ID: 6
2024-10-10 12:16:38,424 - INFO - Plan status is active for user ID: 6
2024-10-10 12:16:38,425 - ERROR - Error closing database connections: cannot access local variable 'ielts_cursor' where it is not associated with a value
2024-10-10 12:17:09,676 - INFO - Attempting to connect to MySQL database: ielts_payment
2024-10-10 12:17:09,678 - INFO - Attempting to connect to MySQL database: ielts_database
2024-10-10 12:17:09,680 - INFO - Checking plan status for user ID: 6
2024-10-10 12:17:09,681 - INFO - Plan status is active for user ID: 6
2024-10-10 12:17:09,683 - ERROR - Error closing database connections: cannot access local variable 'ielts_cursor' where it is not associated with a value
2024-10-10 12:17:09,691 - INFO - Attempting to connect to MySQL database: ielts_payment
2024-10-10 12:17:09,694 - INFO - Attempting to connect to MySQL database: ielts_database
2024-10-10 12:17:09,696 - INFO - Checking plan status for user ID: 6
2024-10-10 12:17:09,698 - INFO - Plan status is active for user ID: 6
2024-10-10 12:17:09,699 - ERROR - Error closing database connections: cannot access local variable 'ielts_cursor' where it is not associated with a value
2024-10-10 12:36:04,882 - INFO - Attempting to connect to MySQL database: ielts_payment
2024-10-10 12:36:04,891 - INFO - Attempting to connect to MySQL database: ielts_database
2024-10-10 12:36:04,896 - INFO - Checking plan status for user ID: 6
2024-10-10 12:36:04,898 - INFO - Plan status is active for user ID: 6
2024-10-10 12:36:04,905 - ERROR - Error closing database connections: cannot access local variable 'ielts_cursor' where it is not associated with a value
2024-10-10 12:36:04,977 - INFO - Attempting to connect to MySQL database: ielts_payment
2024-10-10 12:36:04,987 - INFO - Attempting to connect to MySQL database: ielts_database
2024-10-10 12:36:04,994 - INFO - Checking plan status for user ID: 6
2024-10-10 12:36:04,999 - INFO - Plan status is active for user ID: 6
2024-10-10 12:36:05,006 - ERROR - Error closing database connections: cannot access local variable 'ielts_cursor' where it is not associated with a value
2024-10-10 12:37:46,254 - INFO - Attempting to connect to MySQL database: ielts_payment
2024-10-10 12:37:46,258 - INFO - Attempting to connect to MySQL database: ielts_database
2024-10-10 12:37:46,262 - INFO - Checking plan status for user ID: 6
2024-10-10 12:37:46,264 - INFO - Plan status is active for user ID: 6
2024-10-10 12:37:46,266 - ERROR - Error closing database connections: cannot access local variable 'ielts_cursor' where it is not associated with a value
2024-10-10 12:37:46,281 - INFO - Attempting to connect to MySQL database: ielts_payment
2024-10-10 12:37:46,285 - INFO - Attempting to connect to MySQL database: ielts_database
2024-10-10 12:37:46,289 - INFO - Checking plan status for user ID: 6
2024-10-10 12:37:46,290 - INFO - Plan status is active for user ID: 6
2024-10-10 12:37:46,292 - ERROR - Error closing database connections: cannot access local variable 'ielts_cursor' where it is not associated with a value
2024-10-10 12:38:34,207 - INFO - Attempting to connect to MySQL database: ielts_payment
2024-10-10 12:38:34,213 - INFO - Attempting to connect to MySQL database: ielts_database
2024-10-10 12:38:34,222 - INFO - Checking plan status for user ID: 6
2024-10-10 12:38:34,227 - INFO - Plan status is active for user ID: 6
2024-10-10 12:38:34,230 - ERROR - Error closing database connections: cannot access local variable 'ielts_cursor' where it is not associated with a value
2024-10-10 12:38:34,248 - INFO - Attempting to connect to MySQL database: ielts_payment
2024-10-10 12:38:34,253 - INFO - Attempting to connect to MySQL database: ielts_database
2024-10-10 12:38:34,256 - INFO - Checking plan status for user ID: 6
2024-10-10 12:38:34,258 - INFO - Plan status is active for user ID: 6
2024-10-10 12:38:34,260 - ERROR - Error closing database connections: cannot access local variable 'ielts_cursor' where it is not associated with a value
2024-10-10 12:39:29,413 - INFO - Attempting to connect to MySQL database: ielts_payment
2024-10-10 12:39:29,416 - INFO - Attempting to connect to MySQL database: ielts_database
2024-10-10 12:39:29,419 - INFO - Checking plan status for user ID: 6
2024-10-10 12:39:29,420 - INFO - Plan status is active for user ID: 6
2024-10-10 12:39:29,422 - ERROR - Error closing database connections: cannot access local variable 'ielts_cursor' where it is not associated with a value
2024-10-10 12:39:29,451 - INFO - Attempting to connect to MySQL database: ielts_payment
2024-10-10 12:39:29,456 - INFO - Attempting to connect to MySQL database: ielts_database
2024-10-10 12:39:29,460 - INFO - Checking plan status for user ID: 6
2024-10-10 12:39:29,464 - INFO - Plan status is active for user ID: 6
2024-10-10 12:39:29,467 - ERROR - Error closing database connections: cannot access local variable 'ielts_cursor' where it is not associated with a value
2024-10-10 12:44:32,399 - INFO - Starting payments service
2024-10-10 12:44:32,400 - INFO - Starting Eureka client registration
2024-10-10 12:44:33,109 - INFO - Eureka client started and service registered successfully.
2024-10-10 12:45:58,708 - INFO - Starting payments service
2024-10-10 12:45:58,710 - INFO - Starting Eureka client registration
2024-10-10 12:45:59,335 - INFO - Eureka client started and service registered successfully.
2024-10-10 12:46:04,239 - INFO - Starting payments service
2024-10-10 12:46:04,242 - INFO - Starting Eureka client registration
2024-10-10 12:46:06,299 - INFO - Eureka client started and service registered successfully.
2024-10-10 13:03:32,667 - INFO - Starting payments service
2024-10-10 13:03:32,677 - INFO - Starting Eureka client registration
2024-10-10 13:03:33,491 - INFO - Eureka client started and service registered successfully.
2024-10-10 13:21:28,029 - INFO - Attempting to connect to MySQL database: ielts_payment
2024-10-10 13:21:28,043 - INFO - Attempting to connect to MySQL database: ielts_database
2024-10-10 13:21:28,058 - INFO - Checking plan status for user ID: 6
2024-10-10 13:21:28,060 - INFO - Plan status is active for user ID: 6
2024-10-10 13:21:28,060 - ERROR - Error closing database connections: cannot access local variable 'ielts_cursor' where it is not associated with a value
2024-10-10 13:21:28,100 - INFO - Attempting to connect to MySQL database: ielts_payment
2024-10-10 13:21:28,105 - INFO - Attempting to connect to MySQL database: ielts_database
2024-10-10 13:21:28,109 - INFO - Checking plan status for user ID: 6
2024-10-10 13:21:28,114 - INFO - Plan status is active for user ID: 6
2024-10-10 13:21:28,115 - ERROR - Error closing database connections: cannot access local variable 'ielts_cursor' where it is not associated with a value
2024-10-10 13:41:15,524 - INFO - Starting payments service
2024-10-10 13:41:15,545 - INFO - Starting Eureka client registration
2024-10-10 13:41:16,580 - INFO - Eureka client started and service registered successfully.
2024-10-10 13:48:23,887 - INFO - Attempting to connect to MySQL database: ielts_payment
2024-10-10 13:48:23,895 - INFO - Attempting to connect to MySQL database: ielts_database
2024-10-10 13:48:23,897 - INFO - Checking plan status for user ID: 6
2024-10-10 13:48:23,898 - INFO - Plan status is active for user ID: 6
2024-10-10 13:48:23,900 - ERROR - Error closing database connections: cannot access local variable 'ielts_cursor' where it is not associated with a value
2024-10-10 13:48:23,912 - INFO - Attempting to connect to MySQL database: ielts_payment
2024-10-10 13:48:23,914 - INFO - Attempting to connect to MySQL database: ielts_database
2024-10-10 13:48:23,917 - INFO - Checking plan status for user ID: 6
2024-10-10 13:48:23,918 - INFO - Plan status is active for user ID: 6
2024-10-10 13:48:23,920 - ERROR - Error closing database connections: cannot access local variable 'ielts_cursor' where it is not associated with a value
2024-10-10 14:27:50,366 - INFO - Attempting to connect to MySQL database: ielts_payment
2024-10-10 14:27:50,370 - INFO - Attempting to connect to MySQL database: ielts_database
2024-10-10 14:27:50,377 - INFO - Checking plan status for user ID: 6
2024-10-10 14:27:50,381 - INFO - Plan status is active for user ID: 6
2024-10-10 14:27:50,382 - ERROR - Error closing database connections: cannot access local variable 'ielts_cursor' where it is not associated with a value
2024-10-10 14:27:50,397 - INFO - Attempting to connect to MySQL database: ielts_payment
2024-10-10 14:27:50,400 - INFO - Attempting to connect to MySQL database: ielts_database
2024-10-10 14:27:50,402 - INFO - Checking plan status for user ID: 6
2024-10-10 14:27:50,404 - INFO - Plan status is active for user ID: 6
2024-10-10 14:27:50,406 - ERROR - Error closing database connections: cannot access local variable 'ielts_cursor' where it is not associated with a value
2024-10-10 14:28:33,438 - INFO - Attempting to connect to MySQL database: ielts_payment
2024-10-10 14:28:33,440 - INFO - Attempting to connect to MySQL database: ielts_database
2024-10-10 14:28:33,442 - INFO - Checking plan status for user ID: 6
2024-10-10 14:28:33,444 - INFO - Plan status is active for user ID: 6
2024-10-10 14:28:33,445 - ERROR - Error closing database connections: cannot access local variable 'ielts_cursor' where it is not associated with a value
2024-10-10 14:28:33,458 - INFO - Attempting to connect to MySQL database: ielts_payment
2024-10-10 14:28:33,460 - INFO - Attempting to connect to MySQL database: ielts_database
2024-10-10 14:28:33,463 - INFO - Checking plan status for user ID: 6
2024-10-10 14:28:33,465 - INFO - Plan status is active for user ID: 6
2024-10-10 14:28:33,466 - ERROR - Error closing database connections: cannot access local variable 'ielts_cursor' where it is not associated with a value
2024-10-10 15:05:22,503 - INFO - Starting payments service
2024-10-10 15:05:22,504 - INFO - Starting Eureka client registration
2024-10-10 15:05:23,126 - INFO - Eureka client started and service registered successfully.
2024-10-10 15:05:31,677 - INFO - Starting payments service
2024-10-10 15:05:31,679 - INFO - Starting Eureka client registration
2024-10-10 15:05:32,590 - INFO - Eureka client started and service registered successfully.
2024-10-10 15:46:14,308 - INFO - Attempting to connect to MySQL database: ielts_payment
2024-10-10 15:46:14,334 - INFO - Attempting to connect to MySQL database: ielts_database
2024-10-10 15:46:14,338 - INFO - Checking plan status for user ID: 6
2024-10-10 15:46:14,341 - INFO - Plan status is active for user ID: 6
2024-10-10 15:46:14,344 - ERROR - Error closing database connections: cannot access local variable 'ielts_cursor' where it is not associated with a value
2024-10-10 15:46:14,367 - INFO - Attempting to connect to MySQL database: ielts_payment
2024-10-10 15:46:14,371 - INFO - Attempting to connect to MySQL database: ielts_database
2024-10-10 15:46:14,374 - INFO - Checking plan status for user ID: 6
2024-10-10 15:46:14,376 - INFO - Plan status is active for user ID: 6
2024-10-10 15:46:14,380 - ERROR - Error closing database connections: cannot access local variable 'ielts_cursor' where it is not associated with a value
2024-10-10 16:05:34,187 - INFO - Starting payments service
2024-10-10 16:05:34,188 - INFO - Starting Eureka client registration
2024-10-10 16:05:34,623 - INFO - Eureka client started and service registered successfully.
2024-10-10 16:05:42,186 - INFO - Starting payments service
2024-10-10 16:05:42,187 - INFO - Starting Eureka client registration
2024-10-10 16:05:42,551 - INFO - Eureka client started and service registered successfully.
2024-10-10 16:28:41,326 - INFO - Attempting to connect to MySQL database: ielts_payment
2024-10-10 16:28:41,333 - INFO - Attempting to connect to MySQL database: ielts_database
2024-10-10 16:28:41,336 - INFO - Checking plan status for user ID: 6
2024-10-10 16:28:41,338 - INFO - Plan status is active for user ID: 6
2024-10-10 16:28:41,341 - ERROR - Error closing database connections: cannot access local variable 'ielts_cursor' where it is not associated with a value
2024-10-10 16:28:41,352 - INFO - Attempting to connect to MySQL database: ielts_payment
2024-10-10 16:28:41,357 - INFO - Attempting to connect to MySQL database: ielts_database
2024-10-10 16:28:41,359 - INFO - Checking plan status for user ID: 6
2024-10-10 16:28:41,360 - INFO - Plan status is active for user ID: 6
2024-10-10 16:28:41,361 - ERROR - Error closing database connections: cannot access local variable 'ielts_cursor' where it is not associated with a value
2024-10-10 16:28:46,139 - INFO - Attempting to connect to MySQL database: ielts_payment
2024-10-10 16:28:46,141 - INFO - Attempting to connect to MySQL database: ielts_database
2024-10-10 16:28:46,145 - INFO - Checking plan status for user ID: 6
2024-10-10 16:28:46,146 - INFO - Plan status is active for user ID: 6
2024-10-10 16:28:46,148 - ERROR - Error closing database connections: cannot access local variable 'ielts_cursor' where it is not associated with a value
2024-10-10 16:28:46,169 - INFO - Attempting to connect to MySQL database: ielts_payment
2024-10-10 16:28:46,172 - INFO - Attempting to connect to MySQL database: ielts_database
2024-10-10 16:28:46,175 - INFO - Checking plan status for user ID: 6
2024-10-10 16:28:46,176 - INFO - Plan status is active for user ID: 6
2024-10-10 16:28:46,178 - ERROR - Error closing database connections: cannot access local variable 'ielts_cursor' where it is not associated with a value
2024-10-10 16:30:27,949 - INFO - Attempting to connect to MySQL database: ielts_payment
2024-10-10 16:30:27,950 - INFO - Attempting to connect to MySQL database: ielts_database
2024-10-10 16:30:27,953 - INFO - Checking plan status for user ID: 6
2024-10-10 16:30:27,955 - INFO - Plan status is active for user ID: 6
2024-10-10 16:30:27,956 - ERROR - Error closing database connections: cannot access local variable 'ielts_cursor' where it is not associated with a value
2024-10-10 16:30:31,926 - INFO - Attempting to connect to MySQL database: ielts_payment
2024-10-10 16:30:31,928 - INFO - Attempting to connect to MySQL database: ielts_database
2024-10-10 16:30:31,930 - INFO - Checking plan status for user ID: 6
2024-10-10 16:30:31,932 - INFO - Plan status is active for user ID: 6
2024-10-10 16:30:31,933 - ERROR - Error closing database connections: cannot access local variable 'ielts_cursor' where it is not associated with a value
2024-10-10 16:30:34,918 - INFO - Attempting to connect to MySQL database: ielts_payment
2024-10-10 16:30:34,921 - INFO - Attempting to connect to MySQL database: ielts_database
2024-10-10 16:30:34,923 - INFO - Checking plan status for user ID: 6
2024-10-10 16:30:34,924 - INFO - Plan status is active for user ID: 6
2024-10-10 16:30:34,925 - ERROR - Error closing database connections: cannot access local variable 'ielts_cursor' where it is not associated with a value
2024-10-10 16:30:39,924 - INFO - Attempting to connect to MySQL database: ielts_payment
2024-10-10 16:30:39,928 - INFO - Attempting to connect to MySQL database: ielts_database
2024-10-10 16:30:39,931 - INFO - Checking plan status for user ID: 6
2024-10-10 16:30:39,934 - INFO - Plan status is active for user ID: 6
2024-10-10 16:30:39,935 - ERROR - Error closing database connections: cannot access local variable 'ielts_cursor' where it is not associated with a value
2024-10-10 16:30:43,903 - INFO - Attempting to connect to MySQL database: ielts_payment
2024-10-10 16:30:43,905 - INFO - Attempting to connect to MySQL database: ielts_database
2024-10-10 16:30:43,907 - INFO - Checking plan status for user ID: 6
2024-10-10 16:30:43,909 - INFO - Plan status is active for user ID: 6
2024-10-10 16:30:43,911 - ERROR - Error closing database connections: cannot access local variable 'ielts_cursor' where it is not associated with a value
2024-10-10 16:30:47,923 - INFO - Attempting to connect to MySQL database: ielts_payment
2024-10-10 16:30:47,925 - INFO - Attempting to connect to MySQL database: ielts_database
2024-10-10 16:30:47,927 - INFO - Checking plan status for user ID: 6
2024-10-10 16:30:47,929 - INFO - Plan status is active for user ID: 6
2024-10-10 16:30:47,931 - ERROR - Error closing database connections: cannot access local variable 'ielts_cursor' where it is not associated with a value
2024-10-10 16:30:51,921 - INFO - Attempting to connect to MySQL database: ielts_payment
2024-10-10 16:30:51,924 - INFO - Attempting to connect to MySQL database: ielts_database
2024-10-10 16:30:51,926 - INFO - Checking plan status for user ID: 6
2024-10-10 16:30:51,927 - INFO - Plan status is active for user ID: 6
2024-10-10 16:30:51,928 - ERROR - Error closing database connections: cannot access local variable 'ielts_cursor' where it is not associated with a value
2024-10-10 16:30:55,902 - INFO - Attempting to connect to MySQL database: ielts_payment
2024-10-10 16:30:55,904 - INFO - Attempting to connect to MySQL database: ielts_database
2024-10-10 16:30:55,906 - INFO - Checking plan status for user ID: 6
2024-10-10 16:30:55,907 - INFO - Plan status is active for user ID: 6
2024-10-10 16:30:55,908 - ERROR - Error closing database connections: cannot access local variable 'ielts_cursor' where it is not associated with a value
2024-10-10 16:30:59,907 - INFO - Attempting to connect to MySQL database: ielts_payment
2024-10-10 16:30:59,909 - INFO - Attempting to connect to MySQL database: ielts_database
2024-10-10 16:30:59,911 - INFO - Checking plan status for user ID: 6
2024-10-10 16:30:59,912 - INFO - Plan status is active for user ID: 6
2024-10-10 16:30:59,913 - ERROR - Error closing database connections: cannot access local variable 'ielts_cursor' where it is not associated with a value
2024-10-10 16:31:01,916 - INFO - Attempting to connect to MySQL database: ielts_payment
2024-10-10 16:31:01,918 - INFO - Attempting to connect to MySQL database: ielts_database
2024-10-10 16:31:01,921 - INFO - Checking plan status for user ID: 6
2024-10-10 16:31:01,922 - INFO - Plan status is active for user ID: 6
2024-10-10 16:31:01,923 - ERROR - Error closing database connections: cannot access local variable 'ielts_cursor' where it is not associated with a value
2024-10-10 16:31:08,932 - INFO - Attempting to connect to MySQL database: ielts_payment
2024-10-10 16:31:08,935 - INFO - Attempting to connect to MySQL database: ielts_database
2024-10-10 16:31:08,937 - INFO - Checking plan status for user ID: 6
2024-10-10 16:31:08,938 - INFO - Plan status is active for user ID: 6
2024-10-10 16:31:08,939 - ERROR - Error closing database connections: cannot access local variable 'ielts_cursor' where it is not associated with a value
2024-10-10 16:31:11,906 - INFO - Attempting to connect to MySQL database: ielts_payment
2024-10-10 16:31:11,908 - INFO - Attempting to connect to MySQL database: ielts_database
2024-10-10 16:31:11,910 - INFO - Checking plan status for user ID: 6
2024-10-10 16:31:11,911 - INFO - Plan status is active for user ID: 6
2024-10-10 16:31:11,912 - ERROR - Error closing database connections: cannot access local variable 'ielts_cursor' where it is not associated with a value
2024-10-10 16:31:15,915 - INFO - Attempting to connect to MySQL database: ielts_payment
2024-10-10 16:31:15,917 - INFO - Attempting to connect to MySQL database: ielts_database
2024-10-10 16:31:15,919 - INFO - Checking plan status for user ID: 6
2024-10-10 16:31:15,920 - INFO - Plan status is active for user ID: 6
2024-10-10 16:31:15,922 - ERROR - Error closing database connections: cannot access local variable 'ielts_cursor' where it is not associated with a value
2024-10-10 16:31:20,915 - INFO - Attempting to connect to MySQL database: ielts_payment
2024-10-10 16:31:20,918 - INFO - Attempting to connect to MySQL database: ielts_database
2024-10-10 16:31:20,920 - INFO - Checking plan status for user ID: 6
2024-10-10 16:31:20,922 - INFO - Plan status is active for user ID: 6
2024-10-10 16:31:20,923 - ERROR - Error closing database connections: cannot access local variable 'ielts_cursor' where it is not associated with a value
2024-10-10 16:31:25,933 - INFO - Attempting to connect to MySQL database: ielts_payment
2024-10-10 16:31:25,935 - INFO - Attempting to connect to MySQL database: ielts_database
2024-10-10 16:31:25,938 - INFO - Checking plan status for user ID: 6
2024-10-10 16:31:25,939 - INFO - Plan status is active for user ID: 6
2024-10-10 16:31:25,940 - ERROR - Error closing database connections: cannot access local variable 'ielts_cursor' where it is not associated with a value
2024-10-10 16:31:28,912 - INFO - Attempting to connect to MySQL database: ielts_payment
2024-10-10 16:31:28,914 - INFO - Attempting to connect to MySQL database: ielts_database
2024-10-10 16:31:28,916 - INFO - Checking plan status for user ID: 6
2024-10-10 16:31:28,917 - INFO - Plan status is active for user ID: 6
2024-10-10 16:31:28,919 - ERROR - Error closing database connections: cannot access local variable 'ielts_cursor' where it is not associated with a value
2024-10-10 16:31:32,904 - INFO - Attempting to connect to MySQL database: ielts_payment
2024-10-10 16:31:32,906 - INFO - Attempting to connect to MySQL database: ielts_database
2024-10-10 16:31:32,908 - INFO - Checking plan status for user ID: 6
2024-10-10 16:31:32,909 - INFO - Plan status is active for user ID: 6
2024-10-10 16:31:32,910 - ERROR - Error closing database connections: cannot access local variable 'ielts_cursor' where it is not associated with a value
2024-10-10 16:31:34,910 - INFO - Attempting to connect to MySQL database: ielts_payment
2024-10-10 16:31:34,912 - INFO - Attempting to connect to MySQL database: ielts_database
2024-10-10 16:31:34,914 - INFO - Checking plan status for user ID: 6
2024-10-10 16:31:34,916 - INFO - Plan status is active for user ID: 6
2024-10-10 16:31:34,918 - ERROR - Error closing database connections: cannot access local variable 'ielts_cursor' where it is not associated with a value
2024-10-10 16:32:08,943 - INFO - Attempting to connect to MySQL database: ielts_payment
2024-10-10 16:32:08,945 - INFO - Attempting to connect to MySQL database: ielts_database
2024-10-10 16:32:08,947 - INFO - Checking plan status for user ID: 6
2024-10-10 16:32:08,949 - INFO - Plan status is active for user ID: 6
2024-10-10 16:32:08,950 - ERROR - Error closing database connections: cannot access local variable 'ielts_cursor' where it is not associated with a value
2024-10-10 16:32:10,939 - INFO - Attempting to connect to MySQL database: ielts_payment
2024-10-10 16:32:10,941 - INFO - Attempting to connect to MySQL database: ielts_database
2024-10-10 16:32:10,943 - INFO - Checking plan status for user ID: 6
2024-10-10 16:32:10,945 - INFO - Plan status is active for user ID: 6
2024-10-10 16:32:10,945 - ERROR - Error closing database connections: cannot access local variable 'ielts_cursor' where it is not associated with a value
2024-10-10 16:32:14,926 - INFO - Attempting to connect to MySQL database: ielts_payment
2024-10-10 16:32:14,928 - INFO - Attempting to connect to MySQL database: ielts_database
2024-10-10 16:32:14,930 - INFO - Checking plan status for user ID: 6
2024-10-10 16:32:14,932 - INFO - Plan status is active for user ID: 6
2024-10-10 16:32:14,933 - ERROR - Error closing database connections: cannot access local variable 'ielts_cursor' where it is not associated with a value
2024-10-10 16:38:48,991 - INFO - Attempting to connect to MySQL database: ielts_payment
2024-10-10 16:38:48,994 - INFO - Attempting to connect to MySQL database: ielts_database
2024-10-10 16:38:48,997 - INFO - Checking plan status for user ID: 6
2024-10-10 16:38:48,998 - INFO - Plan status is active for user ID: 6
2024-10-10 16:38:48,999 - ERROR - Error closing database connections: cannot access local variable 'ielts_cursor' where it is not associated with a value
2024-10-10 16:38:50,912 - INFO - Attempting to connect to MySQL database: ielts_payment
2024-10-10 16:38:50,918 - INFO - Attempting to connect to MySQL database: ielts_database
2024-10-10 16:38:50,921 - INFO - Checking plan status for user ID: 6
2024-10-10 16:38:50,922 - INFO - Plan status is active for user ID: 6
2024-10-10 16:38:50,923 - ERROR - Error closing database connections: cannot access local variable 'ielts_cursor' where it is not associated with a value
2024-10-10 16:42:35,965 - INFO - Attempting to connect to MySQL database: ielts_payment
2024-10-10 16:42:35,967 - INFO - Attempting to connect to MySQL database: ielts_database
2024-10-10 16:42:35,971 - INFO - Checking plan status for user ID: 6
2024-10-10 16:42:35,972 - INFO - Plan status is active for user ID: 6
2024-10-10 16:42:35,973 - ERROR - Error closing database connections: cannot access local variable 'ielts_cursor' where it is not associated with a value
2024-10-10 16:42:41,928 - INFO - Attempting to connect to MySQL database: ielts_payment
2024-10-10 16:42:41,931 - INFO - Attempting to connect to MySQL database: ielts_database
2024-10-10 16:42:41,933 - INFO - Checking plan status for user ID: 6
2024-10-10 16:42:41,934 - INFO - Plan status is active for user ID: 6
2024-10-10 16:42:41,936 - ERROR - Error closing database connections: cannot access local variable 'ielts_cursor' where it is not associated with a value
2024-10-10 16:42:45,929 - INFO - Attempting to connect to MySQL database: ielts_payment
2024-10-10 16:42:45,931 - INFO - Attempting to connect to MySQL database: ielts_database
2024-10-10 16:42:45,933 - INFO - Checking plan status for user ID: 6
2024-10-10 16:42:45,935 - INFO - Plan status is active for user ID: 6
2024-10-10 16:42:45,935 - ERROR - Error closing database connections: cannot access local variable 'ielts_cursor' where it is not associated with a value
2024-10-10 16:42:47,934 - INFO - Attempting to connect to MySQL database: ielts_payment
2024-10-10 16:42:47,938 - INFO - Attempting to connect to MySQL database: ielts_database
2024-10-10 16:42:47,941 - INFO - Checking plan status for user ID: 6
2024-10-10 16:42:47,942 - INFO - Plan status is active for user ID: 6
2024-10-10 16:42:47,943 - ERROR - Error closing database connections: cannot access local variable 'ielts_cursor' where it is not associated with a value
2024-10-10 16:42:48,930 - INFO - Attempting to connect to MySQL database: ielts_payment
2024-10-10 16:42:48,932 - INFO - Attempting to connect to MySQL database: ielts_database
2024-10-10 16:42:48,934 - INFO - Checking plan status for user ID: 6
2024-10-10 16:42:48,936 - INFO - Plan status is active for user ID: 6
2024-10-10 16:42:48,938 - ERROR - Error closing database connections: cannot access local variable 'ielts_cursor' where it is not associated with a value
2024-10-10 16:44:18,953 - INFO - Attempting to connect to MySQL database: ielts_payment
2024-10-10 16:44:18,955 - INFO - Attempting to connect to MySQL database: ielts_database
2024-10-10 16:44:18,958 - INFO - Checking plan status for user ID: 6
2024-10-10 16:44:18,959 - INFO - Plan status is active for user ID: 6
2024-10-10 16:44:18,960 - ERROR - Error closing database connections: cannot access local variable 'ielts_cursor' where it is not associated with a value
2024-10-10 16:44:21,873 - INFO - Attempting to connect to MySQL database: ielts_payment
2024-10-10 16:44:21,875 - INFO - Attempting to connect to MySQL database: ielts_database
2024-10-10 16:44:21,877 - INFO - Checking plan status for user ID: 6
2024-10-10 16:44:21,878 - INFO - Plan status is active for user ID: 6
2024-10-10 16:44:21,880 - ERROR - Error closing database connections: cannot access local variable 'ielts_cursor' where it is not associated with a value
2024-10-10 16:44:37,875 - INFO - Attempting to connect to MySQL database: ielts_payment
2024-10-10 16:44:37,877 - INFO - Attempting to connect to MySQL database: ielts_database
2024-10-10 16:44:37,879 - INFO - Checking plan status for user ID: 6
2024-10-10 16:44:37,881 - INFO - Plan status is active for user ID: 6
2024-10-10 16:44:37,882 - ERROR - Error closing database connections: cannot access local variable 'ielts_cursor' where it is not associated with a value
2024-10-10 16:44:39,902 - INFO - Attempting to connect to MySQL database: ielts_payment
2024-10-10 16:44:39,905 - INFO - Attempting to connect to MySQL database: ielts_database
2024-10-10 16:44:39,907 - INFO - Checking plan status for user ID: 6
2024-10-10 16:44:39,907 - INFO - Plan status is active for user ID: 6
2024-10-10 16:44:39,909 - ERROR - Error closing database connections: cannot access local variable 'ielts_cursor' where it is not associated with a value
2024-10-10 16:44:41,022 - INFO - Attempting to connect to MySQL database: ielts_payment
2024-10-10 16:44:41,025 - INFO - Attempting to connect to MySQL database: ielts_database
2024-10-10 16:44:41,027 - INFO - Checking plan status for user ID: 6
2024-10-10 16:44:41,028 - INFO - Plan status is active for user ID: 6
2024-10-10 16:44:41,030 - ERROR - Error closing database connections: cannot access local variable 'ielts_cursor' where it is not associated with a value
2024-10-10 16:44:48,873 - INFO - Attempting to connect to MySQL database: ielts_payment
2024-10-10 16:44:48,875 - INFO - Attempting to connect to MySQL database: ielts_database
2024-10-10 16:44:48,878 - INFO - Checking plan status for user ID: 6
2024-10-10 16:44:48,879 - INFO - Plan status is active for user ID: 6
2024-10-10 16:44:48,881 - ERROR - Error closing database connections: cannot access local variable 'ielts_cursor' where it is not associated with a value
2024-10-10 16:44:51,512 - INFO - Attempting to connect to MySQL database: ielts_payment
2024-10-10 16:44:51,515 - INFO - Attempting to connect to MySQL database: ielts_database
2024-10-10 16:44:51,518 - INFO - Checking plan status for user ID: 6
2024-10-10 16:44:51,520 - INFO - Plan status is active for user ID: 6
2024-10-10 16:44:51,521 - ERROR - Error closing database connections: cannot access local variable 'ielts_cursor' where it is not associated with a value
2024-10-10 16:46:08,976 - INFO - Attempting to connect to MySQL database: ielts_payment
2024-10-10 16:46:08,978 - INFO - Attempting to connect to MySQL database: ielts_database
2024-10-10 16:46:08,980 - INFO - Checking plan status for user ID: 6
2024-10-10 16:46:08,982 - INFO - Plan status is active for user ID: 6
2024-10-10 16:46:08,983 - ERROR - Error closing database connections: cannot access local variable 'ielts_cursor' where it is not associated with a value
2024-10-10 16:46:10,943 - INFO - Attempting to connect to MySQL database: ielts_payment
2024-10-10 16:46:10,946 - INFO - Attempting to connect to MySQL database: ielts_database
2024-10-10 16:46:10,948 - INFO - Checking plan status for user ID: 6
2024-10-10 16:46:10,949 - INFO - Plan status is active for user ID: 6
2024-10-10 16:46:10,950 - ERROR - Error closing database connections: cannot access local variable 'ielts_cursor' where it is not associated with a value
2024-10-10 16:46:15,921 - INFO - Attempting to connect to MySQL database: ielts_payment
2024-10-10 16:46:15,923 - INFO - Attempting to connect to MySQL database: ielts_database
2024-10-10 16:46:15,925 - INFO - Checking plan status for user ID: 6
2024-10-10 16:46:15,926 - INFO - Plan status is active for user ID: 6
2024-10-10 16:46:15,927 - ERROR - Error closing database connections: cannot access local variable 'ielts_cursor' where it is not associated with a value
2024-10-10 16:46:19,961 - INFO - Attempting to connect to MySQL database: ielts_payment
2024-10-10 16:46:19,963 - INFO - Attempting to connect to MySQL database: ielts_database
2024-10-10 16:46:19,966 - INFO - Checking plan status for user ID: 6
2024-10-10 16:46:19,966 - INFO - Plan status is active for user ID: 6
2024-10-10 16:46:19,968 - ERROR - Error closing database connections: cannot access local variable 'ielts_cursor' where it is not associated with a value
2024-10-10 16:46:25,935 - INFO - Attempting to connect to MySQL database: ielts_payment
2024-10-10 16:46:25,937 - INFO - Attempting to connect to MySQL database: ielts_database
2024-10-10 16:46:25,939 - INFO - Checking plan status for user ID: 6
2024-10-10 16:46:25,940 - INFO - Plan status is active for user ID: 6
2024-10-10 16:46:25,941 - ERROR - Error closing database connections: cannot access local variable 'ielts_cursor' where it is not associated with a value
2024-10-10 16:46:27,979 - INFO - Attempting to connect to MySQL database: ielts_payment
2024-10-10 16:46:27,981 - INFO - Attempting to connect to MySQL database: ielts_database
2024-10-10 16:46:27,983 - INFO - Checking plan status for user ID: 6
2024-10-10 16:46:27,985 - INFO - Plan status is active for user ID: 6
2024-10-10 16:46:27,986 - ERROR - Error closing database connections: cannot access local variable 'ielts_cursor' where it is not associated with a value
2024-10-10 16:46:50,921 - INFO - Attempting to connect to MySQL database: ielts_payment
2024-10-10 16:46:50,924 - INFO - Attempting to connect to MySQL database: ielts_database
2024-10-10 16:46:50,928 - INFO - Checking plan status for user ID: 6
2024-10-10 16:46:50,929 - INFO - Plan status is active for user ID: 6
2024-10-10 16:46:50,930 - ERROR - Error closing database connections: cannot access local variable 'ielts_cursor' where it is not associated with a value
2024-10-10 16:47:19,924 - INFO - Attempting to connect to MySQL database: ielts_payment
2024-10-10 16:47:19,927 - INFO - Attempting to connect to MySQL database: ielts_database
2024-10-10 16:47:19,930 - INFO - Checking plan status for user ID: 6
2024-10-10 16:47:19,931 - INFO - Plan status is active for user ID: 6
2024-10-10 16:47:19,935 - ERROR - Error closing database connections: cannot access local variable 'ielts_cursor' where it is not associated with a value
2024-10-10 16:47:22,918 - INFO - Attempting to connect to MySQL database: ielts_payment
2024-10-10 16:47:22,921 - INFO - Attempting to connect to MySQL database: ielts_database
2024-10-10 16:47:22,924 - INFO - Checking plan status for user ID: 6
2024-10-10 16:47:22,925 - INFO - Plan status is active for user ID: 6
2024-10-10 16:47:22,926 - ERROR - Error closing database connections: cannot access local variable 'ielts_cursor' where it is not associated with a value
2024-10-10 16:47:27,908 - INFO - Attempting to connect to MySQL database: ielts_payment
2024-10-10 16:47:27,910 - INFO - Attempting to connect to MySQL database: ielts_database
2024-10-10 16:47:27,912 - INFO - Checking plan status for user ID: 6
2024-10-10 16:47:27,913 - INFO - Plan status is active for user ID: 6
2024-10-10 16:47:27,915 - ERROR - Error closing database connections: cannot access local variable 'ielts_cursor' where it is not associated with a value
2024-10-10 16:47:35,912 - INFO - Attempting to connect to MySQL database: ielts_payment
2024-10-10 16:47:35,914 - INFO - Attempting to connect to MySQL database: ielts_database
2024-10-10 16:47:35,917 - INFO - Checking plan status for user ID: 6
2024-10-10 16:47:35,918 - INFO - Plan status is active for user ID: 6
2024-10-10 16:47:35,919 - ERROR - Error closing database connections: cannot access local variable 'ielts_cursor' where it is not associated with a value
2024-10-10 16:47:41,934 - INFO - Attempting to connect to MySQL database: ielts_payment
2024-10-10 16:47:41,936 - INFO - Attempting to connect to MySQL database: ielts_database
2024-10-10 16:47:41,939 - INFO - Checking plan status for user ID: 6
2024-10-10 16:47:41,940 - INFO - Plan status is active for user ID: 6
2024-10-10 16:47:41,941 - ERROR - Error closing database connections: cannot access local variable 'ielts_cursor' where it is not associated with a value
2024-10-10 16:47:44,923 - INFO - Attempting to connect to MySQL database: ielts_payment
2024-10-10 16:47:44,924 - INFO - Attempting to connect to MySQL database: ielts_database
2024-10-10 16:47:44,926 - INFO - Checking plan status for user ID: 6
2024-10-10 16:47:44,927 - INFO - Plan status is active for user ID: 6
2024-10-10 16:47:44,928 - ERROR - Error closing database connections: cannot access local variable 'ielts_cursor' where it is not associated with a value
2024-10-10 16:47:56,679 - INFO - Attempting to connect to MySQL database: ielts_payment
2024-10-10 16:47:56,682 - INFO - Attempting to connect to MySQL database: ielts_database
2024-10-10 16:47:56,684 - INFO - Checking plan status for user ID: 6
2024-10-10 16:47:56,685 - INFO - Plan status is active for user ID: 6
2024-10-10 16:47:56,687 - ERROR - Error closing database connections: cannot access local variable 'ielts_cursor' where it is not associated with a value
2024-10-10 16:48:10,924 - INFO - Attempting to connect to MySQL database: ielts_payment
2024-10-10 16:48:10,927 - INFO - Attempting to connect to MySQL database: ielts_database
2024-10-10 16:48:10,929 - INFO - Checking plan status for user ID: 6
2024-10-10 16:48:10,930 - INFO - Plan status is active for user ID: 6
2024-10-10 16:48:10,931 - ERROR - Error closing database connections: cannot access local variable 'ielts_cursor' where it is not associated with a value
2024-10-10 16:48:14,911 - INFO - Attempting to connect to MySQL database: ielts_payment
2024-10-10 16:48:14,912 - INFO - Attempting to connect to MySQL database: ielts_database
2024-10-10 16:48:14,915 - INFO - Checking plan status for user ID: 6
2024-10-10 16:48:14,916 - INFO - Plan status is active for user ID: 6
2024-10-10 16:48:14,917 - ERROR - Error closing database connections: cannot access local variable 'ielts_cursor' where it is not associated with a value
2024-10-10 16:48:17,848 - INFO - Attempting to connect to MySQL database: ielts_payment
2024-10-10 16:48:17,851 - INFO - Attempting to connect to MySQL database: ielts_database
2024-10-10 16:48:17,853 - INFO - Checking plan status for user ID: 6
2024-10-10 16:48:17,856 - INFO - Plan status is active for user ID: 6
2024-10-10 16:48:17,857 - ERROR - Error closing database connections: cannot access local variable 'ielts_cursor' where it is not associated with a value
2024-10-10 16:48:28,909 - INFO - Attempting to connect to MySQL database: ielts_payment
2024-10-10 16:48:28,910 - INFO - Attempting to connect to MySQL database: ielts_database
2024-10-10 16:48:28,914 - INFO - Checking plan status for user ID: 6
2024-10-10 16:48:28,915 - INFO - Plan status is active for user ID: 6
2024-10-10 16:48:28,916 - ERROR - Error closing database connections: cannot access local variable 'ielts_cursor' where it is not associated with a value
2024-10-10 16:48:35,910 - INFO - Attempting to connect to MySQL database: ielts_payment
2024-10-10 16:48:35,913 - INFO - Attempting to connect to MySQL database: ielts_database
2024-10-10 16:48:35,915 - INFO - Checking plan status for user ID: 6
2024-10-10 16:48:35,916 - INFO - Plan status is active for user ID: 6
2024-10-10 16:48:35,917 - ERROR - Error closing database connections: cannot access local variable 'ielts_cursor' where it is not associated with a value
2024-10-10 16:48:39,913 - INFO - Attempting to connect to MySQL database: ielts_payment
2024-10-10 16:48:39,916 - INFO - Attempting to connect to MySQL database: ielts_database
2024-10-10 16:48:39,919 - INFO - Checking plan status for user ID: 6
2024-10-10 16:48:39,920 - INFO - Plan status is active for user ID: 6
2024-10-10 16:48:39,921 - ERROR - Error closing database connections: cannot access local variable 'ielts_cursor' where it is not associated with a value
2024-10-10 16:50:07,928 - INFO - Attempting to connect to MySQL database: ielts_payment
2024-10-10 16:50:07,930 - INFO - Attempting to connect to MySQL database: ielts_database
2024-10-10 16:50:07,932 - INFO - Checking plan status for user ID: 6
2024-10-10 16:50:07,933 - INFO - Plan status is active for user ID: 6
2024-10-10 16:50:07,935 - ERROR - Error closing database connections: cannot access local variable 'ielts_cursor' where it is not associated with a value
2024-10-10 16:50:11,911 - INFO - Attempting to connect to MySQL database: ielts_payment
2024-10-10 16:50:11,913 - INFO - Attempting to connect to MySQL database: ielts_database
2024-10-10 16:50:11,916 - INFO - Checking plan status for user ID: 6
2024-10-10 16:50:11,917 - INFO - Plan status is active for user ID: 6
2024-10-10 16:50:11,918 - ERROR - Error closing database connections: cannot access local variable 'ielts_cursor' where it is not associated with a value
2024-10-10 16:50:14,930 - INFO - Attempting to connect to MySQL database: ielts_payment
2024-10-10 16:50:14,932 - INFO - Attempting to connect to MySQL database: ielts_database
2024-10-10 16:50:14,934 - INFO - Checking plan status for user ID: 6
2024-10-10 16:50:14,935 - INFO - Plan status is active for user ID: 6
2024-10-10 16:50:14,936 - ERROR - Error closing database connections: cannot access local variable 'ielts_cursor' where it is not associated with a value
2024-10-10 16:50:19,941 - INFO - Attempting to connect to MySQL database: ielts_payment
2024-10-10 16:50:19,943 - INFO - Attempting to connect to MySQL database: ielts_database
2024-10-10 16:50:19,945 - INFO - Checking plan status for user ID: 6
2024-10-10 16:50:19,947 - INFO - Plan status is active for user ID: 6
2024-10-10 16:50:19,948 - ERROR - Error closing database connections: cannot access local variable 'ielts_cursor' where it is not associated with a value
2024-10-10 16:50:23,105 - INFO - Attempting to connect to MySQL database: ielts_payment
2024-10-10 16:50:23,107 - INFO - Attempting to connect to MySQL database: ielts_database
2024-10-10 16:50:23,109 - INFO - Checking plan status for user ID: 6
2024-10-10 16:50:23,110 - INFO - Plan status is active for user ID: 6
2024-10-10 16:50:23,111 - ERROR - Error closing database connections: cannot access local variable 'ielts_cursor' where it is not associated with a value
2024-10-10 16:50:32,955 - INFO - Attempting to connect to MySQL database: ielts_payment
2024-10-10 16:50:32,957 - INFO - Attempting to connect to MySQL database: ielts_database
2024-10-10 16:50:32,959 - INFO - Checking plan status for user ID: 6
2024-10-10 16:50:32,961 - INFO - Plan status is active for user ID: 6
2024-10-10 16:50:32,962 - ERROR - Error closing database connections: cannot access local variable 'ielts_cursor' where it is not associated with a value
2024-10-10 16:50:35,889 - INFO - Attempting to connect to MySQL database: ielts_payment
2024-10-10 16:50:35,891 - INFO - Attempting to connect to MySQL database: ielts_database
2024-10-10 16:50:35,894 - INFO - Checking plan status for user ID: 6
2024-10-10 16:50:35,895 - INFO - Plan status is active for user ID: 6
2024-10-10 16:50:35,896 - ERROR - Error closing database connections: cannot access local variable 'ielts_cursor' where it is not associated with a value
2024-10-10 16:51:03,706 - INFO - Attempting to connect to MySQL database: ielts_payment
2024-10-10 16:51:03,708 - INFO - Attempting to connect to MySQL database: ielts_database
2024-10-10 16:51:03,710 - INFO - Checking plan status for user ID: 6
2024-10-10 16:51:03,712 - INFO - Plan status is active for user ID: 6
2024-10-10 16:51:03,713 - ERROR - Error closing database connections: cannot access local variable 'ielts_cursor' where it is not associated with a value
2024-10-10 16:51:20,805 - INFO - Attempting to connect to MySQL database: ielts_payment
2024-10-10 16:51:20,830 - INFO - Attempting to connect to MySQL database: ielts_database
2024-10-10 16:51:20,837 - INFO - Checking plan status for user ID: 6
2024-10-10 16:51:20,839 - INFO - Plan status is active for user ID: 6
2024-10-10 16:51:20,840 - ERROR - Error closing database connections: cannot access local variable 'ielts_cursor' where it is not associated with a value
2024-10-10 16:51:24,935 - INFO - Attempting to connect to MySQL database: ielts_payment
2024-10-10 16:51:24,937 - INFO - Attempting to connect to MySQL database: ielts_database
2024-10-10 16:51:24,940 - INFO - Checking plan status for user ID: 6
2024-10-10 16:51:24,940 - INFO - Plan status is active for user ID: 6
2024-10-10 16:51:24,942 - ERROR - Error closing database connections: cannot access local variable 'ielts_cursor' where it is not associated with a value
2024-10-10 16:51:28,785 - INFO - Attempting to connect to MySQL database: ielts_payment
2024-10-10 16:51:28,787 - INFO - Attempting to connect to MySQL database: ielts_database
2024-10-10 16:51:28,789 - INFO - Checking plan status for user ID: 6
2024-10-10 16:51:28,790 - INFO - Plan status is active for user ID: 6
2024-10-10 16:51:28,792 - ERROR - Error closing database connections: cannot access local variable 'ielts_cursor' where it is not associated with a value
2024-10-10 16:51:43,907 - INFO - Attempting to connect to MySQL database: ielts_payment
2024-10-10 16:51:43,908 - INFO - Attempting to connect to MySQL database: ielts_database
2024-10-10 16:51:43,911 - INFO - Checking plan status for user ID: 6
2024-10-10 16:51:43,912 - INFO - Plan status is active for user ID: 6
2024-10-10 16:51:43,913 - ERROR - Error closing database connections: cannot access local variable 'ielts_cursor' where it is not associated with a value
2024-10-10 16:51:45,904 - INFO - Attempting to connect to MySQL database: ielts_payment
2024-10-10 16:51:45,907 - INFO - Attempting to connect to MySQL database: ielts_database
2024-10-10 16:51:45,909 - INFO - Checking plan status for user ID: 6
2024-10-10 16:51:45,910 - INFO - Plan status is active for user ID: 6
2024-10-10 16:51:45,911 - ERROR - Error closing database connections: cannot access local variable 'ielts_cursor' where it is not associated with a value
2024-10-10 16:52:24,932 - INFO - Attempting to connect to MySQL database: ielts_payment
2024-10-10 16:52:24,934 - INFO - Attempting to connect to MySQL database: ielts_database
2024-10-10 16:52:24,937 - INFO - Checking plan status for user ID: 6
2024-10-10 16:52:24,939 - INFO - Plan status is active for user ID: 6
2024-10-10 16:52:24,940 - ERROR - Error closing database connections: cannot access local variable 'ielts_cursor' where it is not associated with a value
2024-10-10 16:52:29,914 - INFO - Attempting to connect to MySQL database: ielts_payment
2024-10-10 16:52:29,916 - INFO - Attempting to connect to MySQL database: ielts_database
2024-10-10 16:52:29,919 - INFO - Checking plan status for user ID: 6
2024-10-10 16:52:29,921 - INFO - Plan status is active for user ID: 6
2024-10-10 16:52:29,922 - ERROR - Error closing database connections: cannot access local variable 'ielts_cursor' where it is not associated with a value
2024-10-10 16:52:33,931 - INFO - Attempting to connect to MySQL database: ielts_payment
2024-10-10 16:52:33,934 - INFO - Attempting to connect to MySQL database: ielts_database
2024-10-10 16:52:33,936 - INFO - Checking plan status for user ID: 6
2024-10-10 16:52:33,937 - INFO - Plan status is active for user ID: 6
2024-10-10 16:52:33,938 - ERROR - Error closing database connections: cannot access local variable 'ielts_cursor' where it is not associated with a value
2024-10-10 16:52:35,978 - INFO - Attempting to connect to MySQL database: ielts_payment
2024-10-10 16:52:35,980 - INFO - Attempting to connect to MySQL database: ielts_database
2024-10-10 16:52:35,982 - INFO - Checking plan status for user ID: 6
2024-10-10 16:52:35,984 - INFO - Plan status is active for user ID: 6
2024-10-10 16:52:35,985 - ERROR - Error closing database connections: cannot access local variable 'ielts_cursor' where it is not associated with a value
2024-10-10 16:52:36,870 - INFO - Attempting to connect to MySQL database: ielts_payment
2024-10-10 16:52:36,872 - INFO - Attempting to connect to MySQL database: ielts_database
2024-10-10 16:52:36,874 - INFO - Checking plan status for user ID: 6
2024-10-10 16:52:36,875 - INFO - Plan status is active for user ID: 6
2024-10-10 16:52:36,876 - ERROR - Error closing database connections: cannot access local variable 'ielts_cursor' where it is not associated with a value
2024-10-10 16:52:41,352 - INFO - Attempting to connect to MySQL database: ielts_payment
2024-10-10 16:52:41,355 - INFO - Attempting to connect to MySQL database: ielts_database
2024-10-10 16:52:41,358 - INFO - Checking plan status for user ID: 6
2024-10-10 16:52:41,359 - INFO - Plan status is active for user ID: 6
2024-10-10 16:52:41,360 - ERROR - Error closing database connections: cannot access local variable 'ielts_cursor' where it is not associated with a value
2024-10-10 16:52:50,920 - INFO - Attempting to connect to MySQL database: ielts_payment
2024-10-10 16:52:50,922 - INFO - Attempting to connect to MySQL database: ielts_database
2024-10-10 16:52:50,924 - INFO - Checking plan status for user ID: 6
2024-10-10 16:52:50,928 - INFO - Plan status is active for user ID: 6
2024-10-10 16:52:50,929 - ERROR - Error closing database connections: cannot access local variable 'ielts_cursor' where it is not associated with a value
2024-10-10 16:52:53,682 - INFO - Attempting to connect to MySQL database: ielts_payment
2024-10-10 16:52:53,684 - INFO - Attempting to connect to MySQL database: ielts_database
2024-10-10 16:52:53,686 - INFO - Checking plan status for user ID: 6
2024-10-10 16:52:53,687 - INFO - Plan status is active for user ID: 6
2024-10-10 16:52:53,688 - ERROR - Error closing database connections: cannot access local variable 'ielts_cursor' where it is not associated with a value
2024-10-10 16:53:05,917 - INFO - Attempting to connect to MySQL database: ielts_payment
2024-10-10 16:53:05,919 - INFO - Attempting to connect to MySQL database: ielts_database
2024-10-10 16:53:05,921 - INFO - Checking plan status for user ID: 6
2024-10-10 16:53:05,922 - INFO - Plan status is active for user ID: 6
2024-10-10 16:53:05,923 - ERROR - Error closing database connections: cannot access local variable 'ielts_cursor' where it is not associated with a value
2024-10-10 16:53:18,935 - INFO - Attempting to connect to MySQL database: ielts_payment
2024-10-10 16:53:18,937 - INFO - Attempting to connect to MySQL database: ielts_database
2024-10-10 16:53:18,939 - INFO - Checking plan status for user ID: 6
2024-10-10 16:53:18,940 - INFO - Plan status is active for user ID: 6
2024-10-10 16:53:18,942 - ERROR - Error closing database connections: cannot access local variable 'ielts_cursor' where it is not associated with a value
2024-10-10 16:53:22,925 - INFO - Attempting to connect to MySQL database: ielts_payment
2024-10-10 16:53:22,927 - INFO - Attempting to connect to MySQL database: ielts_database
2024-10-10 16:53:22,930 - INFO - Checking plan status for user ID: 6
2024-10-10 16:53:22,931 - INFO - Plan status is active for user ID: 6
2024-10-10 16:53:22,932 - ERROR - Error closing database connections: cannot access local variable 'ielts_cursor' where it is not associated with a value
2024-10-10 16:53:25,923 - INFO - Attempting to connect to MySQL database: ielts_payment
2024-10-10 16:53:25,925 - INFO - Attempting to connect to MySQL database: ielts_database
2024-10-10 16:53:25,927 - INFO - Checking plan status for user ID: 6
2024-10-10 16:53:25,928 - INFO - Plan status is active for user ID: 6
2024-10-10 16:53:25,929 - ERROR - Error closing database connections: cannot access local variable 'ielts_cursor' where it is not associated with a value
2024-10-10 16:53:27,919 - INFO - Attempting to connect to MySQL database: ielts_payment
2024-10-10 16:53:27,921 - INFO - Attempting to connect to MySQL database: ielts_database
2024-10-10 16:53:27,923 - INFO - Checking plan status for user ID: 6
2024-10-10 16:53:27,924 - INFO - Plan status is active for user ID: 6
2024-10-10 16:53:27,925 - ERROR - Error closing database connections: cannot access local variable 'ielts_cursor' where it is not associated with a value
2024-10-10 16:53:31,917 - INFO - Attempting to connect to MySQL database: ielts_payment
2024-10-10 16:53:31,919 - INFO - Attempting to connect to MySQL database: ielts_database
2024-10-10 16:53:31,921 - INFO - Checking plan status for user ID: 6
2024-10-10 16:53:31,922 - INFO - Plan status is active for user ID: 6
2024-10-10 16:53:31,923 - ERROR - Error closing database connections: cannot access local variable 'ielts_cursor' where it is not associated with a value
2024-10-10 16:53:33,832 - INFO - Attempting to connect to MySQL database: ielts_payment
2024-10-10 16:53:33,835 - INFO - Attempting to connect to MySQL database: ielts_database
2024-10-10 16:53:33,838 - INFO - Checking plan status for user ID: 6
2024-10-10 16:53:33,839 - INFO - Plan status is active for user ID: 6
2024-10-10 16:53:33,840 - ERROR - Error closing database connections: cannot access local variable 'ielts_cursor' where it is not associated with a value
2024-10-10 16:53:38,917 - INFO - Attempting to connect to MySQL database: ielts_payment
2024-10-10 16:53:38,920 - INFO - Attempting to connect to MySQL database: ielts_database
2024-10-10 16:53:38,922 - INFO - Checking plan status for user ID: 6
2024-10-10 16:53:38,923 - INFO - Plan status is active for user ID: 6
2024-10-10 16:53:38,924 - ERROR - Error closing database connections: cannot access local variable 'ielts_cursor' where it is not associated with a value
2024-10-10 16:53:40,918 - INFO - Attempting to connect to MySQL database: ielts_payment
2024-10-10 16:53:40,920 - INFO - Attempting to connect to MySQL database: ielts_database
2024-10-10 16:53:40,922 - INFO - Checking plan status for user ID: 6
2024-10-10 16:53:40,923 - INFO - Plan status is active for user ID: 6
2024-10-10 16:53:40,924 - ERROR - Error closing database connections: cannot access local variable 'ielts_cursor' where it is not associated with a value
2024-10-10 16:54:23,626 - INFO - Attempting to connect to MySQL database: ielts_payment
2024-10-10 16:54:23,628 - INFO - Attempting to connect to MySQL database: ielts_database
2024-10-10 16:54:23,631 - INFO - Checking plan status for user ID: 6
2024-10-10 16:54:23,632 - INFO - Plan status is active for user ID: 6
2024-10-10 16:54:23,634 - ERROR - Error closing database connections: cannot access local variable 'ielts_cursor' where it is not associated with a value
2024-10-10 16:54:28,972 - INFO - Attempting to connect to MySQL database: ielts_payment
2024-10-10 16:54:28,973 - INFO - Attempting to connect to MySQL database: ielts_database
2024-10-10 16:54:28,975 - INFO - Checking plan status for user ID: 6
2024-10-10 16:54:28,976 - INFO - Plan status is active for user ID: 6
2024-10-10 16:54:28,977 - ERROR - Error closing database connections: cannot access local variable 'ielts_cursor' where it is not associated with a value
2024-10-10 16:54:33,083 - INFO - Attempting to connect to MySQL database: ielts_payment
2024-10-10 16:54:33,086 - INFO - Attempting to connect to MySQL database: ielts_database
2024-10-10 16:54:33,088 - INFO - Checking plan status for user ID: 6
2024-10-10 16:54:33,089 - INFO - Plan status is active for user ID: 6
2024-10-10 16:54:33,090 - ERROR - Error closing database connections: cannot access local variable 'ielts_cursor' where it is not associated with a value
2024-10-10 16:54:33,098 - INFO - Attempting to connect to MySQL database: ielts_payment
2024-10-10 16:54:33,100 - INFO - Attempting to connect to MySQL database: ielts_database
2024-10-10 16:54:33,106 - INFO - Checking plan status for user ID: 6
2024-10-10 16:54:33,111 - INFO - Plan status is active for user ID: 6
2024-10-10 16:54:33,112 - ERROR - Error closing database connections: cannot access local variable 'ielts_cursor' where it is not associated with a value
2024-10-10 16:54:55,931 - INFO - Attempting to connect to MySQL database: ielts_payment
2024-10-10 16:54:55,933 - INFO - Attempting to connect to MySQL database: ielts_database
2024-10-10 16:54:55,937 - INFO - Checking plan status for user ID: 6
2024-10-10 16:54:55,938 - INFO - Plan status is active for user ID: 6
2024-10-10 16:54:55,939 - ERROR - Error closing database connections: cannot access local variable 'ielts_cursor' where it is not associated with a value
2024-10-10 16:54:58,893 - INFO - Attempting to connect to MySQL database: ielts_payment
2024-10-10 16:54:58,895 - INFO - Attempting to connect to MySQL database: ielts_database
2024-10-10 16:54:58,897 - INFO - Checking plan status for user ID: 6
2024-10-10 16:54:58,898 - INFO - Plan status is active for user ID: 6
2024-10-10 16:54:58,899 - ERROR - Error closing database connections: cannot access local variable 'ielts_cursor' where it is not associated with a value
2024-10-10 16:54:58,912 - INFO - Attempting to connect to MySQL database: ielts_payment
2024-10-10 16:54:58,915 - INFO - Attempting to connect to MySQL database: ielts_database
2024-10-10 16:54:58,924 - INFO - Checking plan status for user ID: 6
2024-10-10 16:54:58,926 - INFO - Plan status is active for user ID: 6
2024-10-10 16:54:58,927 - ERROR - Error closing database connections: cannot access local variable 'ielts_cursor' where it is not associated with a value
2024-10-10 16:57:29,006 - INFO - Attempting to connect to MySQL database: ielts_payment
2024-10-10 16:57:29,009 - INFO - Attempting to connect to MySQL database: ielts_database
2024-10-10 16:57:29,012 - INFO - Checking plan status for user ID: 6
2024-10-10 16:57:29,013 - INFO - Plan status is active for user ID: 6
2024-10-10 16:57:29,014 - ERROR - Error closing database connections: cannot access local variable 'ielts_cursor' where it is not associated with a value
2024-10-10 16:57:29,037 - INFO - Attempting to connect to MySQL database: ielts_payment
2024-10-10 16:57:29,040 - INFO - Attempting to connect to MySQL database: ielts_database
2024-10-10 16:57:29,042 - INFO - Checking plan status for user ID: 6
2024-10-10 16:57:29,045 - INFO - Plan status is active for user ID: 6
2024-10-10 16:57:29,045 - ERROR - Error closing database connections: cannot access local variable 'ielts_cursor' where it is not associated with a value
2024-10-10 17:00:55,934 - INFO - Attempting to connect to MySQL database: ielts_payment
2024-10-10 17:00:55,936 - INFO - Attempting to connect to MySQL database: ielts_database
2024-10-10 17:00:55,939 - INFO - Checking plan status for user ID: 6
2024-10-10 17:00:55,944 - INFO - Plan status is active for user ID: 6
2024-10-10 17:00:55,944 - ERROR - Error closing database connections: cannot access local variable 'ielts_cursor' where it is not associated with a value
2024-10-10 17:00:57,927 - INFO - Attempting to connect to MySQL database: ielts_payment
2024-10-10 17:00:57,929 - INFO - Attempting to connect to MySQL database: ielts_database
2024-10-10 17:00:57,931 - INFO - Checking plan status for user ID: 6
2024-10-10 17:00:57,932 - INFO - Plan status is active for user ID: 6
2024-10-10 17:00:57,933 - ERROR - Error closing database connections: cannot access local variable 'ielts_cursor' where it is not associated with a value
2024-10-10 17:01:06,909 - INFO - Attempting to connect to MySQL database: ielts_payment
2024-10-10 17:01:06,911 - INFO - Attempting to connect to MySQL database: ielts_database
2024-10-10 17:01:06,913 - INFO - Checking plan status for user ID: 6
2024-10-10 17:01:06,914 - INFO - Plan status is active for user ID: 6
2024-10-10 17:01:06,916 - ERROR - Error closing database connections: cannot access local variable 'ielts_cursor' where it is not associated with a value
2024-10-10 17:02:32,941 - INFO - Attempting to connect to MySQL database: ielts_payment
2024-10-10 17:02:32,943 - INFO - Attempting to connect to MySQL database: ielts_database
2024-10-10 17:02:32,946 - INFO - Checking plan status for user ID: 6
2024-10-10 17:02:32,947 - INFO - Plan status is active for user ID: 6
2024-10-10 17:02:32,948 - ERROR - Error closing database connections: cannot access local variable 'ielts_cursor' where it is not associated with a value
2024-10-10 17:04:25,561 - INFO - Attempting to connect to MySQL database: ielts_payment
2024-10-10 17:04:25,563 - INFO - Attempting to connect to MySQL database: ielts_database
2024-10-10 17:04:25,565 - INFO - Checking plan status for user ID: 6
2024-10-10 17:04:25,566 - INFO - Plan status is active for user ID: 6
2024-10-10 17:04:25,566 - ERROR - Error closing database connections: cannot access local variable 'ielts_cursor' where it is not associated with a value
2024-10-10 17:04:25,581 - INFO - Attempting to connect to MySQL database: ielts_payment
2024-10-10 17:04:25,583 - INFO - Attempting to connect to MySQL database: ielts_database
2024-10-10 17:04:25,586 - INFO - Checking plan status for user ID: 6
2024-10-10 17:04:25,588 - INFO - Plan status is active for user ID: 6
2024-10-10 17:04:25,589 - ERROR - Error closing database connections: cannot access local variable 'ielts_cursor' where it is not associated with a value
2024-10-10 17:05:45,165 - INFO - Starting payments service
2024-10-10 17:05:45,167 - INFO - Starting Eureka client registration
2024-10-10 17:05:45,664 - INFO - Eureka client started and service registered successfully.
2024-10-10 17:05:52,377 - INFO - Starting payments service
2024-10-10 17:05:52,378 - INFO - Starting Eureka client registration
2024-10-10 17:05:52,933 - INFO - Eureka client started and service registered successfully.
2024-10-10 17:07:08,658 - INFO - Attempting to connect to MySQL database: ielts_payment
2024-10-10 17:07:08,670 - INFO - Attempting to connect to MySQL database: ielts_database
2024-10-10 17:07:08,672 - INFO - Checking plan status for user ID: 6
2024-10-10 17:07:08,675 - INFO - Plan status is active for user ID: 6
2024-10-10 17:07:08,676 - ERROR - Error closing database connections: cannot access local variable 'ielts_cursor' where it is not associated with a value
2024-10-10 17:07:08,686 - INFO - Attempting to connect to MySQL database: ielts_payment
2024-10-10 17:07:08,689 - INFO - Attempting to connect to MySQL database: ielts_database
2024-10-10 17:07:08,692 - INFO - Checking plan status for user ID: 6
2024-10-10 17:07:08,696 - INFO - Plan status is active for user ID: 6
2024-10-10 17:07:08,697 - ERROR - Error closing database connections: cannot access local variable 'ielts_cursor' where it is not associated with a value
2024-10-10 17:07:26,922 - INFO - Attempting to connect to MySQL database: ielts_payment
2024-10-10 17:07:26,925 - INFO - Attempting to connect to MySQL database: ielts_database
2024-10-10 17:07:26,933 - INFO - Checking plan status for user ID: 6
2024-10-10 17:07:26,935 - INFO - Plan status is active for user ID: 6
2024-10-10 17:07:26,936 - ERROR - Error closing database connections: cannot access local variable 'ielts_cursor' where it is not associated with a value
2024-10-10 17:07:26,954 - INFO - Attempting to connect to MySQL database: ielts_payment
2024-10-10 17:07:26,957 - INFO - Attempting to connect to MySQL database: ielts_database
2024-10-10 17:07:26,963 - INFO - Checking plan status for user ID: 6
2024-10-10 17:07:26,964 - INFO - Plan status is active for user ID: 6
2024-10-10 17:07:26,967 - ERROR - Error closing database connections: cannot access local variable 'ielts_cursor' where it is not associated with a value
2024-10-10 17:08:24,920 - INFO - Attempting to connect to MySQL database: ielts_payment
2024-10-10 17:08:24,923 - INFO - Attempting to connect to MySQL database: ielts_database
2024-10-10 17:08:24,926 - INFO - Checking plan status for user ID: 6
2024-10-10 17:08:24,927 - INFO - Plan status is active for user ID: 6
2024-10-10 17:08:24,931 - ERROR - Error closing database connections: cannot access local variable 'ielts_cursor' where it is not associated with a value
2024-10-10 17:08:24,944 - INFO - Attempting to connect to MySQL database: ielts_payment
2024-10-10 17:08:24,947 - INFO - Attempting to connect to MySQL database: ielts_database
2024-10-10 17:08:24,949 - INFO - Checking plan status for user ID: 6
2024-10-10 17:08:24,951 - INFO - Plan status is active for user ID: 6
2024-10-10 17:08:24,952 - ERROR - Error closing database connections: cannot access local variable 'ielts_cursor' where it is not associated with a value
2024-10-10 17:11:30,014 - INFO - Attempting to connect to MySQL database: ielts_payment
2024-10-10 17:11:30,018 - INFO - Attempting to connect to MySQL database: ielts_database
2024-10-10 17:11:30,022 - INFO - Checking plan status for user ID: 6
2024-10-10 17:11:30,024 - INFO - Plan status is active for user ID: 6
2024-10-10 17:11:30,025 - ERROR - Error closing database connections: cannot access local variable 'ielts_cursor' where it is not associated with a value
2024-10-10 17:11:30,043 - INFO - Attempting to connect to MySQL database: ielts_payment
2024-10-10 17:11:30,050 - INFO - Attempting to connect to MySQL database: ielts_database
2024-10-10 17:11:30,056 - INFO - Checking plan status for user ID: 6
2024-10-10 17:11:30,059 - INFO - Plan status is active for user ID: 6
2024-10-10 17:11:30,061 - ERROR - Error closing database connections: cannot access local variable 'ielts_cursor' where it is not associated with a value
2024-10-10 17:11:42,727 - INFO - Attempting to connect to MySQL database: ielts_payment
2024-10-10 17:11:42,730 - INFO - Attempting to connect to MySQL database: ielts_database
2024-10-10 17:11:42,732 - INFO - Checking plan status for user ID: 6
2024-10-10 17:11:42,734 - INFO - Plan status is active for user ID: 6
2024-10-10 17:11:42,735 - ERROR - Error closing database connections: cannot access local variable 'ielts_cursor' where it is not associated with a value
2024-10-10 17:11:42,753 - INFO - Attempting to connect to MySQL database: ielts_payment
2024-10-10 17:11:42,756 - INFO - Attempting to connect to MySQL database: ielts_database
2024-10-10 17:11:42,760 - INFO - Checking plan status for user ID: 6
2024-10-10 17:11:42,762 - INFO - Plan status is active for user ID: 6
2024-10-10 17:11:42,763 - ERROR - Error closing database connections: cannot access local variable 'ielts_cursor' where it is not associated with a value
2024-10-10 17:12:27,265 - INFO - Attempting to connect to MySQL database: ielts_payment
2024-10-10 17:12:27,267 - INFO - Attempting to connect to MySQL database: ielts_database
2024-10-10 17:12:27,269 - INFO - Checking plan status for user ID: 6
2024-10-10 17:12:27,270 - INFO - Plan status is active for user ID: 6
2024-10-10 17:12:27,271 - ERROR - Error closing database connections: cannot access local variable 'ielts_cursor' where it is not associated with a value
2024-10-10 17:12:27,607 - INFO - Attempting to connect to MySQL database: ielts_payment
2024-10-10 17:12:27,610 - INFO - Attempting to connect to MySQL database: ielts_database
2024-10-10 17:12:27,612 - INFO - Checking plan status for user ID: 6
2024-10-10 17:12:27,613 - INFO - Plan status is active for user ID: 6
2024-10-10 17:12:27,615 - ERROR - Error closing database connections: cannot access local variable 'ielts_cursor' where it is not associated with a value
2024-10-10 17:12:27,857 - INFO - Attempting to connect to MySQL database: ielts_payment
2024-10-10 17:12:27,860 - INFO - Attempting to connect to MySQL database: ielts_database
2024-10-10 17:12:27,863 - INFO - Checking plan status for user ID: 6
2024-10-10 17:12:27,864 - INFO - Plan status is active for user ID: 6
2024-10-10 17:12:27,865 - ERROR - Error closing database connections: cannot access local variable 'ielts_cursor' where it is not associated with a value
2024-10-10 17:36:18,245 - INFO - Attempting to connect to MySQL database: ielts_payment
2024-10-10 17:36:18,247 - INFO - Attempting to connect to MySQL database: ielts_database
2024-10-10 17:36:18,250 - INFO - Checking plan status for user ID: 6
2024-10-10 17:36:18,251 - INFO - Plan status is active for user ID: 6
2024-10-10 17:36:18,254 - ERROR - Error closing database connections: cannot access local variable 'ielts_cursor' where it is not associated with a value
2024-10-10 17:36:18,268 - INFO - Attempting to connect to MySQL database: ielts_payment
2024-10-10 17:36:18,279 - INFO - Attempting to connect to MySQL database: ielts_database
2024-10-10 17:36:18,283 - INFO - Checking plan status for user ID: 6
2024-10-10 17:36:18,284 - INFO - Plan status is active for user ID: 6
2024-10-10 17:36:18,286 - ERROR - Error closing database connections: cannot access local variable 'ielts_cursor' where it is not associated with a value
2024-10-10 17:42:24,720 - INFO - Attempting to connect to MySQL database: ielts_payment
2024-10-10 17:42:24,722 - INFO - Attempting to connect to MySQL database: ielts_database
2024-10-10 17:42:24,724 - INFO - Checking plan status for user ID: 6
2024-10-10 17:42:24,726 - INFO - Plan status is active for user ID: 6
2024-10-10 17:42:24,728 - ERROR - Error closing database connections: cannot access local variable 'ielts_cursor' where it is not associated with a value
2024-10-10 17:42:24,749 - INFO - Attempting to connect to MySQL database: ielts_payment
2024-10-10 17:42:24,751 - INFO - Attempting to connect to MySQL database: ielts_database
2024-10-10 17:42:24,754 - INFO - Checking plan status for user ID: 6
2024-10-10 17:42:24,755 - INFO - Plan status is active for user ID: 6
2024-10-10 17:42:24,756 - ERROR - Error closing database connections: cannot access local variable 'ielts_cursor' where it is not associated with a value
2024-10-10 17:44:04,038 - INFO - Attempting to connect to MySQL database: ielts_payment
2024-10-10 17:44:04,040 - INFO - Attempting to connect to MySQL database: ielts_database
2024-10-10 17:44:04,042 - INFO - Checking plan status for user ID: 6
2024-10-10 17:44:04,043 - INFO - Plan status is active for user ID: 6
2024-10-10 17:44:04,044 - ERROR - Error closing database connections: cannot access local variable 'ielts_cursor' where it is not associated with a value
2024-10-10 17:44:14,997 - INFO - Attempting to connect to MySQL database: ielts_payment
2024-10-10 17:44:14,999 - INFO - Attempting to connect to MySQL database: ielts_database
2024-10-10 17:44:15,001 - INFO - Checking plan status for user ID: 6
2024-10-10 17:44:15,002 - INFO - Plan status is active for user ID: 6
2024-10-10 17:44:15,003 - ERROR - Error closing database connections: cannot access local variable 'ielts_cursor' where it is not associated with a value
2024-10-10 17:44:16,052 - INFO - Attempting to connect to MySQL database: ielts_payment
2024-10-10 17:44:16,054 - INFO - Attempting to connect to MySQL database: ielts_database
2024-10-10 17:44:16,057 - INFO - Checking plan status for user ID: 6
2024-10-10 17:44:16,058 - INFO - Plan status is active for user ID: 6
2024-10-10 17:44:16,060 - ERROR - Error closing database connections: cannot access local variable 'ielts_cursor' where it is not associated with a value
2024-10-10 17:44:51,873 - INFO - Attempting to connect to MySQL database: ielts_payment
2024-10-10 17:44:51,875 - INFO - Attempting to connect to MySQL database: ielts_database
2024-10-10 17:44:51,876 - INFO - Checking plan status for user ID: 6
2024-10-10 17:44:51,878 - INFO - Plan status is active for user ID: 6
2024-10-10 17:44:51,879 - ERROR - Error closing database connections: cannot access local variable 'ielts_cursor' where it is not associated with a value
2024-10-10 17:44:51,888 - INFO - Attempting to connect to MySQL database: ielts_payment
2024-10-10 17:44:51,891 - INFO - Attempting to connect to MySQL database: ielts_database
2024-10-10 17:44:51,894 - INFO - Checking plan status for user ID: 6
2024-10-10 17:44:51,896 - INFO - Plan status is active for user ID: 6
2024-10-10 17:44:51,899 - ERROR - Error closing database connections: cannot access local variable 'ielts_cursor' where it is not associated with a value
2024-10-10 17:45:36,328 - INFO - Attempting to connect to MySQL database: ielts_payment
2024-10-10 17:45:36,330 - INFO - Attempting to connect to MySQL database: ielts_database
2024-10-10 17:45:36,332 - INFO - Checking plan status for user ID: 6
2024-10-10 17:45:36,333 - INFO - Plan status is active for user ID: 6
2024-10-10 17:45:36,334 - ERROR - Error closing database connections: cannot access local variable 'ielts_cursor' where it is not associated with a value
2024-10-10 17:45:36,344 - INFO - Attempting to connect to MySQL database: ielts_payment
2024-10-10 17:45:36,350 - INFO - Attempting to connect to MySQL database: ielts_database
2024-10-10 17:45:36,352 - INFO - Checking plan status for user ID: 6
2024-10-10 17:45:36,354 - INFO - Plan status is active for user ID: 6
2024-10-10 17:45:36,354 - ERROR - Error closing database connections: cannot access local variable 'ielts_cursor' where it is not associated with a value
2024-10-10 17:53:32,179 - INFO - Starting payments service
2024-10-10 17:53:32,180 - INFO - Starting Eureka client registration
2024-10-10 17:53:32,593 - INFO - Eureka client started and service registered successfully.
2024-10-10 17:54:07,952 - INFO - Attempting to connect to MySQL database: ielts_payment
2024-10-10 17:54:07,966 - INFO - Attempting to connect to MySQL database: ielts_database
2024-10-10 17:54:07,968 - INFO - Checking plan status for user ID: 6
2024-10-10 17:54:07,972 - INFO - Plan status is active for user ID: 6
2024-10-10 17:54:07,974 - ERROR - Error closing database connections: cannot access local variable 'ielts_cursor' where it is not associated with a value
2024-10-10 17:54:07,982 - INFO - Attempting to connect to MySQL database: ielts_payment
2024-10-10 17:54:07,986 - INFO - Attempting to connect to MySQL database: ielts_database
2024-10-10 17:54:07,989 - INFO - Checking plan status for user ID: 6
2024-10-10 17:54:07,991 - INFO - Plan status is active for user ID: 6
2024-10-10 17:54:07,992 - ERROR - Error closing database connections: cannot access local variable 'ielts_cursor' where it is not associated with a value
2024-10-10 18:01:16,424 - INFO - Attempting to connect to MySQL database: ielts_payment
2024-10-10 18:01:16,427 - INFO - Attempting to connect to MySQL database: ielts_database
2024-10-10 18:01:16,430 - INFO - Checking plan status for user ID: 6
2024-10-10 18:01:16,431 - INFO - Plan status is active for user ID: 6
2024-10-10 18:01:16,433 - ERROR - Error closing database connections: cannot access local variable 'ielts_cursor' where it is not associated with a value
2024-10-10 18:01:16,444 - INFO - Attempting to connect to MySQL database: ielts_payment
2024-10-10 18:01:16,446 - INFO - Attempting to connect to MySQL database: ielts_database
2024-10-10 18:01:16,448 - INFO - Checking plan status for user ID: 6
2024-10-10 18:01:16,449 - INFO - Plan status is active for user ID: 6
2024-10-10 18:01:16,450 - ERROR - Error closing database connections: cannot access local variable 'ielts_cursor' where it is not associated with a value
2024-10-10 18:06:25,204 - INFO - Starting payments service
2024-10-10 18:06:25,205 - INFO - Starting Eureka client registration
2024-10-10 18:06:25,758 - INFO - Eureka client started and service registered successfully.
2024-10-10 18:13:49,550 - INFO - Attempting to connect to MySQL database: ielts_payment
2024-10-10 18:13:49,562 - INFO - Attempting to connect to MySQL database: ielts_database
2024-10-10 18:13:49,564 - INFO - Checking plan status for user ID: 6
2024-10-10 18:13:49,566 - INFO - Plan status is active for user ID: 6
2024-10-10 18:13:49,569 - ERROR - Error closing database connections: cannot access local variable 'ielts_cursor' where it is not associated with a value
2024-10-10 18:13:49,578 - INFO - Attempting to connect to MySQL database: ielts_payment
2024-10-10 18:13:49,580 - INFO - Attempting to connect to MySQL database: ielts_database
2024-10-10 18:13:49,582 - INFO - Checking plan status for user ID: 6
2024-10-10 18:13:49,583 - INFO - Plan status is active for user ID: 6
2024-10-10 18:13:49,585 - ERROR - Error closing database connections: cannot access local variable 'ielts_cursor' where it is not associated with a value
2024-10-10 18:14:18,826 - INFO - Attempting to connect to MySQL database: ielts_payment
2024-10-10 18:14:18,828 - INFO - Attempting to connect to MySQL database: ielts_database
2024-10-10 18:14:18,831 - INFO - Checking plan status for user ID: 6
2024-10-10 18:14:18,832 - INFO - Plan status is active for user ID: 6
2024-10-10 18:14:18,833 - ERROR - Error closing database connections: cannot access local variable 'ielts_cursor' where it is not associated with a value
2024-10-10 18:14:18,841 - INFO - Attempting to connect to MySQL database: ielts_payment
2024-10-10 18:14:18,844 - INFO - Attempting to connect to MySQL database: ielts_database
2024-10-10 18:14:18,846 - INFO - Checking plan status for user ID: 6
2024-10-10 18:14:18,848 - INFO - Plan status is active for user ID: 6
2024-10-10 18:14:18,849 - ERROR - Error closing database connections: cannot access local variable 'ielts_cursor' where it is not associated with a value
2024-10-10 18:15:13,397 - INFO - Attempting to connect to MySQL database: ielts_payment
2024-10-10 18:15:13,400 - INFO - Attempting to connect to MySQL database: ielts_database
2024-10-10 18:15:13,401 - INFO - Checking plan status for user ID: 6
2024-10-10 18:15:13,402 - INFO - Plan status is active for user ID: 6
2024-10-10 18:15:13,403 - ERROR - Error closing database connections: cannot access local variable 'ielts_cursor' where it is not associated with a value
2024-10-10 18:15:13,412 - INFO - Attempting to connect to MySQL database: ielts_payment
2024-10-10 18:15:13,415 - INFO - Attempting to connect to MySQL database: ielts_database
2024-10-10 18:15:13,417 - INFO - Checking plan status for user ID: 6
2024-10-10 18:15:13,419 - INFO - Plan status is active for user ID: 6
2024-10-10 18:15:13,421 - ERROR - Error closing database connections: cannot access local variable 'ielts_cursor' where it is not associated with a value
2024-10-10 18:16:36,875 - INFO - Starting payments service
2024-10-10 18:16:36,876 - INFO - Starting Eureka client registration
2024-10-10 18:16:37,472 - INFO - Eureka client started and service registered successfully.
2024-10-10 18:25:16,928 - INFO - Attempting to connect to MySQL database: ielts_payment
2024-10-10 18:25:16,935 - INFO - Attempting to connect to MySQL database: ielts_database
2024-10-10 18:25:16,938 - INFO - Checking plan status for user ID: 6
2024-10-10 18:25:16,940 - INFO - Plan status is active for user ID: 6
2024-10-10 18:25:16,943 - ERROR - Error closing database connections: cannot access local variable 'ielts_cursor' where it is not associated with a value
2024-10-10 18:25:17,925 - INFO - Attempting to connect to MySQL database: ielts_payment
2024-10-10 18:25:17,928 - INFO - Attempting to connect to MySQL database: ielts_database
2024-10-10 18:25:17,930 - INFO - Checking plan status for user ID: 6
2024-10-10 18:25:17,932 - INFO - Plan status is active for user ID: 6
2024-10-10 18:25:17,933 - ERROR - Error closing database connections: cannot access local variable 'ielts_cursor' where it is not associated with a value
2024-10-10 18:25:21,550 - INFO - Attempting to connect to MySQL database: ielts_payment
2024-10-10 18:25:21,552 - INFO - Attempting to connect to MySQL database: ielts_database
2024-10-10 18:25:21,554 - INFO - Checking plan status for user ID: 6
2024-10-10 18:25:21,555 - INFO - Plan status is active for user ID: 6
2024-10-10 18:25:21,556 - ERROR - Error closing database connections: cannot access local variable 'ielts_cursor' where it is not associated with a value
2024-10-10 18:25:21,570 - INFO - Attempting to connect to MySQL database: ielts_payment
2024-10-10 18:25:21,572 - INFO - Attempting to connect to MySQL database: ielts_database
2024-10-10 18:25:21,575 - INFO - Checking plan status for user ID: 6
2024-10-10 18:25:21,576 - INFO - Plan status is active for user ID: 6
2024-10-10 18:25:21,578 - ERROR - Error closing database connections: cannot access local variable 'ielts_cursor' where it is not associated with a value
2024-10-10 18:31:52,155 - INFO - Attempting to connect to MySQL database: ielts_payment
2024-10-10 18:31:52,158 - INFO - Attempting to connect to MySQL database: ielts_database
2024-10-10 18:31:52,160 - INFO - Checking plan status for user ID: 6
2024-10-10 18:31:52,161 - INFO - Plan status is active for user ID: 6
2024-10-10 18:31:52,162 - ERROR - Error closing database connections: cannot access local variable 'ielts_cursor' where it is not associated with a value
2024-10-10 18:31:52,174 - INFO - Attempting to connect to MySQL database: ielts_payment
2024-10-10 18:31:52,176 - INFO - Attempting to connect to MySQL database: ielts_database
2024-10-10 18:31:52,179 - INFO - Checking plan status for user ID: 6
2024-10-10 18:31:52,181 - INFO - Plan status is active for user ID: 6
2024-10-10 18:31:52,184 - ERROR - Error closing database connections: cannot access local variable 'ielts_cursor' where it is not associated with a value
2024-10-10 18:32:11,616 - INFO - Attempting to connect to MySQL database: ielts_payment
2024-10-10 18:32:11,618 - INFO - Attempting to connect to MySQL database: ielts_database
2024-10-10 18:32:11,620 - INFO - Checking plan status for user ID: 6
2024-10-10 18:32:11,621 - INFO - Plan status is active for user ID: 6
2024-10-10 18:32:11,622 - ERROR - Error closing database connections: cannot access local variable 'ielts_cursor' where it is not associated with a value
2024-10-10 18:32:11,633 - INFO - Attempting to connect to MySQL database: ielts_payment
2024-10-10 18:32:11,635 - INFO - Attempting to connect to MySQL database: ielts_database
2024-10-10 18:32:11,638 - INFO - Checking plan status for user ID: 6
2024-10-10 18:32:11,639 - INFO - Plan status is active for user ID: 6
2024-10-10 18:32:11,640 - ERROR - Error closing database connections: cannot access local variable 'ielts_cursor' where it is not associated with a value
2024-10-10 18:33:05,302 - INFO - Attempting to connect to MySQL database: ielts_payment
2024-10-10 18:33:05,303 - INFO - Attempting to connect to MySQL database: ielts_database
2024-10-10 18:33:05,305 - INFO - Checking plan status for user ID: 6
2024-10-10 18:33:05,306 - INFO - Plan status is active for user ID: 6
2024-10-10 18:33:05,308 - ERROR - Error closing database connections: cannot access local variable 'ielts_cursor' where it is not associated with a value
2024-10-10 18:33:05,318 - INFO - Attempting to connect to MySQL database: ielts_payment
2024-10-10 18:33:05,320 - INFO - Attempting to connect to MySQL database: ielts_database
2024-10-10 18:33:05,325 - INFO - Checking plan status for user ID: 6
2024-10-10 18:33:05,325 - INFO - Plan status is active for user ID: 6
2024-10-10 18:33:05,327 - ERROR - Error closing database connections: cannot access local variable 'ielts_cursor' where it is not associated with a value
2024-10-10 18:35:35,074 - INFO - Attempting to connect to MySQL database: ielts_payment
2024-10-10 18:35:35,076 - INFO - Attempting to connect to MySQL database: ielts_database
2024-10-10 18:35:35,080 - INFO - Checking plan status for user ID: 6
2024-10-10 18:35:35,080 - INFO - Plan status is active for user ID: 6
2024-10-10 18:35:35,081 - ERROR - Error closing database connections: cannot access local variable 'ielts_cursor' where it is not associated with a value
2024-10-10 18:35:35,098 - INFO - Attempting to connect to MySQL database: ielts_payment
2024-10-10 18:35:35,105 - INFO - Attempting to connect to MySQL database: ielts_database
2024-10-10 18:35:35,113 - INFO - Checking plan status for user ID: 6
2024-10-10 18:35:35,114 - INFO - Plan status is active for user ID: 6
2024-10-10 18:35:35,115 - ERROR - Error closing database connections: cannot access local variable 'ielts_cursor' where it is not associated with a value
2024-10-10 18:43:25,633 - INFO - Attempting to connect to MySQL database: ielts_payment
2024-10-10 18:43:25,635 - INFO - Attempting to connect to MySQL database: ielts_database
2024-10-10 18:43:25,637 - INFO - Checking plan status for user ID: 6
2024-10-10 18:43:25,638 - INFO - Plan status is active for user ID: 6
2024-10-10 18:43:25,639 - ERROR - Error closing database connections: cannot access local variable 'ielts_cursor' where it is not associated with a value
2024-10-10 18:43:25,650 - INFO - Attempting to connect to MySQL database: ielts_payment
2024-10-10 18:43:25,654 - INFO - Attempting to connect to MySQL database: ielts_database
2024-10-10 18:43:25,656 - INFO - Checking plan status for user ID: 6
2024-10-10 18:43:25,657 - INFO - Plan status is active for user ID: 6
2024-10-10 18:43:25,658 - ERROR - Error closing database connections: cannot access local variable 'ielts_cursor' where it is not associated with a value
2024-10-10 18:44:16,258 - INFO - Attempting to connect to MySQL database: ielts_payment
2024-10-10 18:44:16,260 - INFO - Attempting to connect to MySQL database: ielts_database
2024-10-10 18:44:16,263 - INFO - Checking plan status for user ID: 6
2024-10-10 18:44:16,265 - INFO - Plan status is active for user ID: 6
2024-10-10 18:44:16,266 - ERROR - Error closing database connections: cannot access local variable 'ielts_cursor' where it is not associated with a value
2024-10-10 18:44:16,275 - INFO - Attempting to connect to MySQL database: ielts_payment
2024-10-10 18:44:16,279 - INFO - Attempting to connect to MySQL database: ielts_database
2024-10-10 18:44:16,282 - INFO - Checking plan status for user ID: 6
2024-10-10 18:44:16,284 - INFO - Plan status is active for user ID: 6
2024-10-10 18:44:16,287 - ERROR - Error closing database connections: cannot access local variable 'ielts_cursor' where it is not associated with a value
2024-10-10 18:53:09,859 - INFO - Attempting to connect to MySQL database: ielts_payment
2024-10-10 18:53:09,862 - INFO - Attempting to connect to MySQL database: ielts_database
2024-10-10 18:53:09,864 - INFO - Checking plan status for user ID: 6
2024-10-10 18:53:09,866 - INFO - Plan status is active for user ID: 6
2024-10-10 18:53:09,867 - ERROR - Error closing database connections: cannot access local variable 'ielts_cursor' where it is not associated with a value
2024-10-10 18:53:09,875 - INFO - Attempting to connect to MySQL database: ielts_payment
2024-10-10 18:53:09,878 - INFO - Attempting to connect to MySQL database: ielts_database
2024-10-10 18:53:09,882 - INFO - Checking plan status for user ID: 6
2024-10-10 18:53:09,884 - INFO - Plan status is active for user ID: 6
2024-10-10 18:53:09,885 - ERROR - Error closing database connections: cannot access local variable 'ielts_cursor' where it is not associated with a value
2024-10-10 18:53:14,647 - INFO - Attempting to connect to MySQL database: ielts_payment
2024-10-10 18:53:14,649 - INFO - Attempting to connect to MySQL database: ielts_database
2024-10-10 18:53:14,651 - INFO - Checking plan status for user ID: 6
2024-10-10 18:53:14,652 - INFO - Plan status is active for user ID: 6
2024-10-10 18:53:14,654 - ERROR - Error closing database connections: cannot access local variable 'ielts_cursor' where it is not associated with a value
2024-10-10 18:53:14,661 - INFO - Attempting to connect to MySQL database: ielts_payment
2024-10-10 18:53:14,664 - INFO - Attempting to connect to MySQL database: ielts_database
2024-10-10 18:53:14,667 - INFO - Checking plan status for user ID: 6
2024-10-10 18:53:14,671 - INFO - Plan status is active for user ID: 6
2024-10-10 18:53:14,672 - ERROR - Error closing database connections: cannot access local variable 'ielts_cursor' where it is not associated with a value
2024-10-10 18:55:39,834 - INFO - Attempting to connect to MySQL database: ielts_payment
2024-10-10 18:55:39,838 - INFO - Attempting to connect to MySQL database: ielts_database
2024-10-10 18:55:39,840 - INFO - Checking plan status for user ID: 6
2024-10-10 18:55:39,841 - INFO - Plan status is active for user ID: 6
2024-10-10 18:55:39,843 - ERROR - Error closing database connections: cannot access local variable 'ielts_cursor' where it is not associated with a value
2024-10-10 18:55:39,950 - INFO - Attempting to connect to MySQL database: ielts_payment
2024-10-10 18:55:39,952 - INFO - Attempting to connect to MySQL database: ielts_database
2024-10-10 18:55:39,956 - INFO - Checking plan status for user ID: 6
2024-10-10 18:55:39,957 - INFO - Plan status is active for user ID: 6
2024-10-10 18:55:39,959 - ERROR - Error closing database connections: cannot access local variable 'ielts_cursor' where it is not associated with a value
2024-10-10 18:55:51,882 - INFO - Attempting to connect to MySQL database: ielts_payment
2024-10-10 18:55:51,884 - INFO - Attempting to connect to MySQL database: ielts_database
2024-10-10 18:55:51,887 - INFO - Checking plan status for user ID: 6
2024-10-10 18:55:51,888 - INFO - Plan status is active for user ID: 6
2024-10-10 18:55:51,890 - ERROR - Error closing database connections: cannot access local variable 'ielts_cursor' where it is not associated with a value
2024-10-10 18:55:51,897 - INFO - Attempting to connect to MySQL database: ielts_payment
2024-10-10 18:55:51,900 - INFO - Attempting to connect to MySQL database: ielts_database
2024-10-10 18:55:51,903 - INFO - Checking plan status for user ID: 6
2024-10-10 18:55:51,909 - INFO - Plan status is active for user ID: 6
2024-10-10 18:55:51,910 - ERROR - Error closing database connections: cannot access local variable 'ielts_cursor' where it is not associated with a value
2024-10-10 18:56:59,263 - INFO - Attempting to connect to MySQL database: ielts_payment
2024-10-10 18:56:59,271 - INFO - Attempting to connect to MySQL database: ielts_database
2024-10-10 18:56:59,278 - INFO - Checking plan status for user ID: 6
2024-10-10 18:56:59,285 - INFO - Plan status is active for user ID: 6
2024-10-10 18:56:59,291 - ERROR - Error closing database connections: cannot access local variable 'ielts_cursor' where it is not associated with a value
2024-10-10 18:56:59,313 - INFO - Attempting to connect to MySQL database: ielts_payment
2024-10-10 18:56:59,323 - INFO - Attempting to connect to MySQL database: ielts_database
2024-10-10 18:56:59,326 - INFO - Checking plan status for user ID: 6
2024-10-10 18:56:59,328 - INFO - Plan status is active for user ID: 6
2024-10-10 18:56:59,330 - ERROR - Error closing database connections: cannot access local variable 'ielts_cursor' where it is not associated with a value
2024-10-10 18:57:52,787 - INFO - Attempting to connect to MySQL database: ielts_payment
2024-10-10 18:57:52,793 - INFO - Attempting to connect to MySQL database: ielts_database
2024-10-10 18:57:52,804 - INFO - Checking plan status for user ID: 6
2024-10-10 18:57:52,805 - INFO - Plan status is active for user ID: 6
2024-10-10 18:57:52,807 - ERROR - Error closing database connections: cannot access local variable 'ielts_cursor' where it is not associated with a value
2024-10-10 18:57:52,819 - INFO - Attempting to connect to MySQL database: ielts_payment
2024-10-10 18:57:52,822 - INFO - Attempting to connect to MySQL database: ielts_database
2024-10-10 18:57:52,825 - INFO - Checking plan status for user ID: 6
2024-10-10 18:57:52,827 - INFO - Plan status is active for user ID: 6
2024-10-10 18:57:52,830 - ERROR - Error closing database connections: cannot access local variable 'ielts_cursor' where it is not associated with a value
2024-10-10 18:57:57,222 - INFO - Attempting to connect to MySQL database: ielts_payment
2024-10-10 18:57:57,225 - INFO - Attempting to connect to MySQL database: ielts_database
2024-10-10 18:57:57,228 - INFO - Checking plan status for user ID: 6
2024-10-10 18:57:57,243 - INFO - Plan status is active for user ID: 6
2024-10-10 18:57:57,245 - ERROR - Error closing database connections: cannot access local variable 'ielts_cursor' where it is not associated with a value
2024-10-10 18:57:57,253 - INFO - Attempting to connect to MySQL database: ielts_payment
2024-10-10 18:57:57,256 - INFO - Attempting to connect to MySQL database: ielts_database
2024-10-10 18:57:57,259 - INFO - Checking plan status for user ID: 6
2024-10-10 18:57:57,260 - INFO - Plan status is active for user ID: 6
2024-10-10 18:57:57,262 - ERROR - Error closing database connections: cannot access local variable 'ielts_cursor' where it is not associated with a value
2024-10-10 18:58:38,044 - INFO - Attempting to connect to MySQL database: ielts_payment
2024-10-10 18:58:38,046 - INFO - Attempting to connect to MySQL database: ielts_database
2024-10-10 18:58:38,049 - INFO - Checking plan status for user ID: 6
2024-10-10 18:58:38,050 - INFO - Plan status is active for user ID: 6
2024-10-10 18:58:38,052 - ERROR - Error closing database connections: cannot access local variable 'ielts_cursor' where it is not associated with a value
2024-10-10 18:58:38,941 - INFO - Attempting to connect to MySQL database: ielts_payment
2024-10-10 18:58:38,943 - INFO - Attempting to connect to MySQL database: ielts_database
2024-10-10 18:58:38,947 - INFO - Checking plan status for user ID: 6
2024-10-10 18:58:38,949 - INFO - Plan status is active for user ID: 6
2024-10-10 18:58:38,952 - ERROR - Error closing database connections: cannot access local variable 'ielts_cursor' where it is not associated with a value
2024-10-10 18:58:39,980 - INFO - Attempting to connect to MySQL database: ielts_payment
2024-10-10 18:58:39,984 - INFO - Attempting to connect to MySQL database: ielts_database
2024-10-10 18:58:39,989 - INFO - Checking plan status for user ID: 6
2024-10-10 18:58:39,991 - INFO - Plan status is active for user ID: 6
2024-10-10 18:58:39,992 - ERROR - Error closing database connections: cannot access local variable 'ielts_cursor' where it is not associated with a value
2024-10-10 19:05:07,856 - INFO - Attempting to connect to MySQL database: ielts_payment
2024-10-10 19:05:07,858 - INFO - Attempting to connect to MySQL database: ielts_database
2024-10-10 19:05:07,861 - INFO - Checking plan status for user ID: 6
2024-10-10 19:05:07,862 - INFO - Plan status is active for user ID: 6
2024-10-10 19:05:07,864 - ERROR - Error closing database connections: cannot access local variable 'ielts_cursor' where it is not associated with a value
2024-10-10 19:05:07,886 - INFO - Attempting to connect to MySQL database: ielts_payment
2024-10-10 19:05:07,890 - INFO - Attempting to connect to MySQL database: ielts_database
2024-10-10 19:05:07,894 - INFO - Checking plan status for user ID: 6
2024-10-10 19:05:07,896 - INFO - Plan status is active for user ID: 6
2024-10-10 19:05:07,900 - ERROR - Error closing database connections: cannot access local variable 'ielts_cursor' where it is not associated with a value
2024-10-10 19:05:17,304 - INFO - Attempting to connect to MySQL database: ielts_payment
2024-10-10 19:05:17,308 - INFO - Attempting to connect to MySQL database: ielts_database
2024-10-10 19:05:17,311 - INFO - Checking plan status for user ID: 6
2024-10-10 19:05:17,313 - INFO - Plan status is active for user ID: 6
2024-10-10 19:05:17,315 - ERROR - Error closing database connections: cannot access local variable 'ielts_cursor' where it is not associated with a value
2024-10-10 19:05:17,333 - INFO - Attempting to connect to MySQL database: ielts_payment
2024-10-10 19:05:17,339 - INFO - Attempting to connect to MySQL database: ielts_database
2024-10-10 19:05:17,342 - INFO - Checking plan status for user ID: 6
2024-10-10 19:05:17,343 - INFO - Plan status is active for user ID: 6
2024-10-10 19:05:17,345 - ERROR - Error closing database connections: cannot access local variable 'ielts_cursor' where it is not associated with a value
2024-10-10 19:07:18,916 - INFO - Attempting to connect to MySQL database: ielts_payment
2024-10-10 19:07:18,923 - INFO - Attempting to connect to MySQL database: ielts_database
2024-10-10 19:07:18,932 - INFO - Checking plan status for user ID: 6
2024-10-10 19:07:18,935 - INFO - Plan status is active for user ID: 6
2024-10-10 19:07:18,939 - ERROR - Error closing database connections: cannot access local variable 'ielts_cursor' where it is not associated with a value
2024-10-10 19:07:18,969 - INFO - Attempting to connect to MySQL database: ielts_payment
2024-10-10 19:07:18,974 - INFO - Attempting to connect to MySQL database: ielts_database
2024-10-10 19:07:18,980 - INFO - Checking plan status for user ID: 6
2024-10-10 19:07:18,984 - INFO - Plan status is active for user ID: 6
2024-10-10 19:07:18,986 - ERROR - Error closing database connections: cannot access local variable 'ielts_cursor' where it is not associated with a value
2024-10-10 19:07:44,116 - INFO - Attempting to connect to MySQL database: ielts_payment
2024-10-10 19:07:44,118 - INFO - Attempting to connect to MySQL database: ielts_database
2024-10-10 19:07:44,121 - INFO - Checking plan status for user ID: 6
2024-10-10 19:07:44,122 - INFO - Plan status is active for user ID: 6
2024-10-10 19:07:44,123 - ERROR - Error closing database connections: cannot access local variable 'ielts_cursor' where it is not associated with a value
2024-10-10 19:07:44,135 - INFO - Attempting to connect to MySQL database: ielts_payment
2024-10-10 19:07:44,144 - INFO - Attempting to connect to MySQL database: ielts_database
2024-10-10 19:07:44,151 - INFO - Checking plan status for user ID: 6
2024-10-10 19:07:44,153 - INFO - Plan status is active for user ID: 6
2024-10-10 19:07:44,155 - ERROR - Error closing database connections: cannot access local variable 'ielts_cursor' where it is not associated with a value
2024-10-10 19:07:55,693 - INFO - Attempting to connect to MySQL database: ielts_payment
2024-10-10 19:07:55,696 - INFO - Attempting to connect to MySQL database: ielts_database
2024-10-10 19:07:55,700 - INFO - Checking plan status for user ID: 6
2024-10-10 19:07:55,704 - INFO - Plan status is active for user ID: 6
2024-10-10 19:07:55,706 - ERROR - Error closing database connections: cannot access local variable 'ielts_cursor' where it is not associated with a value
2024-10-10 19:07:55,719 - INFO - Attempting to connect to MySQL database: ielts_payment
2024-10-10 19:07:55,722 - INFO - Attempting to connect to MySQL database: ielts_database
2024-10-10 19:07:55,730 - INFO - Checking plan status for user ID: 6
2024-10-10 19:07:55,732 - INFO - Plan status is active for user ID: 6
2024-10-10 19:07:55,734 - ERROR - Error closing database connections: cannot access local variable 'ielts_cursor' where it is not associated with a value
2024-10-10 19:08:02,419 - INFO - Attempting to connect to MySQL database: ielts_payment
2024-10-10 19:08:02,432 - INFO - Attempting to connect to MySQL database: ielts_database
2024-10-10 19:08:02,444 - INFO - Checking plan status for user ID: 6
2024-10-10 19:08:02,447 - INFO - Plan status is active for user ID: 6
2024-10-10 19:08:02,450 - ERROR - Error closing database connections: cannot access local variable 'ielts_cursor' where it is not associated with a value
2024-10-10 19:08:02,467 - INFO - Attempting to connect to MySQL database: ielts_payment
2024-10-10 19:08:02,470 - INFO - Attempting to connect to MySQL database: ielts_database
2024-10-10 19:08:02,477 - INFO - Checking plan status for user ID: 6
2024-10-10 19:08:02,480 - INFO - Plan status is active for user ID: 6
2024-10-10 19:08:02,482 - ERROR - Error closing database connections: cannot access local variable 'ielts_cursor' where it is not associated with a value
2024-10-10 19:08:04,177 - INFO - Attempting to connect to MySQL database: ielts_payment
2024-10-10 19:08:04,180 - INFO - Attempting to connect to MySQL database: ielts_database
2024-10-10 19:08:04,183 - INFO - Checking plan status for user ID: 6
2024-10-10 19:08:04,184 - INFO - Plan status is active for user ID: 6
2024-10-10 19:08:04,185 - ERROR - Error closing database connections: cannot access local variable 'ielts_cursor' where it is not associated with a value
2024-10-10 19:08:04,199 - INFO - Attempting to connect to MySQL database: ielts_payment
2024-10-10 19:08:04,203 - INFO - Attempting to connect to MySQL database: ielts_database
2024-10-10 19:08:04,211 - INFO - Checking plan status for user ID: 6
2024-10-10 19:08:04,214 - INFO - Plan status is active for user ID: 6
2024-10-10 19:08:04,217 - ERROR - Error closing database connections: cannot access local variable 'ielts_cursor' where it is not associated with a value
2024-10-10 19:09:12,162 - INFO - Attempting to connect to MySQL database: ielts_payment
2024-10-10 19:09:12,166 - INFO - Attempting to connect to MySQL database: ielts_database
2024-10-10 19:09:12,169 - INFO - Checking plan status for user ID: 6
2024-10-10 19:09:12,169 - INFO - Plan status is active for user ID: 6
2024-10-10 19:09:12,172 - ERROR - Error closing database connections: cannot access local variable 'ielts_cursor' where it is not associated with a value
2024-10-10 19:09:12,180 - INFO - Attempting to connect to MySQL database: ielts_payment
2024-10-10 19:09:12,189 - INFO - Attempting to connect to MySQL database: ielts_database
2024-10-10 19:09:12,193 - INFO - Checking plan status for user ID: 6
2024-10-10 19:09:12,195 - INFO - Plan status is active for user ID: 6
2024-10-10 19:09:12,197 - ERROR - Error closing database connections: cannot access local variable 'ielts_cursor' where it is not associated with a value
2024-10-10 19:09:24,474 - INFO - Attempting to connect to MySQL database: ielts_payment
2024-10-10 19:09:24,478 - INFO - Attempting to connect to MySQL database: ielts_database
2024-10-10 19:09:24,481 - INFO - Checking plan status for user ID: 6
2024-10-10 19:09:24,483 - INFO - Plan status is active for user ID: 6
2024-10-10 19:09:24,485 - ERROR - Error closing database connections: cannot access local variable 'ielts_cursor' where it is not associated with a value
2024-10-10 19:09:24,498 - INFO - Attempting to connect to MySQL database: ielts_payment
2024-10-10 19:09:24,506 - INFO - Attempting to connect to MySQL database: ielts_database
2024-10-10 19:09:24,516 - INFO - Checking plan status for user ID: 6
2024-10-10 19:09:24,520 - INFO - Plan status is active for user ID: 6
2024-10-10 19:09:24,522 - ERROR - Error closing database connections: cannot access local variable 'ielts_cursor' where it is not associated with a value
2024-10-10 19:09:43,884 - INFO - Attempting to connect to MySQL database: ielts_payment
2024-10-10 19:09:43,887 - INFO - Attempting to connect to MySQL database: ielts_database
2024-10-10 19:09:43,890 - INFO - Checking plan status for user ID: 6
2024-10-10 19:09:43,893 - INFO - Plan status is active for user ID: 6
2024-10-10 19:09:43,894 - ERROR - Error closing database connections: cannot access local variable 'ielts_cursor' where it is not associated with a value
2024-10-10 19:09:43,901 - INFO - Attempting to connect to MySQL database: ielts_payment
2024-10-10 19:09:43,909 - INFO - Attempting to connect to MySQL database: ielts_database
2024-10-10 19:09:43,915 - INFO - Checking plan status for user ID: 6
2024-10-10 19:09:43,917 - INFO - Plan status is active for user ID: 6
2024-10-10 19:09:43,918 - ERROR - Error closing database connections: cannot access local variable 'ielts_cursor' where it is not associated with a value
2024-10-10 19:09:57,706 - INFO - Attempting to connect to MySQL database: ielts_payment
2024-10-10 19:09:57,708 - INFO - Attempting to connect to MySQL database: ielts_database
2024-10-10 19:09:57,711 - INFO - Checking plan status for user ID: 6
2024-10-10 19:09:57,714 - INFO - Plan status is active for user ID: 6
2024-10-10 19:09:57,715 - ERROR - Error closing database connections: cannot access local variable 'ielts_cursor' where it is not associated with a value
2024-10-10 19:09:57,726 - INFO - Attempting to connect to MySQL database: ielts_payment
2024-10-10 19:09:57,730 - INFO - Attempting to connect to MySQL database: ielts_database
2024-10-10 19:09:57,736 - INFO - Checking plan status for user ID: 6
2024-10-10 19:09:57,738 - INFO - Plan status is active for user ID: 6
2024-10-10 19:09:57,739 - ERROR - Error closing database connections: cannot access local variable 'ielts_cursor' where it is not associated with a value
2024-10-10 19:10:03,110 - INFO - Attempting to connect to MySQL database: ielts_payment
2024-10-10 19:10:03,114 - INFO - Attempting to connect to MySQL database: ielts_database
2024-10-10 19:10:03,117 - INFO - Checking plan status for user ID: 6
2024-10-10 19:10:03,118 - INFO - Plan status is active for user ID: 6
2024-10-10 19:10:03,120 - ERROR - Error closing database connections: cannot access local variable 'ielts_cursor' where it is not associated with a value
2024-10-10 19:10:03,128 - INFO - Attempting to connect to MySQL database: ielts_payment
2024-10-10 19:10:03,133 - INFO - Attempting to connect to MySQL database: ielts_database
2024-10-10 19:10:03,142 - INFO - Checking plan status for user ID: 6
2024-10-10 19:10:03,145 - INFO - Plan status is active for user ID: 6
2024-10-10 19:10:03,147 - ERROR - Error closing database connections: cannot access local variable 'ielts_cursor' where it is not associated with a value
2024-10-10 19:10:44,839 - INFO - Attempting to connect to MySQL database: ielts_payment
2024-10-10 19:10:44,841 - INFO - Attempting to connect to MySQL database: ielts_database
2024-10-10 19:10:44,845 - INFO - Checking plan status for user ID: 6
2024-10-10 19:10:44,846 - INFO - Plan status is active for user ID: 6
2024-10-10 19:10:44,847 - ERROR - Error closing database connections: cannot access local variable 'ielts_cursor' where it is not associated with a value
2024-10-10 19:10:44,856 - INFO - Attempting to connect to MySQL database: ielts_payment
2024-10-10 19:10:44,865 - INFO - Attempting to connect to MySQL database: ielts_database
2024-10-10 19:10:44,874 - INFO - Checking plan status for user ID: 6
2024-10-10 19:10:44,876 - INFO - Plan status is active for user ID: 6
2024-10-10 19:10:44,877 - ERROR - Error closing database connections: cannot access local variable 'ielts_cursor' where it is not associated with a value
2024-10-10 19:11:10,820 - INFO - Attempting to connect to MySQL database: ielts_payment
2024-10-10 19:11:10,822 - INFO - Attempting to connect to MySQL database: ielts_database
2024-10-10 19:11:10,826 - INFO - Checking plan status for user ID: 6
2024-10-10 19:11:10,828 - INFO - Plan status is active for user ID: 6
2024-10-10 19:11:10,830 - ERROR - Error closing database connections: cannot access local variable 'ielts_cursor' where it is not associated with a value
2024-10-10 19:11:10,845 - INFO - Attempting to connect to MySQL database: ielts_payment
2024-10-10 19:11:10,849 - INFO - Attempting to connect to MySQL database: ielts_database
2024-10-10 19:11:10,852 - INFO - Checking plan status for user ID: 6
2024-10-10 19:11:10,855 - INFO - Plan status is active for user ID: 6
2024-10-10 19:11:10,857 - ERROR - Error closing database connections: cannot access local variable 'ielts_cursor' where it is not associated with a value
2024-10-10 19:11:11,961 - INFO - Attempting to connect to MySQL database: ielts_payment
2024-10-10 19:11:11,963 - INFO - Attempting to connect to MySQL database: ielts_database
2024-10-10 19:11:11,966 - INFO - Checking plan status for user ID: 6
2024-10-10 19:11:11,967 - INFO - Plan status is active for user ID: 6
2024-10-10 19:11:11,968 - ERROR - Error closing database connections: cannot access local variable 'ielts_cursor' where it is not associated with a value
2024-10-10 19:11:12,412 - INFO - Attempting to connect to MySQL database: ielts_payment
2024-10-10 19:11:12,414 - INFO - Attempting to connect to MySQL database: ielts_database
2024-10-10 19:11:12,417 - INFO - Checking plan status for user ID: 6
2024-10-10 19:11:12,418 - INFO - Plan status is active for user ID: 6
2024-10-10 19:11:12,420 - ERROR - Error closing database connections: cannot access local variable 'ielts_cursor' where it is not associated with a value
2024-10-10 19:11:12,855 - INFO - Attempting to connect to MySQL database: ielts_payment
2024-10-10 19:11:12,857 - INFO - Attempting to connect to MySQL database: ielts_database
2024-10-10 19:11:12,860 - INFO - Checking plan status for user ID: 6
2024-10-10 19:11:12,862 - INFO - Plan status is active for user ID: 6
2024-10-10 19:11:12,863 - ERROR - Error closing database connections: cannot access local variable 'ielts_cursor' where it is not associated with a value
2024-10-10 19:13:31,811 - INFO - Attempting to connect to MySQL database: ielts_payment
2024-10-10 19:13:31,814 - INFO - Attempting to connect to MySQL database: ielts_database
2024-10-10 19:13:31,818 - INFO - Checking plan status for user ID: 6
2024-10-10 19:13:31,820 - INFO - Plan status is active for user ID: 6
2024-10-10 19:13:31,822 - ERROR - Error closing database connections: cannot access local variable 'ielts_cursor' where it is not associated with a value
2024-10-10 19:13:31,832 - INFO - Attempting to connect to MySQL database: ielts_payment
2024-10-10 19:13:31,836 - INFO - Attempting to connect to MySQL database: ielts_database
2024-10-10 19:13:31,841 - INFO - Checking plan status for user ID: 6
2024-10-10 19:13:31,842 - INFO - Plan status is active for user ID: 6
2024-10-10 19:13:31,844 - ERROR - Error closing database connections: cannot access local variable 'ielts_cursor' where it is not associated with a value
2024-10-10 19:16:41,233 - INFO - Starting payments service
2024-10-10 19:16:41,235 - INFO - Starting Eureka client registration
2024-10-10 19:16:41,871 - INFO - Eureka client started and service registered successfully.
2024-10-10 19:16:50,216 - INFO - Starting payments service
2024-10-10 19:16:50,218 - INFO - Starting Eureka client registration
2024-10-10 19:16:51,103 - INFO - Eureka client started and service registered successfully.
2024-10-10 19:19:39,024 - INFO - Attempting to connect to MySQL database: ielts_payment
2024-10-10 19:19:39,045 - INFO - Attempting to connect to MySQL database: ielts_database
2024-10-10 19:19:39,049 - INFO - Checking plan status for user ID: 6
2024-10-10 19:19:39,051 - INFO - Plan status is active for user ID: 6
2024-10-10 19:19:39,053 - ERROR - Error closing database connections: cannot access local variable 'ielts_cursor' where it is not associated with a value
2024-10-10 19:19:39,064 - INFO - Attempting to connect to MySQL database: ielts_payment
2024-10-10 19:19:39,068 - INFO - Attempting to connect to MySQL database: ielts_database
2024-10-10 19:19:39,073 - INFO - Checking plan status for user ID: 6
2024-10-10 19:19:39,075 - INFO - Plan status is active for user ID: 6
2024-10-10 19:19:39,076 - ERROR - Error closing database connections: cannot access local variable 'ielts_cursor' where it is not associated with a value
2024-10-10 19:20:31,804 - INFO - Attempting to connect to MySQL database: ielts_payment
2024-10-10 19:20:31,809 - INFO - Attempting to connect to MySQL database: ielts_database
2024-10-10 19:20:31,814 - INFO - Checking plan status for user ID: 6
2024-10-10 19:20:31,820 - INFO - Plan status is active for user ID: 6
2024-10-10 19:20:31,823 - ERROR - Error closing database connections: cannot access local variable 'ielts_cursor' where it is not associated with a value
2024-10-10 19:20:31,838 - INFO - Attempting to connect to MySQL database: ielts_payment
2024-10-10 19:20:31,841 - INFO - Attempting to connect to MySQL database: ielts_database
2024-10-10 19:20:31,845 - INFO - Checking plan status for user ID: 6
2024-10-10 19:20:31,847 - INFO - Plan status is active for user ID: 6
2024-10-10 19:20:31,848 - ERROR - Error closing database connections: cannot access local variable 'ielts_cursor' where it is not associated with a value
2024-10-10 19:20:47,769 - INFO - Attempting to connect to MySQL database: ielts_payment
2024-10-10 19:20:47,773 - INFO - Attempting to connect to MySQL database: ielts_database
2024-10-10 19:20:47,777 - INFO - Checking plan status for user ID: 6
2024-10-10 19:20:47,780 - INFO - Plan status is active for user ID: 6
2024-10-10 19:20:47,782 - ERROR - Error closing database connections: cannot access local variable 'ielts_cursor' where it is not associated with a value
2024-10-10 19:20:47,796 - INFO - Attempting to connect to MySQL database: ielts_payment
2024-10-10 19:20:47,809 - INFO - Attempting to connect to MySQL database: ielts_database
2024-10-10 19:20:47,818 - INFO - Checking plan status for user ID: 6
2024-10-10 19:20:47,820 - INFO - Plan status is active for user ID: 6
2024-10-10 19:20:47,822 - ERROR - Error closing database connections: cannot access local variable 'ielts_cursor' where it is not associated with a value
2024-10-10 19:21:52,947 - INFO - Attempting to connect to MySQL database: ielts_payment
2024-10-10 19:21:52,949 - INFO - Attempting to connect to MySQL database: ielts_database
2024-10-10 19:21:52,952 - INFO - Checking plan status for user ID: 6
2024-10-10 19:21:52,953 - INFO - Plan status is active for user ID: 6
2024-10-10 19:21:52,955 - ERROR - Error closing database connections: cannot access local variable 'ielts_cursor' where it is not associated with a value
2024-10-10 19:21:53,944 - INFO - Attempting to connect to MySQL database: ielts_payment
2024-10-10 19:21:53,946 - INFO - Attempting to connect to MySQL database: ielts_database
2024-10-10 19:21:53,948 - INFO - Checking plan status for user ID: 6
2024-10-10 19:21:53,950 - INFO - Plan status is active for user ID: 6
2024-10-10 19:21:53,952 - ERROR - Error closing database connections: cannot access local variable 'ielts_cursor' where it is not associated with a value
2024-10-10 19:22:01,940 - INFO - Attempting to connect to MySQL database: ielts_payment
2024-10-10 19:22:01,943 - INFO - Attempting to connect to MySQL database: ielts_database
2024-10-10 19:22:01,946 - INFO - Checking plan status for user ID: 6
2024-10-10 19:22:01,947 - INFO - Plan status is active for user ID: 6
2024-10-10 19:22:01,949 - ERROR - Error closing database connections: cannot access local variable 'ielts_cursor' where it is not associated with a value
2024-10-10 19:22:02,926 - INFO - Attempting to connect to MySQL database: ielts_payment
2024-10-10 19:22:02,928 - INFO - Attempting to connect to MySQL database: ielts_database
2024-10-10 19:22:02,930 - INFO - Checking plan status for user ID: 6
2024-10-10 19:22:02,932 - INFO - Plan status is active for user ID: 6
2024-10-10 19:22:02,933 - ERROR - Error closing database connections: cannot access local variable 'ielts_cursor' where it is not associated with a value
2024-10-10 19:22:05,959 - INFO - Attempting to connect to MySQL database: ielts_payment
2024-10-10 19:22:05,962 - INFO - Attempting to connect to MySQL database: ielts_database
2024-10-10 19:22:05,965 - INFO - Checking plan status for user ID: 6
2024-10-10 19:22:05,967 - INFO - Plan status is active for user ID: 6
2024-10-10 19:22:05,969 - ERROR - Error closing database connections: cannot access local variable 'ielts_cursor' where it is not associated with a value
2024-10-10 19:22:15,948 - INFO - Attempting to connect to MySQL database: ielts_payment
2024-10-10 19:22:15,951 - INFO - Attempting to connect to MySQL database: ielts_database
2024-10-10 19:22:15,954 - INFO - Checking plan status for user ID: 6
2024-10-10 19:22:15,956 - INFO - Plan status is active for user ID: 6
2024-10-10 19:22:15,957 - ERROR - Error closing database connections: cannot access local variable 'ielts_cursor' where it is not associated with a value
2024-10-10 19:22:17,128 - INFO - Attempting to connect to MySQL database: ielts_payment
2024-10-10 19:22:17,131 - INFO - Attempting to connect to MySQL database: ielts_database
2024-10-10 19:22:17,133 - INFO - Checking plan status for user ID: 6
2024-10-10 19:22:17,135 - INFO - Plan status is active for user ID: 6
2024-10-10 19:22:17,136 - ERROR - Error closing database connections: cannot access local variable 'ielts_cursor' where it is not associated with a value
2024-10-10 19:22:58,937 - INFO - Attempting to connect to MySQL database: ielts_payment
2024-10-10 19:22:58,940 - INFO - Attempting to connect to MySQL database: ielts_database
2024-10-10 19:22:58,943 - INFO - Checking plan status for user ID: 6
2024-10-10 19:22:58,943 - INFO - Plan status is active for user ID: 6
2024-10-10 19:22:58,946 - ERROR - Error closing database connections: cannot access local variable 'ielts_cursor' where it is not associated with a value
2024-10-10 19:23:03,936 - INFO - Attempting to connect to MySQL database: ielts_payment
2024-10-10 19:23:03,938 - INFO - Attempting to connect to MySQL database: ielts_database
2024-10-10 19:23:03,940 - INFO - Checking plan status for user ID: 6
2024-10-10 19:23:03,941 - INFO - Plan status is active for user ID: 6
2024-10-10 19:23:03,943 - ERROR - Error closing database connections: cannot access local variable 'ielts_cursor' where it is not associated with a value
2024-10-10 19:23:09,173 - INFO - Attempting to connect to MySQL database: ielts_payment
2024-10-10 19:23:09,179 - INFO - Attempting to connect to MySQL database: ielts_database
2024-10-10 19:23:09,188 - INFO - Checking plan status for user ID: 6
2024-10-10 19:23:09,191 - INFO - Plan status is active for user ID: 6
2024-10-10 19:23:09,194 - ERROR - Error closing database connections: cannot access local variable 'ielts_cursor' where it is not associated with a value
2024-10-10 19:23:58,953 - INFO - Attempting to connect to MySQL database: ielts_payment
2024-10-10 19:23:58,956 - INFO - Attempting to connect to MySQL database: ielts_database
2024-10-10 19:23:58,959 - INFO - Checking plan status for user ID: 6
2024-10-10 19:23:58,960 - INFO - Plan status is active for user ID: 6
2024-10-10 19:23:58,962 - ERROR - Error closing database connections: cannot access local variable 'ielts_cursor' where it is not associated with a value
2024-10-10 19:24:01,025 - INFO - Attempting to connect to MySQL database: ielts_payment
2024-10-10 19:24:01,027 - INFO - Attempting to connect to MySQL database: ielts_database
2024-10-10 19:24:01,029 - INFO - Checking plan status for user ID: 6
2024-10-10 19:24:01,030 - INFO - Plan status is active for user ID: 6
2024-10-10 19:24:01,032 - ERROR - Error closing database connections: cannot access local variable 'ielts_cursor' where it is not associated with a value
2024-10-10 19:24:19,955 - INFO - Attempting to connect to MySQL database: ielts_payment
2024-10-10 19:24:19,958 - INFO - Attempting to connect to MySQL database: ielts_database
2024-10-10 19:24:19,961 - INFO - Checking plan status for user ID: 6
2024-10-10 19:24:19,962 - INFO - Plan status is active for user ID: 6
2024-10-10 19:24:19,963 - ERROR - Error closing database connections: cannot access local variable 'ielts_cursor' where it is not associated with a value
2024-10-10 19:24:21,921 - INFO - Attempting to connect to MySQL database: ielts_payment
2024-10-10 19:24:21,923 - INFO - Attempting to connect to MySQL database: ielts_database
2024-10-10 19:24:21,926 - INFO - Checking plan status for user ID: 6
2024-10-10 19:24:21,929 - INFO - Plan status is active for user ID: 6
2024-10-10 19:24:21,930 - ERROR - Error closing database connections: cannot access local variable 'ielts_cursor' where it is not associated with a value
2024-10-10 19:24:23,992 - INFO - Attempting to connect to MySQL database: ielts_payment
2024-10-10 19:24:23,994 - INFO - Attempting to connect to MySQL database: ielts_database
2024-10-10 19:24:23,996 - INFO - Checking plan status for user ID: 6
2024-10-10 19:24:23,998 - INFO - Plan status is active for user ID: 6
2024-10-10 19:24:23,999 - ERROR - Error closing database connections: cannot access local variable 'ielts_cursor' where it is not associated with a value
2024-10-10 19:24:24,876 - INFO - Attempting to connect to MySQL database: ielts_payment
2024-10-10 19:24:24,885 - INFO - Attempting to connect to MySQL database: ielts_database
2024-10-10 19:24:24,890 - INFO - Checking plan status for user ID: 6
2024-10-10 19:24:24,891 - INFO - Plan status is active for user ID: 6
2024-10-10 19:24:24,892 - ERROR - Error closing database connections: cannot access local variable 'ielts_cursor' where it is not associated with a value
2024-10-10 19:24:33,932 - INFO - Attempting to connect to MySQL database: ielts_payment
2024-10-10 19:24:33,934 - INFO - Attempting to connect to MySQL database: ielts_database
2024-10-10 19:24:33,937 - INFO - Checking plan status for user ID: 6
2024-10-10 19:24:33,940 - INFO - Plan status is active for user ID: 6
2024-10-10 19:24:33,942 - ERROR - Error closing database connections: cannot access local variable 'ielts_cursor' where it is not associated with a value
2024-10-10 19:25:14,925 - INFO - Attempting to connect to MySQL database: ielts_payment
2024-10-10 19:25:14,927 - INFO - Attempting to connect to MySQL database: ielts_database
2024-10-10 19:25:14,930 - INFO - Checking plan status for user ID: 6
2024-10-10 19:25:14,932 - INFO - Plan status is active for user ID: 6
2024-10-10 19:25:14,934 - ERROR - Error closing database connections: cannot access local variable 'ielts_cursor' where it is not associated with a value
2024-10-10 19:25:24,948 - INFO - Attempting to connect to MySQL database: ielts_payment
2024-10-10 19:25:24,951 - INFO - Attempting to connect to MySQL database: ielts_database
2024-10-10 19:25:24,953 - INFO - Checking plan status for user ID: 6
2024-10-10 19:25:24,954 - INFO - Plan status is active for user ID: 6
2024-10-10 19:25:24,956 - ERROR - Error closing database connections: cannot access local variable 'ielts_cursor' where it is not associated with a value
2024-10-10 19:25:46,808 - INFO - Attempting to connect to MySQL database: ielts_payment
2024-10-10 19:25:46,810 - INFO - Attempting to connect to MySQL database: ielts_database
2024-10-10 19:25:46,813 - INFO - Checking plan status for user ID: 6
2024-10-10 19:25:46,814 - INFO - Plan status is active for user ID: 6
2024-10-10 19:25:46,816 - ERROR - Error closing database connections: cannot access local variable 'ielts_cursor' where it is not associated with a value
2024-10-10 19:26:28,931 - INFO - Attempting to connect to MySQL database: ielts_payment
2024-10-10 19:26:28,933 - INFO - Attempting to connect to MySQL database: ielts_database
2024-10-10 19:26:28,936 - INFO - Checking plan status for user ID: 6
2024-10-10 19:26:28,938 - INFO - Plan status is active for user ID: 6
2024-10-10 19:26:28,940 - ERROR - Error closing database connections: cannot access local variable 'ielts_cursor' where it is not associated with a value
2024-10-10 19:26:32,172 - INFO - Attempting to connect to MySQL database: ielts_payment
2024-10-10 19:26:32,174 - INFO - Attempting to connect to MySQL database: ielts_database
2024-10-10 19:26:32,178 - INFO - Checking plan status for user ID: 6
2024-10-10 19:26:32,179 - INFO - Plan status is active for user ID: 6
2024-10-10 19:26:32,180 - ERROR - Error closing database connections: cannot access local variable 'ielts_cursor' where it is not associated with a value
2024-10-10 19:26:32,188 - INFO - Attempting to connect to MySQL database: ielts_payment
2024-10-10 19:26:32,191 - INFO - Attempting to connect to MySQL database: ielts_database
2024-10-10 19:26:32,194 - INFO - Checking plan status for user ID: 6
2024-10-10 19:26:32,196 - INFO - Plan status is active for user ID: 6
2024-10-10 19:26:32,198 - ERROR - Error closing database connections: cannot access local variable 'ielts_cursor' where it is not associated with a value
2024-10-10 19:27:42,959 - INFO - Attempting to connect to MySQL database: ielts_payment
2024-10-10 19:27:42,962 - INFO - Attempting to connect to MySQL database: ielts_database
2024-10-10 19:27:42,965 - INFO - Checking plan status for user ID: 6
2024-10-10 19:27:42,967 - INFO - Plan status is active for user ID: 6
2024-10-10 19:27:42,969 - ERROR - Error closing database connections: cannot access local variable 'ielts_cursor' where it is not associated with a value
2024-10-10 19:27:43,940 - INFO - Attempting to connect to MySQL database: ielts_payment
2024-10-10 19:27:43,943 - INFO - Attempting to connect to MySQL database: ielts_database
2024-10-10 19:27:43,946 - INFO - Checking plan status for user ID: 6
2024-10-10 19:27:43,947 - INFO - Plan status is active for user ID: 6
2024-10-10 19:27:43,948 - ERROR - Error closing database connections: cannot access local variable 'ielts_cursor' where it is not associated with a value
2024-10-10 19:28:14,956 - INFO - Attempting to connect to MySQL database: ielts_payment
2024-10-10 19:28:14,959 - INFO - Attempting to connect to MySQL database: ielts_database
2024-10-10 19:28:14,963 - INFO - Checking plan status for user ID: 6
2024-10-10 19:28:14,964 - INFO - Plan status is active for user ID: 6
2024-10-10 19:28:14,966 - ERROR - Error closing database connections: cannot access local variable 'ielts_cursor' where it is not associated with a value
2024-10-10 19:28:44,923 - INFO - Attempting to connect to MySQL database: ielts_payment
2024-10-10 19:28:44,925 - INFO - Attempting to connect to MySQL database: ielts_database
2024-10-10 19:28:44,928 - INFO - Checking plan status for user ID: 6
2024-10-10 19:28:44,929 - INFO - Plan status is active for user ID: 6
2024-10-10 19:28:44,930 - ERROR - Error closing database connections: cannot access local variable 'ielts_cursor' where it is not associated with a value
2024-10-10 19:28:48,103 - INFO - Attempting to connect to MySQL database: ielts_payment
2024-10-10 19:28:48,105 - INFO - Attempting to connect to MySQL database: ielts_database
2024-10-10 19:28:48,108 - INFO - Checking plan status for user ID: 6
2024-10-10 19:28:48,109 - INFO - Plan status is active for user ID: 6
2024-10-10 19:28:48,111 - ERROR - Error closing database connections: cannot access local variable 'ielts_cursor' where it is not associated with a value
2024-10-10 19:30:01,052 - INFO - Attempting to connect to MySQL database: ielts_payment
2024-10-10 19:30:01,054 - INFO - Attempting to connect to MySQL database: ielts_database
2024-10-10 19:30:01,056 - INFO - Checking plan status for user ID: 6
2024-10-10 19:30:01,058 - INFO - Plan status is active for user ID: 6
2024-10-10 19:30:01,059 - ERROR - Error closing database connections: cannot access local variable 'ielts_cursor' where it is not associated with a value
2024-10-10 19:30:03,018 - INFO - Attempting to connect to MySQL database: ielts_payment
2024-10-10 19:30:03,021 - INFO - Attempting to connect to MySQL database: ielts_database
2024-10-10 19:30:03,025 - INFO - Checking plan status for user ID: 6
2024-10-10 19:30:03,027 - INFO - Plan status is active for user ID: 6
2024-10-10 19:30:03,030 - ERROR - Error closing database connections: cannot access local variable 'ielts_cursor' where it is not associated with a value
2024-10-10 19:30:21,187 - INFO - Attempting to connect to MySQL database: ielts_payment
2024-10-10 19:30:21,190 - INFO - Attempting to connect to MySQL database: ielts_database
2024-10-10 19:30:21,193 - INFO - Checking plan status for user ID: 6
2024-10-10 19:30:21,195 - INFO - Plan status is active for user ID: 6
2024-10-10 19:30:21,197 - ERROR - Error closing database connections: cannot access local variable 'ielts_cursor' where it is not associated with a value
2024-10-10 19:30:21,208 - INFO - Attempting to connect to MySQL database: ielts_payment
2024-10-10 19:30:21,211 - INFO - Attempting to connect to MySQL database: ielts_database
2024-10-10 19:30:21,214 - INFO - Checking plan status for user ID: 6
2024-10-10 19:30:21,218 - INFO - Plan status is active for user ID: 6
2024-10-10 19:30:21,220 - ERROR - Error closing database connections: cannot access local variable 'ielts_cursor' where it is not associated with a value
2024-10-10 19:31:01,982 - INFO - Attempting to connect to MySQL database: ielts_payment
2024-10-10 19:31:01,984 - INFO - Attempting to connect to MySQL database: ielts_database
2024-10-10 19:31:01,987 - INFO - Checking plan status for user ID: 6
2024-10-10 19:31:01,988 - INFO - Plan status is active for user ID: 6
2024-10-10 19:31:01,989 - ERROR - Error closing database connections: cannot access local variable 'ielts_cursor' where it is not associated with a value
2024-10-10 19:31:06,932 - INFO - Attempting to connect to MySQL database: ielts_payment
2024-10-10 19:31:06,935 - INFO - Attempting to connect to MySQL database: ielts_database
2024-10-10 19:31:06,938 - INFO - Checking plan status for user ID: 6
2024-10-10 19:31:06,939 - INFO - Plan status is active for user ID: 6
2024-10-10 19:31:06,940 - ERROR - Error closing database connections: cannot access local variable 'ielts_cursor' where it is not associated with a value
2024-10-10 19:31:10,917 - INFO - Attempting to connect to MySQL database: ielts_payment
2024-10-10 19:31:10,919 - INFO - Attempting to connect to MySQL database: ielts_database
2024-10-10 19:31:10,922 - INFO - Checking plan status for user ID: 6
2024-10-10 19:31:10,924 - INFO - Plan status is active for user ID: 6
2024-10-10 19:31:10,925 - ERROR - Error closing database connections: cannot access local variable 'ielts_cursor' where it is not associated with a value
2024-10-10 19:32:56,118 - INFO - Attempting to connect to MySQL database: ielts_payment
2024-10-10 19:32:56,121 - INFO - Attempting to connect to MySQL database: ielts_database
2024-10-10 19:32:56,124 - INFO - Checking plan status for user ID: 6
2024-10-10 19:32:56,125 - INFO - Plan status is active for user ID: 6
2024-10-10 19:32:56,127 - ERROR - Error closing database connections: cannot access local variable 'ielts_cursor' where it is not associated with a value
2024-10-10 19:32:56,143 - INFO - Attempting to connect to MySQL database: ielts_payment
2024-10-10 19:32:56,151 - INFO - Attempting to connect to MySQL database: ielts_database
2024-10-10 19:32:56,156 - INFO - Checking plan status for user ID: 6
2024-10-10 19:32:56,157 - INFO - Plan status is active for user ID: 6
2024-10-10 19:32:56,158 - ERROR - Error closing database connections: cannot access local variable 'ielts_cursor' where it is not associated with a value
2024-10-10 19:33:43,837 - INFO - Attempting to connect to MySQL database: ielts_payment
2024-10-10 19:33:43,839 - INFO - Attempting to connect to MySQL database: ielts_database
2024-10-10 19:33:43,842 - INFO - Checking plan status for user ID: 6
2024-10-10 19:33:43,843 - INFO - Plan status is active for user ID: 6
2024-10-10 19:33:43,845 - ERROR - Error closing database connections: cannot access local variable 'ielts_cursor' where it is not associated with a value
2024-10-10 19:33:43,855 - INFO - Attempting to connect to MySQL database: ielts_payment
2024-10-10 19:33:43,858 - INFO - Attempting to connect to MySQL database: ielts_database
2024-10-10 19:33:43,861 - INFO - Checking plan status for user ID: 6
2024-10-10 19:33:43,862 - INFO - Plan status is active for user ID: 6
2024-10-10 19:33:43,865 - ERROR - Error closing database connections: cannot access local variable 'ielts_cursor' where it is not associated with a value
2024-10-10 19:33:52,833 - INFO - Attempting to connect to MySQL database: ielts_payment
2024-10-10 19:33:52,835 - INFO - Attempting to connect to MySQL database: ielts_database
2024-10-10 19:33:52,837 - INFO - Checking plan status for user ID: 6
2024-10-10 19:33:52,839 - INFO - Plan status is active for user ID: 6
2024-10-10 19:33:52,841 - ERROR - Error closing database connections: cannot access local variable 'ielts_cursor' where it is not associated with a value
2024-10-10 19:33:52,851 - INFO - Attempting to connect to MySQL database: ielts_payment
2024-10-10 19:33:52,855 - INFO - Attempting to connect to MySQL database: ielts_database
2024-10-10 19:33:52,857 - INFO - Checking plan status for user ID: 6
2024-10-10 19:33:52,859 - INFO - Plan status is active for user ID: 6
2024-10-10 19:33:52,860 - ERROR - Error closing database connections: cannot access local variable 'ielts_cursor' where it is not associated with a value
2024-10-10 19:33:54,851 - INFO - Attempting to connect to MySQL database: ielts_payment
2024-10-10 19:33:54,857 - INFO - Attempting to connect to MySQL database: ielts_database
2024-10-10 19:33:54,863 - INFO - Checking plan status for user ID: 6
2024-10-10 19:33:54,864 - INFO - Plan status is active for user ID: 6
2024-10-10 19:33:54,866 - ERROR - Error closing database connections: cannot access local variable 'ielts_cursor' where it is not associated with a value
2024-10-10 19:33:54,878 - INFO - Attempting to connect to MySQL database: ielts_payment
2024-10-10 19:33:54,881 - INFO - Attempting to connect to MySQL database: ielts_database
2024-10-10 19:33:54,884 - INFO - Checking plan status for user ID: 6
2024-10-10 19:33:54,886 - INFO - Plan status is active for user ID: 6
2024-10-10 19:33:54,888 - ERROR - Error closing database connections: cannot access local variable 'ielts_cursor' where it is not associated with a value
2024-10-10 19:33:55,847 - INFO - Attempting to connect to MySQL database: ielts_payment
2024-10-10 19:33:55,850 - INFO - Attempting to connect to MySQL database: ielts_database
2024-10-10 19:33:55,854 - INFO - Checking plan status for user ID: 6
2024-10-10 19:33:55,856 - INFO - Plan status is active for user ID: 6
2024-10-10 19:33:55,858 - ERROR - Error closing database connections: cannot access local variable 'ielts_cursor' where it is not associated with a value
2024-10-10 19:33:55,868 - INFO - Attempting to connect to MySQL database: ielts_payment
2024-10-10 19:33:55,871 - INFO - Attempting to connect to MySQL database: ielts_database
2024-10-10 19:33:55,875 - INFO - Checking plan status for user ID: 6
2024-10-10 19:33:55,877 - INFO - Plan status is active for user ID: 6
2024-10-10 19:33:55,881 - ERROR - Error closing database connections: cannot access local variable 'ielts_cursor' where it is not associated with a value
2024-10-10 19:33:56,860 - INFO - Attempting to connect to MySQL database: ielts_payment
2024-10-10 19:33:56,867 - INFO - Attempting to connect to MySQL database: ielts_database
2024-10-10 19:33:56,873 - INFO - Checking plan status for user ID: 6
2024-10-10 19:33:56,875 - INFO - Plan status is active for user ID: 6
2024-10-10 19:33:56,879 - ERROR - Error closing database connections: cannot access local variable 'ielts_cursor' where it is not associated with a value
2024-10-10 19:33:56,890 - INFO - Attempting to connect to MySQL database: ielts_payment
2024-10-10 19:33:56,894 - INFO - Attempting to connect to MySQL database: ielts_database
2024-10-10 19:33:56,897 - INFO - Checking plan status for user ID: 6
2024-10-10 19:33:56,899 - INFO - Plan status is active for user ID: 6
2024-10-10 19:33:56,901 - ERROR - Error closing database connections: cannot access local variable 'ielts_cursor' where it is not associated with a value
2024-10-10 19:34:18,861 - INFO - Attempting to connect to MySQL database: ielts_payment
2024-10-10 19:34:18,871 - INFO - Attempting to connect to MySQL database: ielts_database
2024-10-10 19:34:18,894 - INFO - Checking plan status for user ID: 6
2024-10-10 19:34:18,910 - INFO - Plan status is active for user ID: 6
2024-10-10 19:34:18,913 - ERROR - Error closing database connections: cannot access local variable 'ielts_cursor' where it is not associated with a value
2024-10-10 19:34:18,959 - INFO - Attempting to connect to MySQL database: ielts_payment
2024-10-10 19:34:18,971 - INFO - Attempting to connect to MySQL database: ielts_database
2024-10-10 19:34:18,977 - INFO - Checking plan status for user ID: 6
2024-10-10 19:34:18,978 - INFO - Plan status is active for user ID: 6
2024-10-10 19:34:18,979 - ERROR - Error closing database connections: cannot access local variable 'ielts_cursor' where it is not associated with a value
2024-10-10 19:34:20,080 - INFO - Attempting to connect to MySQL database: ielts_payment
2024-10-10 19:34:20,083 - INFO - Attempting to connect to MySQL database: ielts_database
2024-10-10 19:34:20,087 - INFO - Checking plan status for user ID: 6
2024-10-10 19:34:20,090 - INFO - Plan status is active for user ID: 6
2024-10-10 19:34:20,092 - ERROR - Error closing database connections: cannot access local variable 'ielts_cursor' where it is not associated with a value
2024-10-10 19:35:18,981 - INFO - Attempting to connect to MySQL database: ielts_payment
2024-10-10 19:35:18,986 - INFO - Attempting to connect to MySQL database: ielts_database
2024-10-10 19:35:18,991 - INFO - Checking plan status for user ID: 6
2024-10-10 19:35:18,993 - INFO - Plan status is active for user ID: 6
2024-10-10 19:35:18,995 - ERROR - Error closing database connections: cannot access local variable 'ielts_cursor' where it is not associated with a value
2024-10-10 19:35:19,926 - INFO - Attempting to connect to MySQL database: ielts_payment
2024-10-10 19:35:19,928 - INFO - Attempting to connect to MySQL database: ielts_database
2024-10-10 19:35:19,931 - INFO - Checking plan status for user ID: 6
2024-10-10 19:35:19,932 - INFO - Plan status is active for user ID: 6
2024-10-10 19:35:19,934 - ERROR - Error closing database connections: cannot access local variable 'ielts_cursor' where it is not associated with a value
2024-10-10 19:35:25,082 - INFO - Attempting to connect to MySQL database: ielts_payment
2024-10-10 19:35:25,085 - INFO - Attempting to connect to MySQL database: ielts_database
2024-10-10 19:35:25,087 - INFO - Checking plan status for user ID: 6
2024-10-10 19:35:25,088 - INFO - Plan status is active for user ID: 6
2024-10-10 19:35:25,089 - ERROR - Error closing database connections: cannot access local variable 'ielts_cursor' where it is not associated with a value
2024-10-10 19:35:25,920 - INFO - Attempting to connect to MySQL database: ielts_payment
2024-10-10 19:35:25,922 - INFO - Attempting to connect to MySQL database: ielts_database
2024-10-10 19:35:25,925 - INFO - Checking plan status for user ID: 6
2024-10-10 19:35:25,926 - INFO - Plan status is active for user ID: 6
2024-10-10 19:35:25,928 - ERROR - Error closing database connections: cannot access local variable 'ielts_cursor' where it is not associated with a value
2024-10-10 19:36:15,861 - INFO - Attempting to connect to MySQL database: ielts_payment
2024-10-10 19:36:15,865 - INFO - Attempting to connect to MySQL database: ielts_database
2024-10-10 19:36:15,869 - INFO - Checking plan status for user ID: 6
2024-10-10 19:36:15,873 - INFO - Plan status is active for user ID: 6
2024-10-10 19:36:15,876 - ERROR - Error closing database connections: cannot access local variable 'ielts_cursor' where it is not associated with a value
2024-10-10 19:36:15,891 - INFO - Attempting to connect to MySQL database: ielts_payment
2024-10-10 19:36:15,894 - INFO - Attempting to connect to MySQL database: ielts_database
2024-10-10 19:36:15,898 - INFO - Checking plan status for user ID: 6
2024-10-10 19:36:15,899 - INFO - Plan status is active for user ID: 6
2024-10-10 19:36:15,901 - ERROR - Error closing database connections: cannot access local variable 'ielts_cursor' where it is not associated with a value
2024-10-10 19:36:18,854 - INFO - Attempting to connect to MySQL database: ielts_payment
2024-10-10 19:36:18,860 - INFO - Attempting to connect to MySQL database: ielts_database
2024-10-10 19:36:18,871 - INFO - Checking plan status for user ID: 6
2024-10-10 19:36:18,874 - INFO - Plan status is active for user ID: 6
2024-10-10 19:36:18,877 - ERROR - Error closing database connections: cannot access local variable 'ielts_cursor' where it is not associated with a value
2024-10-10 19:36:18,912 - INFO - Attempting to connect to MySQL database: ielts_payment
2024-10-10 19:36:18,922 - INFO - Attempting to connect to MySQL database: ielts_database
2024-10-10 19:36:18,927 - INFO - Checking plan status for user ID: 6
2024-10-10 19:36:18,929 - INFO - Plan status is active for user ID: 6
2024-10-10 19:36:18,931 - ERROR - Error closing database connections: cannot access local variable 'ielts_cursor' where it is not associated with a value
2024-10-10 19:36:21,835 - INFO - Attempting to connect to MySQL database: ielts_payment
2024-10-10 19:36:21,838 - INFO - Attempting to connect to MySQL database: ielts_database
2024-10-10 19:36:21,840 - INFO - Checking plan status for user ID: 6
2024-10-10 19:36:21,843 - INFO - Plan status is active for user ID: 6
2024-10-10 19:36:21,844 - ERROR - Error closing database connections: cannot access local variable 'ielts_cursor' where it is not associated with a value
2024-10-10 19:36:21,854 - INFO - Attempting to connect to MySQL database: ielts_payment
2024-10-10 19:36:21,856 - INFO - Attempting to connect to MySQL database: ielts_database
2024-10-10 19:36:21,860 - INFO - Checking plan status for user ID: 6
2024-10-10 19:36:21,862 - INFO - Plan status is active for user ID: 6
2024-10-10 19:36:21,863 - ERROR - Error closing database connections: cannot access local variable 'ielts_cursor' where it is not associated with a value
2024-10-10 19:36:25,859 - INFO - Attempting to connect to MySQL database: ielts_payment
2024-10-10 19:36:25,867 - INFO - Attempting to connect to MySQL database: ielts_database
2024-10-10 19:36:25,875 - INFO - Checking plan status for user ID: 6
2024-10-10 19:36:25,878 - INFO - Plan status is active for user ID: 6
2024-10-10 19:36:25,881 - ERROR - Error closing database connections: cannot access local variable 'ielts_cursor' where it is not associated with a value
2024-10-10 19:36:25,984 - INFO - Attempting to connect to MySQL database: ielts_payment
2024-10-10 19:36:25,986 - INFO - Attempting to connect to MySQL database: ielts_database
2024-10-10 19:36:25,989 - INFO - Checking plan status for user ID: 6
2024-10-10 19:36:25,991 - INFO - Plan status is active for user ID: 6
2024-10-10 19:36:25,993 - ERROR - Error closing database connections: cannot access local variable 'ielts_cursor' where it is not associated with a value
2024-10-10 19:36:28,842 - INFO - Attempting to connect to MySQL database: ielts_payment
2024-10-10 19:36:28,845 - INFO - Attempting to connect to MySQL database: ielts_database
2024-10-10 19:36:28,848 - INFO - Checking plan status for user ID: 6
2024-10-10 19:36:28,849 - INFO - Plan status is active for user ID: 6
2024-10-10 19:36:28,850 - ERROR - Error closing database connections: cannot access local variable 'ielts_cursor' where it is not associated with a value
2024-10-10 19:36:28,859 - INFO - Attempting to connect to MySQL database: ielts_payment
2024-10-10 19:36:28,863 - INFO - Attempting to connect to MySQL database: ielts_database
2024-10-10 19:36:28,867 - INFO - Checking plan status for user ID: 6
2024-10-10 19:36:28,868 - INFO - Plan status is active for user ID: 6
2024-10-10 19:36:28,869 - ERROR - Error closing database connections: cannot access local variable 'ielts_cursor' where it is not associated with a value
2024-10-10 19:36:32,832 - INFO - Attempting to connect to MySQL database: ielts_payment
2024-10-10 19:36:32,834 - INFO - Attempting to connect to MySQL database: ielts_database
2024-10-10 19:36:32,837 - INFO - Checking plan status for user ID: 6
2024-10-10 19:36:32,838 - INFO - Plan status is active for user ID: 6
2024-10-10 19:36:32,839 - ERROR - Error closing database connections: cannot access local variable 'ielts_cursor' where it is not associated with a value
2024-10-10 19:36:32,851 - INFO - Attempting to connect to MySQL database: ielts_payment
2024-10-10 19:36:32,854 - INFO - Attempting to connect to MySQL database: ielts_database
2024-10-10 19:36:32,856 - INFO - Checking plan status for user ID: 6
2024-10-10 19:36:32,858 - INFO - Plan status is active for user ID: 6
2024-10-10 19:36:32,861 - ERROR - Error closing database connections: cannot access local variable 'ielts_cursor' where it is not associated with a value
2024-10-10 19:36:35,833 - INFO - Attempting to connect to MySQL database: ielts_payment
2024-10-10 19:36:35,835 - INFO - Attempting to connect to MySQL database: ielts_database
2024-10-10 19:36:35,838 - INFO - Checking plan status for user ID: 6
2024-10-10 19:36:35,840 - INFO - Plan status is active for user ID: 6
2024-10-10 19:36:35,842 - ERROR - Error closing database connections: cannot access local variable 'ielts_cursor' where it is not associated with a value
2024-10-10 19:36:35,851 - INFO - Attempting to connect to MySQL database: ielts_payment
2024-10-10 19:36:35,854 - INFO - Attempting to connect to MySQL database: ielts_database
2024-10-10 19:36:35,857 - INFO - Checking plan status for user ID: 6
2024-10-10 19:36:35,858 - INFO - Plan status is active for user ID: 6
2024-10-10 19:36:35,859 - ERROR - Error closing database connections: cannot access local variable 'ielts_cursor' where it is not associated with a value
2024-10-10 19:36:38,846 - INFO - Attempting to connect to MySQL database: ielts_payment
2024-10-10 19:36:38,848 - INFO - Attempting to connect to MySQL database: ielts_database
2024-10-10 19:36:38,850 - INFO - Checking plan status for user ID: 6
2024-10-10 19:36:38,854 - INFO - Plan status is active for user ID: 6
2024-10-10 19:36:38,855 - ERROR - Error closing database connections: cannot access local variable 'ielts_cursor' where it is not associated with a value
2024-10-10 19:36:38,868 - INFO - Attempting to connect to MySQL database: ielts_payment
2024-10-10 19:36:38,871 - INFO - Attempting to connect to MySQL database: ielts_database
2024-10-10 19:36:38,875 - INFO - Checking plan status for user ID: 6
2024-10-10 19:36:38,876 - INFO - Plan status is active for user ID: 6
2024-10-10 19:36:38,878 - ERROR - Error closing database connections: cannot access local variable 'ielts_cursor' where it is not associated with a value
2024-10-10 19:36:40,837 - INFO - Attempting to connect to MySQL database: ielts_payment
2024-10-10 19:36:40,839 - INFO - Attempting to connect to MySQL database: ielts_database
2024-10-10 19:36:40,842 - INFO - Checking plan status for user ID: 6
2024-10-10 19:36:40,845 - INFO - Plan status is active for user ID: 6
2024-10-10 19:36:40,846 - ERROR - Error closing database connections: cannot access local variable 'ielts_cursor' where it is not associated with a value
2024-10-10 19:36:40,856 - INFO - Attempting to connect to MySQL database: ielts_payment
2024-10-10 19:36:40,858 - INFO - Attempting to connect to MySQL database: ielts_database
2024-10-10 19:36:40,861 - INFO - Checking plan status for user ID: 6
2024-10-10 19:36:40,862 - INFO - Plan status is active for user ID: 6
2024-10-10 19:36:40,865 - ERROR - Error closing database connections: cannot access local variable 'ielts_cursor' where it is not associated with a value
2024-10-10 19:36:42,843 - INFO - Attempting to connect to MySQL database: ielts_payment
2024-10-10 19:36:42,845 - INFO - Attempting to connect to MySQL database: ielts_database
2024-10-10 19:36:42,848 - INFO - Checking plan status for user ID: 6
2024-10-10 19:36:42,850 - INFO - Plan status is active for user ID: 6
2024-10-10 19:36:42,852 - ERROR - Error closing database connections: cannot access local variable 'ielts_cursor' where it is not associated with a value
2024-10-10 19:36:42,862 - INFO - Attempting to connect to MySQL database: ielts_payment
2024-10-10 19:36:42,866 - INFO - Attempting to connect to MySQL database: ielts_database
2024-10-10 19:36:42,871 - INFO - Checking plan status for user ID: 6
2024-10-10 19:36:42,873 - INFO - Plan status is active for user ID: 6
2024-10-10 19:36:42,874 - ERROR - Error closing database connections: cannot access local variable 'ielts_cursor' where it is not associated with a value
2024-10-10 19:36:44,843 - INFO - Attempting to connect to MySQL database: ielts_payment
2024-10-10 19:36:44,845 - INFO - Attempting to connect to MySQL database: ielts_database
2024-10-10 19:36:44,848 - INFO - Checking plan status for user ID: 6
2024-10-10 19:36:44,850 - INFO - Plan status is active for user ID: 6
2024-10-10 19:36:44,851 - ERROR - Error closing database connections: cannot access local variable 'ielts_cursor' where it is not associated with a value
2024-10-10 19:36:44,860 - INFO - Attempting to connect to MySQL database: ielts_payment
2024-10-10 19:36:44,862 - INFO - Attempting to connect to MySQL database: ielts_database
2024-10-10 19:36:44,864 - INFO - Checking plan status for user ID: 6
2024-10-10 19:36:44,866 - INFO - Plan status is active for user ID: 6
2024-10-10 19:36:44,867 - ERROR - Error closing database connections: cannot access local variable 'ielts_cursor' where it is not associated with a value
2024-10-10 19:36:46,834 - INFO - Attempting to connect to MySQL database: ielts_payment
2024-10-10 19:36:46,836 - INFO - Attempting to connect to MySQL database: ielts_database
2024-10-10 19:36:46,840 - INFO - Checking plan status for user ID: 6
2024-10-10 19:36:46,841 - INFO - Plan status is active for user ID: 6
2024-10-10 19:36:46,842 - ERROR - Error closing database connections: cannot access local variable 'ielts_cursor' where it is not associated with a value
2024-10-10 19:36:46,857 - INFO - Attempting to connect to MySQL database: ielts_payment
2024-10-10 19:36:46,860 - INFO - Attempting to connect to MySQL database: ielts_database
2024-10-10 19:36:46,863 - INFO - Checking plan status for user ID: 6
2024-10-10 19:36:46,865 - INFO - Plan status is active for user ID: 6
2024-10-10 19:36:46,867 - ERROR - Error closing database connections: cannot access local variable 'ielts_cursor' where it is not associated with a value
2024-10-10 19:36:48,838 - INFO - Attempting to connect to MySQL database: ielts_payment
2024-10-10 19:36:48,841 - INFO - Attempting to connect to MySQL database: ielts_database
2024-10-10 19:36:48,843 - INFO - Checking plan status for user ID: 6
2024-10-10 19:36:48,844 - INFO - Plan status is active for user ID: 6
2024-10-10 19:36:48,846 - ERROR - Error closing database connections: cannot access local variable 'ielts_cursor' where it is not associated with a value
2024-10-10 19:36:48,855 - INFO - Attempting to connect to MySQL database: ielts_payment
2024-10-10 19:36:48,857 - INFO - Attempting to connect to MySQL database: ielts_database
2024-10-10 19:36:48,860 - INFO - Checking plan status for user ID: 6
2024-10-10 19:36:48,861 - INFO - Plan status is active for user ID: 6
2024-10-10 19:36:48,863 - ERROR - Error closing database connections: cannot access local variable 'ielts_cursor' where it is not associated with a value
2024-10-10 19:36:49,844 - INFO - Attempting to connect to MySQL database: ielts_payment
2024-10-10 19:36:49,846 - INFO - Attempting to connect to MySQL database: ielts_database
2024-10-10 19:36:49,848 - INFO - Checking plan status for user ID: 6
2024-10-10 19:36:49,849 - INFO - Plan status is active for user ID: 6
2024-10-10 19:36:49,850 - ERROR - Error closing database connections: cannot access local variable 'ielts_cursor' where it is not associated with a value
2024-10-10 19:36:49,858 - INFO - Attempting to connect to MySQL database: ielts_payment
2024-10-10 19:36:49,862 - INFO - Attempting to connect to MySQL database: ielts_database
2024-10-10 19:36:49,865 - INFO - Checking plan status for user ID: 6
2024-10-10 19:36:49,869 - INFO - Plan status is active for user ID: 6
2024-10-10 19:36:49,871 - ERROR - Error closing database connections: cannot access local variable 'ielts_cursor' where it is not associated with a value
2024-10-10 19:36:51,842 - INFO - Attempting to connect to MySQL database: ielts_payment
2024-10-10 19:36:51,844 - INFO - Attempting to connect to MySQL database: ielts_database
2024-10-10 19:36:51,846 - INFO - Checking plan status for user ID: 6
2024-10-10 19:36:51,848 - INFO - Plan status is active for user ID: 6
2024-10-10 19:36:51,850 - ERROR - Error closing database connections: cannot access local variable 'ielts_cursor' where it is not associated with a value
2024-10-10 19:36:51,858 - INFO - Attempting to connect to MySQL database: ielts_payment
2024-10-10 19:36:51,861 - INFO - Attempting to connect to MySQL database: ielts_database
2024-10-10 19:36:51,863 - INFO - Checking plan status for user ID: 6
2024-10-10 19:36:51,864 - INFO - Plan status is active for user ID: 6
2024-10-10 19:36:51,866 - ERROR - Error closing database connections: cannot access local variable 'ielts_cursor' where it is not associated with a value
2024-10-10 19:36:53,840 - INFO - Attempting to connect to MySQL database: ielts_payment
2024-10-10 19:36:53,842 - INFO - Attempting to connect to MySQL database: ielts_database
2024-10-10 19:36:53,844 - INFO - Checking plan status for user ID: 6
2024-10-10 19:36:53,846 - INFO - Plan status is active for user ID: 6
2024-10-10 19:36:53,847 - ERROR - Error closing database connections: cannot access local variable 'ielts_cursor' where it is not associated with a value
2024-10-10 19:36:53,858 - INFO - Attempting to connect to MySQL database: ielts_payment
2024-10-10 19:36:53,860 - INFO - Attempting to connect to MySQL database: ielts_database
2024-10-10 19:36:53,863 - INFO - Checking plan status for user ID: 6
2024-10-10 19:36:53,864 - INFO - Plan status is active for user ID: 6
2024-10-10 19:36:53,865 - ERROR - Error closing database connections: cannot access local variable 'ielts_cursor' where it is not associated with a value
2024-10-10 19:36:56,839 - INFO - Attempting to connect to MySQL database: ielts_payment
2024-10-10 19:36:56,840 - INFO - Attempting to connect to MySQL database: ielts_database
2024-10-10 19:36:56,844 - INFO - Checking plan status for user ID: 6
2024-10-10 19:36:56,845 - INFO - Plan status is active for user ID: 6
2024-10-10 19:36:56,847 - ERROR - Error closing database connections: cannot access local variable 'ielts_cursor' where it is not associated with a value
2024-10-10 19:36:56,855 - INFO - Attempting to connect to MySQL database: ielts_payment
2024-10-10 19:36:56,858 - INFO - Attempting to connect to MySQL database: ielts_database
2024-10-10 19:36:56,861 - INFO - Checking plan status for user ID: 6
2024-10-10 19:36:56,863 - INFO - Plan status is active for user ID: 6
2024-10-10 19:36:56,866 - ERROR - Error closing database connections: cannot access local variable 'ielts_cursor' where it is not associated with a value
2024-10-10 19:36:58,848 - INFO - Attempting to connect to MySQL database: ielts_payment
2024-10-10 19:36:58,851 - INFO - Attempting to connect to MySQL database: ielts_database
2024-10-10 19:36:58,854 - INFO - Checking plan status for user ID: 6
2024-10-10 19:36:58,856 - INFO - Plan status is active for user ID: 6
2024-10-10 19:36:58,858 - ERROR - Error closing database connections: cannot access local variable 'ielts_cursor' where it is not associated with a value
2024-10-10 19:36:58,868 - INFO - Attempting to connect to MySQL database: ielts_payment
2024-10-10 19:36:58,874 - INFO - Attempting to connect to MySQL database: ielts_database
2024-10-10 19:36:58,877 - INFO - Checking plan status for user ID: 6
2024-10-10 19:36:58,878 - INFO - Plan status is active for user ID: 6
2024-10-10 19:36:58,880 - ERROR - Error closing database connections: cannot access local variable 'ielts_cursor' where it is not associated with a value
2024-10-10 19:37:00,837 - INFO - Attempting to connect to MySQL database: ielts_payment
2024-10-10 19:37:00,839 - INFO - Attempting to connect to MySQL database: ielts_database
2024-10-10 19:37:00,842 - INFO - Checking plan status for user ID: 6
2024-10-10 19:37:00,843 - INFO - Plan status is active for user ID: 6
2024-10-10 19:37:00,846 - ERROR - Error closing database connections: cannot access local variable 'ielts_cursor' where it is not associated with a value
2024-10-10 19:37:00,855 - INFO - Attempting to connect to MySQL database: ielts_payment
2024-10-10 19:37:00,857 - INFO - Attempting to connect to MySQL database: ielts_database
2024-10-10 19:37:00,859 - INFO - Checking plan status for user ID: 6
2024-10-10 19:37:00,861 - INFO - Plan status is active for user ID: 6
2024-10-10 19:37:00,862 - ERROR - Error closing database connections: cannot access local variable 'ielts_cursor' where it is not associated with a value
2024-10-10 19:37:03,860 - INFO - Attempting to connect to MySQL database: ielts_payment
2024-10-10 19:37:03,866 - INFO - Attempting to connect to MySQL database: ielts_database
2024-10-10 19:37:03,874 - INFO - Checking plan status for user ID: 6
2024-10-10 19:37:03,877 - INFO - Plan status is active for user ID: 6
2024-10-10 19:37:03,880 - ERROR - Error closing database connections: cannot access local variable 'ielts_cursor' where it is not associated with a value
2024-10-10 19:37:03,915 - INFO - Attempting to connect to MySQL database: ielts_payment
2024-10-10 19:37:03,933 - INFO - Attempting to connect to MySQL database: ielts_database
2024-10-10 19:37:03,941 - INFO - Checking plan status for user ID: 6
2024-10-10 19:37:03,944 - INFO - Plan status is active for user ID: 6
2024-10-10 19:37:03,946 - ERROR - Error closing database connections: cannot access local variable 'ielts_cursor' where it is not associated with a value
2024-10-10 19:37:05,832 - INFO - Attempting to connect to MySQL database: ielts_payment
2024-10-10 19:37:05,834 - INFO - Attempting to connect to MySQL database: ielts_database
2024-10-10 19:37:05,837 - INFO - Checking plan status for user ID: 6
2024-10-10 19:37:05,839 - INFO - Plan status is active for user ID: 6
2024-10-10 19:37:05,842 - ERROR - Error closing database connections: cannot access local variable 'ielts_cursor' where it is not associated with a value
2024-10-10 19:37:05,855 - INFO - Attempting to connect to MySQL database: ielts_payment
2024-10-10 19:37:05,857 - INFO - Attempting to connect to MySQL database: ielts_database
2024-10-10 19:37:05,861 - INFO - Checking plan status for user ID: 6
2024-10-10 19:37:05,863 - INFO - Plan status is active for user ID: 6
2024-10-10 19:37:05,865 - ERROR - Error closing database connections: cannot access local variable 'ielts_cursor' where it is not associated with a value
2024-10-10 19:37:07,847 - INFO - Attempting to connect to MySQL database: ielts_payment
2024-10-10 19:37:07,853 - INFO - Attempting to connect to MySQL database: ielts_database
2024-10-10 19:37:07,863 - INFO - Checking plan status for user ID: 6
2024-10-10 19:37:07,865 - INFO - Plan status is active for user ID: 6
2024-10-10 19:37:07,870 - ERROR - Error closing database connections: cannot access local variable 'ielts_cursor' where it is not associated with a value
2024-10-10 19:37:07,989 - INFO - Attempting to connect to MySQL database: ielts_payment
2024-10-10 19:37:07,995 - INFO - Attempting to connect to MySQL database: ielts_database
2024-10-10 19:37:07,998 - INFO - Checking plan status for user ID: 6
2024-10-10 19:37:07,999 - INFO - Plan status is active for user ID: 6
2024-10-10 19:37:08,000 - ERROR - Error closing database connections: cannot access local variable 'ielts_cursor' where it is not associated with a value
2024-10-10 19:37:09,848 - INFO - Attempting to connect to MySQL database: ielts_payment
2024-10-10 19:37:09,850 - INFO - Attempting to connect to MySQL database: ielts_database
2024-10-10 19:37:09,853 - INFO - Checking plan status for user ID: 6
2024-10-10 19:37:09,854 - INFO - Plan status is active for user ID: 6
2024-10-10 19:37:09,855 - ERROR - Error closing database connections: cannot access local variable 'ielts_cursor' where it is not associated with a value
2024-10-10 19:37:09,871 - INFO - Attempting to connect to MySQL database: ielts_payment
2024-10-10 19:37:09,873 - INFO - Attempting to connect to MySQL database: ielts_database
2024-10-10 19:37:09,880 - INFO - Checking plan status for user ID: 6
2024-10-10 19:37:09,882 - INFO - Plan status is active for user ID: 6
2024-10-10 19:37:09,883 - ERROR - Error closing database connections: cannot access local variable 'ielts_cursor' where it is not associated with a value
2024-10-10 19:37:17,837 - INFO - Attempting to connect to MySQL database: ielts_payment
2024-10-10 19:37:17,839 - INFO - Attempting to connect to MySQL database: ielts_database
2024-10-10 19:37:17,842 - INFO - Checking plan status for user ID: 6
2024-10-10 19:37:17,843 - INFO - Plan status is active for user ID: 6
2024-10-10 19:37:17,845 - ERROR - Error closing database connections: cannot access local variable 'ielts_cursor' where it is not associated with a value
2024-10-10 19:37:17,855 - INFO - Attempting to connect to MySQL database: ielts_payment
2024-10-10 19:37:17,864 - INFO - Attempting to connect to MySQL database: ielts_database
2024-10-10 19:37:17,869 - INFO - Checking plan status for user ID: 6
2024-10-10 19:37:17,870 - INFO - Plan status is active for user ID: 6
2024-10-10 19:37:17,871 - ERROR - Error closing database connections: cannot access local variable 'ielts_cursor' where it is not associated with a value
2024-10-10 19:37:21,277 - INFO - Attempting to connect to MySQL database: ielts_payment
2024-10-10 19:37:21,281 - INFO - Attempting to connect to MySQL database: ielts_database
2024-10-10 19:37:21,283 - INFO - Checking plan status for user ID: 6
2024-10-10 19:37:21,285 - INFO - Plan status is active for user ID: 6
2024-10-10 19:37:21,288 - ERROR - Error closing database connections: cannot access local variable 'ielts_cursor' where it is not associated with a value
2024-10-10 19:37:21,309 - INFO - Attempting to connect to MySQL database: ielts_payment
2024-10-10 19:37:21,312 - INFO - Attempting to connect to MySQL database: ielts_database
2024-10-10 19:37:21,314 - INFO - Checking plan status for user ID: 6
2024-10-10 19:37:21,315 - INFO - Plan status is active for user ID: 6
2024-10-10 19:37:21,317 - ERROR - Error closing database connections: cannot access local variable 'ielts_cursor' where it is not associated with a value
2024-10-10 19:38:12,076 - INFO - Attempting to connect to MySQL database: ielts_payment
2024-10-10 19:38:12,078 - INFO - Attempting to connect to MySQL database: ielts_database
2024-10-10 19:38:12,081 - INFO - Checking plan status for user ID: 6
2024-10-10 19:38:12,082 - INFO - Plan status is active for user ID: 6
2024-10-10 19:38:12,083 - ERROR - Error closing database connections: cannot access local variable 'ielts_cursor' where it is not associated with a value
2024-10-10 19:38:12,090 - INFO - Attempting to connect to MySQL database: ielts_payment
2024-10-10 19:38:12,101 - INFO - Attempting to connect to MySQL database: ielts_database
2024-10-10 19:38:12,105 - INFO - Checking plan status for user ID: 6
2024-10-10 19:38:12,106 - INFO - Plan status is active for user ID: 6
2024-10-10 19:38:12,107 - ERROR - Error closing database connections: cannot access local variable 'ielts_cursor' where it is not associated with a value
2024-10-10 19:38:21,071 - INFO - Attempting to connect to MySQL database: ielts_payment
2024-10-10 19:38:21,074 - INFO - Attempting to connect to MySQL database: ielts_database
2024-10-10 19:38:21,076 - INFO - Checking plan status for user ID: 6
2024-10-10 19:38:21,078 - INFO - Plan status is active for user ID: 6
2024-10-10 19:38:21,080 - ERROR - Error closing database connections: cannot access local variable 'ielts_cursor' where it is not associated with a value
2024-10-10 19:38:21,089 - INFO - Attempting to connect to MySQL database: ielts_payment
2024-10-10 19:38:21,092 - INFO - Attempting to connect to MySQL database: ielts_database
2024-10-10 19:38:21,095 - INFO - Checking plan status for user ID: 6
2024-10-10 19:38:21,096 - INFO - Plan status is active for user ID: 6
2024-10-10 19:38:21,098 - ERROR - Error closing database connections: cannot access local variable 'ielts_cursor' where it is not associated with a value
2024-10-10 19:38:25,177 - INFO - Attempting to connect to MySQL database: ielts_payment
2024-10-10 19:38:25,179 - INFO - Attempting to connect to MySQL database: ielts_database
2024-10-10 19:38:25,182 - INFO - Checking plan status for user ID: 6
2024-10-10 19:38:25,183 - INFO - Plan status is active for user ID: 6
2024-10-10 19:38:25,185 - ERROR - Error closing database connections: cannot access local variable 'ielts_cursor' where it is not associated with a value
2024-10-10 19:42:00,420 - INFO - Attempting to connect to MySQL database: ielts_payment
2024-10-10 19:42:00,423 - INFO - Attempting to connect to MySQL database: ielts_database
2024-10-10 19:42:00,426 - INFO - Checking plan status for user ID: 6
2024-10-10 19:42:00,428 - INFO - Plan status is active for user ID: 6
2024-10-10 19:42:00,429 - ERROR - Error closing database connections: cannot access local variable 'ielts_cursor' where it is not associated with a value
2024-10-10 19:42:00,442 - INFO - Attempting to connect to MySQL database: ielts_payment
2024-10-10 19:42:00,445 - INFO - Attempting to connect to MySQL database: ielts_database
2024-10-10 19:42:00,448 - INFO - Checking plan status for user ID: 6
2024-10-10 19:42:00,449 - INFO - Plan status is active for user ID: 6
2024-10-10 19:42:00,451 - ERROR - Error closing database connections: cannot access local variable 'ielts_cursor' where it is not associated with a value
2024-10-10 19:42:16,925 - INFO - Attempting to connect to MySQL database: ielts_payment
2024-10-10 19:42:16,929 - INFO - Attempting to connect to MySQL database: ielts_database
2024-10-10 19:42:16,932 - INFO - Checking plan status for user ID: 6
2024-10-10 19:42:16,933 - INFO - Plan status is active for user ID: 6
2024-10-10 19:42:16,935 - ERROR - Error closing database connections: cannot access local variable 'ielts_cursor' where it is not associated with a value
2024-10-10 19:42:16,946 - INFO - Attempting to connect to MySQL database: ielts_payment
2024-10-10 19:42:16,955 - INFO - Attempting to connect to MySQL database: ielts_database
2024-10-10 19:42:16,958 - INFO - Checking plan status for user ID: 6
2024-10-10 19:42:16,959 - INFO - Plan status is active for user ID: 6
2024-10-10 19:42:16,960 - ERROR - Error closing database connections: cannot access local variable 'ielts_cursor' where it is not associated with a value
2024-10-10 19:42:35,197 - INFO - Attempting to connect to MySQL database: ielts_payment
2024-10-10 19:42:35,199 - INFO - Attempting to connect to MySQL database: ielts_database
2024-10-10 19:42:35,202 - INFO - Checking plan status for user ID: 6
2024-10-10 19:42:35,204 - INFO - Plan status is active for user ID: 6
2024-10-10 19:42:35,206 - ERROR - Error closing database connections: cannot access local variable 'ielts_cursor' where it is not associated with a value
2024-10-10 19:42:40,247 - INFO - Attempting to connect to MySQL database: ielts_payment
2024-10-10 19:42:40,249 - INFO - Attempting to connect to MySQL database: ielts_database
2024-10-10 19:42:40,252 - INFO - Checking plan status for user ID: 6
2024-10-10 19:42:40,254 - INFO - Plan status is active for user ID: 6
2024-10-10 19:42:40,256 - ERROR - Error closing database connections: cannot access local variable 'ielts_cursor' where it is not associated with a value
2024-10-10 19:42:42,804 - INFO - Attempting to connect to MySQL database: ielts_payment
2024-10-10 19:42:42,806 - INFO - Attempting to connect to MySQL database: ielts_database
2024-10-10 19:42:42,809 - INFO - Checking plan status for user ID: 6
2024-10-10 19:42:42,810 - INFO - Plan status is active for user ID: 6
2024-10-10 19:42:42,811 - ERROR - Error closing database connections: cannot access local variable 'ielts_cursor' where it is not associated with a value
2024-10-10 19:42:59,146 - INFO - Attempting to connect to MySQL database: ielts_payment
2024-10-10 19:42:59,148 - INFO - Attempting to connect to MySQL database: ielts_database
2024-10-10 19:42:59,151 - INFO - Checking plan status for user ID: 6
2024-10-10 19:42:59,152 - INFO - Plan status is active for user ID: 6
2024-10-10 19:42:59,153 - ERROR - Error closing database connections: cannot access local variable 'ielts_cursor' where it is not associated with a value
2024-10-10 19:43:04,232 - INFO - Attempting to connect to MySQL database: ielts_payment
2024-10-10 19:43:04,234 - INFO - Attempting to connect to MySQL database: ielts_database
2024-10-10 19:43:04,236 - INFO - Checking plan status for user ID: 6
2024-10-10 19:43:04,237 - INFO - Plan status is active for user ID: 6
2024-10-10 19:43:04,238 - ERROR - Error closing database connections: cannot access local variable 'ielts_cursor' where it is not associated with a value
2024-10-10 19:43:23,116 - INFO - Attempting to connect to MySQL database: ielts_payment
2024-10-10 19:43:23,118 - INFO - Attempting to connect to MySQL database: ielts_database
2024-10-10 19:43:23,120 - INFO - Checking plan status for user ID: 6
2024-10-10 19:43:23,122 - INFO - Plan status is active for user ID: 6
2024-10-10 19:43:23,123 - ERROR - Error closing database connections: cannot access local variable 'ielts_cursor' where it is not associated with a value
2024-10-10 19:43:25,230 - INFO - Attempting to connect to MySQL database: ielts_payment
2024-10-10 19:43:25,233 - INFO - Attempting to connect to MySQL database: ielts_database
2024-10-10 19:43:25,235 - INFO - Checking plan status for user ID: 6
2024-10-10 19:43:25,236 - INFO - Plan status is active for user ID: 6
2024-10-10 19:43:25,238 - ERROR - Error closing database connections: cannot access local variable 'ielts_cursor' where it is not associated with a value
2024-10-10 19:50:01,475 - INFO - Attempting to connect to MySQL database: ielts_payment
2024-10-10 19:50:01,477 - INFO - Attempting to connect to MySQL database: ielts_database
2024-10-10 19:50:01,480 - INFO - Checking plan status for user ID: 6
2024-10-10 19:50:01,483 - INFO - Plan status is active for user ID: 6
2024-10-10 19:50:01,485 - ERROR - Error closing database connections: cannot access local variable 'ielts_cursor' where it is not associated with a value
2024-10-10 19:50:04,228 - INFO - Attempting to connect to MySQL database: ielts_payment
2024-10-10 19:50:04,230 - INFO - Attempting to connect to MySQL database: ielts_database
2024-10-10 19:50:04,234 - INFO - Checking plan status for user ID: 6
2024-10-10 19:50:04,236 - INFO - Plan status is active for user ID: 6
2024-10-10 19:50:04,238 - ERROR - Error closing database connections: cannot access local variable 'ielts_cursor' where it is not associated with a value
2024-10-10 19:51:21,244 - INFO - Attempting to connect to MySQL database: ielts_payment
2024-10-10 19:51:21,246 - INFO - Attempting to connect to MySQL database: ielts_database
2024-10-10 19:51:21,249 - INFO - Checking plan status for user ID: 6
2024-10-10 19:51:21,250 - INFO - Plan status is active for user ID: 6
2024-10-10 19:51:21,252 - ERROR - Error closing database connections: cannot access local variable 'ielts_cursor' where it is not associated with a value
2024-10-10 19:53:38,267 - INFO - Attempting to connect to MySQL database: ielts_payment
2024-10-10 19:53:38,270 - INFO - Attempting to connect to MySQL database: ielts_database
2024-10-10 19:53:38,272 - INFO - Checking plan status for user ID: 6
2024-10-10 19:53:38,274 - INFO - Plan status is active for user ID: 6
2024-10-10 19:53:38,280 - ERROR - Error closing database connections: cannot access local variable 'ielts_cursor' where it is not associated with a value
2024-10-10 19:53:38,291 - INFO - Attempting to connect to MySQL database: ielts_payment
2024-10-10 19:53:38,297 - INFO - Attempting to connect to MySQL database: ielts_database
2024-10-10 19:53:38,300 - INFO - Checking plan status for user ID: 6
2024-10-10 19:53:38,302 - INFO - Plan status is active for user ID: 6
2024-10-10 19:53:38,304 - ERROR - Error closing database connections: cannot access local variable 'ielts_cursor' where it is not associated with a value
2024-10-10 19:54:13,255 - INFO - Attempting to connect to MySQL database: ielts_payment
2024-10-10 19:54:13,257 - INFO - Attempting to connect to MySQL database: ielts_database
2024-10-10 19:54:13,260 - INFO - Checking plan status for user ID: 6
2024-10-10 19:54:13,262 - INFO - Plan status is active for user ID: 6
2024-10-10 19:54:13,263 - ERROR - Error closing database connections: cannot access local variable 'ielts_cursor' where it is not associated with a value
2024-10-10 19:54:20,345 - INFO - Attempting to connect to MySQL database: ielts_payment
2024-10-10 19:54:20,347 - INFO - Attempting to connect to MySQL database: ielts_database
2024-10-10 19:54:20,350 - INFO - Checking plan status for user ID: 6
2024-10-10 19:54:20,351 - INFO - Plan status is active for user ID: 6
2024-10-10 19:54:20,353 - ERROR - Error closing database connections: cannot access local variable 'ielts_cursor' where it is not associated with a value
2024-10-10 19:54:23,164 - INFO - Attempting to connect to MySQL database: ielts_payment
2024-10-10 19:54:23,166 - INFO - Attempting to connect to MySQL database: ielts_database
2024-10-10 19:54:23,168 - INFO - Checking plan status for user ID: 6
2024-10-10 19:54:23,170 - INFO - Plan status is active for user ID: 6
2024-10-10 19:54:23,171 - ERROR - Error closing database connections: cannot access local variable 'ielts_cursor' where it is not associated with a value
2024-10-10 19:54:28,239 - INFO - Attempting to connect to MySQL database: ielts_payment
2024-10-10 19:54:28,241 - INFO - Attempting to connect to MySQL database: ielts_database
2024-10-10 19:54:28,243 - INFO - Checking plan status for user ID: 6
2024-10-10 19:54:28,244 - INFO - Plan status is active for user ID: 6
2024-10-10 19:54:28,246 - ERROR - Error closing database connections: cannot access local variable 'ielts_cursor' where it is not associated with a value
2024-10-10 19:54:38,223 - INFO - Attempting to connect to MySQL database: ielts_payment
2024-10-10 19:54:38,226 - INFO - Attempting to connect to MySQL database: ielts_database
2024-10-10 19:54:38,228 - INFO - Checking plan status for user ID: 6
2024-10-10 19:54:38,229 - INFO - Plan status is active for user ID: 6
2024-10-10 19:54:38,231 - ERROR - Error closing database connections: cannot access local variable 'ielts_cursor' where it is not associated with a value
2024-10-10 19:54:43,218 - INFO - Attempting to connect to MySQL database: ielts_payment
2024-10-10 19:54:43,220 - INFO - Attempting to connect to MySQL database: ielts_database
2024-10-10 19:54:43,223 - INFO - Checking plan status for user ID: 6
2024-10-10 19:54:43,224 - INFO - Plan status is active for user ID: 6
2024-10-10 19:54:43,226 - ERROR - Error closing database connections: cannot access local variable 'ielts_cursor' where it is not associated with a value
2024-10-10 19:54:52,191 - INFO - Attempting to connect to MySQL database: ielts_payment
2024-10-10 19:54:52,195 - INFO - Attempting to connect to MySQL database: ielts_database
2024-10-10 19:54:52,197 - INFO - Checking plan status for user ID: 6
2024-10-10 19:54:52,198 - INFO - Plan status is active for user ID: 6
2024-10-10 19:54:52,199 - ERROR - Error closing database connections: cannot access local variable 'ielts_cursor' where it is not associated with a value
2024-10-10 19:54:56,808 - INFO - Attempting to connect to MySQL database: ielts_payment
2024-10-10 19:54:56,810 - INFO - Attempting to connect to MySQL database: ielts_database
2024-10-10 19:54:56,813 - INFO - Checking plan status for user ID: 6
2024-10-10 19:54:56,814 - INFO - Plan status is active for user ID: 6
2024-10-10 19:54:56,816 - ERROR - Error closing database connections: cannot access local variable 'ielts_cursor' where it is not associated with a value
2024-10-10 19:55:08,143 - INFO - Attempting to connect to MySQL database: ielts_payment
2024-10-10 19:55:08,145 - INFO - Attempting to connect to MySQL database: ielts_database
2024-10-10 19:55:08,148 - INFO - Checking plan status for user ID: 6
2024-10-10 19:55:08,149 - INFO - Plan status is active for user ID: 6
2024-10-10 19:55:08,150 - ERROR - Error closing database connections: cannot access local variable 'ielts_cursor' where it is not associated with a value
2024-10-10 19:55:11,174 - INFO - Attempting to connect to MySQL database: ielts_payment
2024-10-10 19:55:11,177 - INFO - Attempting to connect to MySQL database: ielts_database
2024-10-10 19:55:11,179 - INFO - Checking plan status for user ID: 6
2024-10-10 19:55:11,180 - INFO - Plan status is active for user ID: 6
2024-10-10 19:55:11,181 - ERROR - Error closing database connections: cannot access local variable 'ielts_cursor' where it is not associated with a value
2024-10-10 19:55:13,152 - INFO - Attempting to connect to MySQL database: ielts_payment
2024-10-10 19:55:13,154 - INFO - Attempting to connect to MySQL database: ielts_database
2024-10-10 19:55:13,157 - INFO - Checking plan status for user ID: 6
2024-10-10 19:55:13,158 - INFO - Plan status is active for user ID: 6
2024-10-10 19:55:13,160 - ERROR - Error closing database connections: cannot access local variable 'ielts_cursor' where it is not associated with a value
2024-10-10 19:55:20,199 - INFO - Attempting to connect to MySQL database: ielts_payment
2024-10-10 19:55:20,201 - INFO - Attempting to connect to MySQL database: ielts_database
2024-10-10 19:55:20,204 - INFO - Checking plan status for user ID: 6
2024-10-10 19:55:20,206 - INFO - Plan status is active for user ID: 6
2024-10-10 19:55:20,207 - ERROR - Error closing database connections: cannot access local variable 'ielts_cursor' where it is not associated with a value
2024-10-10 19:55:22,163 - INFO - Attempting to connect to MySQL database: ielts_payment
2024-10-10 19:55:22,165 - INFO - Attempting to connect to MySQL database: ielts_database
2024-10-10 19:55:22,168 - INFO - Checking plan status for user ID: 6
2024-10-10 19:55:22,169 - INFO - Plan status is active for user ID: 6
2024-10-10 19:55:22,170 - ERROR - Error closing database connections: cannot access local variable 'ielts_cursor' where it is not associated with a value
2024-10-10 19:55:24,142 - INFO - Attempting to connect to MySQL database: ielts_payment
2024-10-10 19:55:24,144 - INFO - Attempting to connect to MySQL database: ielts_database
2024-10-10 19:55:24,147 - INFO - Checking plan status for user ID: 6
2024-10-10 19:55:24,148 - INFO - Plan status is active for user ID: 6
2024-10-10 19:55:24,149 - ERROR - Error closing database connections: cannot access local variable 'ielts_cursor' where it is not associated with a value
2024-10-10 19:55:37,152 - INFO - Attempting to connect to MySQL database: ielts_payment
2024-10-10 19:55:37,154 - INFO - Attempting to connect to MySQL database: ielts_database
2024-10-10 19:55:37,157 - INFO - Checking plan status for user ID: 6
2024-10-10 19:55:37,159 - INFO - Plan status is active for user ID: 6
2024-10-10 19:55:37,160 - ERROR - Error closing database connections: cannot access local variable 'ielts_cursor' where it is not associated with a value
2024-10-10 19:55:42,173 - INFO - Attempting to connect to MySQL database: ielts_payment
2024-10-10 19:55:42,175 - INFO - Attempting to connect to MySQL database: ielts_database
2024-10-10 19:55:42,178 - INFO - Checking plan status for user ID: 6
2024-10-10 19:55:42,179 - INFO - Plan status is active for user ID: 6
2024-10-10 19:55:42,180 - ERROR - Error closing database connections: cannot access local variable 'ielts_cursor' where it is not associated with a value
2024-10-10 20:03:18,301 - INFO - Attempting to connect to MySQL database: ielts_payment
2024-10-10 20:03:18,304 - INFO - Attempting to connect to MySQL database: ielts_database
2024-10-10 20:03:18,306 - INFO - Checking plan status for user ID: 6
2024-10-10 20:03:18,307 - INFO - Plan status is active for user ID: 6
2024-10-10 20:03:18,309 - ERROR - Error closing database connections: cannot access local variable 'ielts_cursor' where it is not associated with a value
2024-10-10 20:03:19,369 - INFO - Attempting to connect to MySQL database: ielts_payment
2024-10-10 20:03:19,371 - INFO - Attempting to connect to MySQL database: ielts_database
2024-10-10 20:03:19,375 - INFO - Checking plan status for user ID: 6
2024-10-10 20:03:19,376 - INFO - Plan status is active for user ID: 6
2024-10-10 20:03:19,381 - ERROR - Error closing database connections: cannot access local variable 'ielts_cursor' where it is not associated with a value
2024-10-10 20:03:37,175 - INFO - Attempting to connect to MySQL database: ielts_payment
2024-10-10 20:03:37,177 - INFO - Attempting to connect to MySQL database: ielts_database
2024-10-10 20:03:37,179 - INFO - Checking plan status for user ID: 6
2024-10-10 20:03:37,181 - INFO - Plan status is active for user ID: 6
2024-10-10 20:03:37,182 - ERROR - Error closing database connections: cannot access local variable 'ielts_cursor' where it is not associated with a value
2024-10-10 20:03:46,214 - INFO - Attempting to connect to MySQL database: ielts_payment
2024-10-10 20:03:46,216 - INFO - Attempting to connect to MySQL database: ielts_database
2024-10-10 20:03:46,219 - INFO - Checking plan status for user ID: 6
2024-10-10 20:03:46,221 - INFO - Plan status is active for user ID: 6
2024-10-10 20:03:46,222 - ERROR - Error closing database connections: cannot access local variable 'ielts_cursor' where it is not associated with a value
2024-10-10 20:04:00,245 - INFO - Attempting to connect to MySQL database: ielts_payment
2024-10-10 20:04:00,247 - INFO - Attempting to connect to MySQL database: ielts_database
2024-10-10 20:04:00,250 - INFO - Checking plan status for user ID: 6
2024-10-10 20:04:00,253 - INFO - Plan status is active for user ID: 6
2024-10-10 20:04:00,254 - ERROR - Error closing database connections: cannot access local variable 'ielts_cursor' where it is not associated with a value
2024-10-10 20:04:12,197 - INFO - Attempting to connect to MySQL database: ielts_payment
2024-10-10 20:04:12,199 - INFO - Attempting to connect to MySQL database: ielts_database
2024-10-10 20:04:12,202 - INFO - Checking plan status for user ID: 6
2024-10-10 20:04:12,204 - INFO - Plan status is active for user ID: 6
2024-10-10 20:04:12,205 - ERROR - Error closing database connections: cannot access local variable 'ielts_cursor' where it is not associated with a value
2024-10-10 20:04:14,213 - INFO - Attempting to connect to MySQL database: ielts_payment
2024-10-10 20:04:14,216 - INFO - Attempting to connect to MySQL database: ielts_database
2024-10-10 20:04:14,218 - INFO - Checking plan status for user ID: 6
2024-10-10 20:04:14,220 - INFO - Plan status is active for user ID: 6
2024-10-10 20:04:14,222 - ERROR - Error closing database connections: cannot access local variable 'ielts_cursor' where it is not associated with a value
2024-10-10 20:04:19,193 - INFO - Attempting to connect to MySQL database: ielts_payment
2024-10-10 20:04:19,195 - INFO - Attempting to connect to MySQL database: ielts_database
2024-10-10 20:04:19,198 - INFO - Checking plan status for user ID: 6
2024-10-10 20:04:19,200 - INFO - Plan status is active for user ID: 6
2024-10-10 20:04:19,202 - ERROR - Error closing database connections: cannot access local variable 'ielts_cursor' where it is not associated with a value
2024-10-10 20:04:39,353 - INFO - Attempting to connect to MySQL database: ielts_payment
2024-10-10 20:04:39,355 - INFO - Attempting to connect to MySQL database: ielts_database
2024-10-10 20:04:39,358 - INFO - Checking plan status for user ID: 6
2024-10-10 20:04:39,359 - INFO - Plan status is active for user ID: 6
2024-10-10 20:04:39,360 - ERROR - Error closing database connections: cannot access local variable 'ielts_cursor' where it is not associated with a value
2024-10-10 20:04:48,285 - INFO - Attempting to connect to MySQL database: ielts_payment
2024-10-10 20:04:48,288 - INFO - Attempting to connect to MySQL database: ielts_database
2024-10-10 20:04:48,291 - INFO - Checking plan status for user ID: 6
2024-10-10 20:04:48,292 - INFO - Plan status is active for user ID: 6
2024-10-10 20:04:48,294 - ERROR - Error closing database connections: cannot access local variable 'ielts_cursor' where it is not associated with a value
2024-10-10 20:05:00,197 - INFO - Attempting to connect to MySQL database: ielts_payment
2024-10-10 20:05:00,199 - INFO - Attempting to connect to MySQL database: ielts_database
2024-10-10 20:05:00,202 - INFO - Checking plan status for user ID: 6
2024-10-10 20:05:00,204 - INFO - Plan status is active for user ID: 6
2024-10-10 20:05:00,206 - ERROR - Error closing database connections: cannot access local variable 'ielts_cursor' where it is not associated with a value
2024-10-10 20:06:06,353 - INFO - Attempting to connect to MySQL database: ielts_payment
2024-10-10 20:06:06,356 - INFO - Attempting to connect to MySQL database: ielts_database
2024-10-10 20:06:06,359 - INFO - Checking plan status for user ID: 6
2024-10-10 20:06:06,359 - INFO - Plan status is active for user ID: 6
2024-10-10 20:06:06,360 - ERROR - Error closing database connections: cannot access local variable 'ielts_cursor' where it is not associated with a value
2024-10-10 20:06:09,223 - INFO - Attempting to connect to MySQL database: ielts_payment
2024-10-10 20:06:09,225 - INFO - Attempting to connect to MySQL database: ielts_database
2024-10-10 20:06:09,229 - INFO - Checking plan status for user ID: 6
2024-10-10 20:06:09,230 - INFO - Plan status is active for user ID: 6
2024-10-10 20:06:09,232 - ERROR - Error closing database connections: cannot access local variable 'ielts_cursor' where it is not associated with a value
2024-10-10 20:06:15,160 - INFO - Attempting to connect to MySQL database: ielts_payment
2024-10-10 20:06:15,163 - INFO - Attempting to connect to MySQL database: ielts_database
2024-10-10 20:06:15,165 - INFO - Checking plan status for user ID: 6
2024-10-10 20:06:15,167 - INFO - Plan status is active for user ID: 6
2024-10-10 20:06:15,169 - ERROR - Error closing database connections: cannot access local variable 'ielts_cursor' where it is not associated with a value
2024-10-10 20:06:17,139 - INFO - Attempting to connect to MySQL database: ielts_payment
2024-10-10 20:06:17,141 - INFO - Attempting to connect to MySQL database: ielts_database
2024-10-10 20:06:17,142 - INFO - Checking plan status for user ID: 6
2024-10-10 20:06:17,143 - INFO - Plan status is active for user ID: 6
2024-10-10 20:06:17,144 - ERROR - Error closing database connections: cannot access local variable 'ielts_cursor' where it is not associated with a value
2024-10-10 20:06:21,185 - INFO - Attempting to connect to MySQL database: ielts_payment
2024-10-10 20:06:21,187 - INFO - Attempting to connect to MySQL database: ielts_database
2024-10-10 20:06:21,189 - INFO - Checking plan status for user ID: 6
2024-10-10 20:06:21,190 - INFO - Plan status is active for user ID: 6
2024-10-10 20:06:21,191 - ERROR - Error closing database connections: cannot access local variable 'ielts_cursor' where it is not associated with a value
2024-10-10 20:06:55,308 - INFO - Attempting to connect to MySQL database: ielts_payment
2024-10-10 20:06:55,311 - INFO - Attempting to connect to MySQL database: ielts_database
2024-10-10 20:06:55,313 - INFO - Checking plan status for user ID: 6
2024-10-10 20:06:55,315 - INFO - Plan status is active for user ID: 6
2024-10-10 20:06:55,316 - ERROR - Error closing database connections: cannot access local variable 'ielts_cursor' where it is not associated with a value
2024-10-10 20:07:00,834 - INFO - Attempting to connect to MySQL database: ielts_payment
2024-10-10 20:07:00,836 - INFO - Attempting to connect to MySQL database: ielts_database
2024-10-10 20:07:00,838 - INFO - Checking plan status for user ID: 6
2024-10-10 20:07:00,840 - INFO - Plan status is active for user ID: 6
2024-10-10 20:07:00,841 - ERROR - Error closing database connections: cannot access local variable 'ielts_cursor' where it is not associated with a value
2024-10-10 20:07:21,199 - INFO - Attempting to connect to MySQL database: ielts_payment
2024-10-10 20:07:21,202 - INFO - Attempting to connect to MySQL database: ielts_database
2024-10-10 20:07:21,204 - INFO - Checking plan status for user ID: 6
2024-10-10 20:07:21,206 - INFO - Plan status is active for user ID: 6
2024-10-10 20:07:21,207 - ERROR - Error closing database connections: cannot access local variable 'ielts_cursor' where it is not associated with a value
2024-10-10 20:07:26,554 - INFO - Attempting to connect to MySQL database: ielts_payment
2024-10-10 20:07:26,556 - INFO - Attempting to connect to MySQL database: ielts_database
2024-10-10 20:07:26,558 - INFO - Checking plan status for user ID: 6
2024-10-10 20:07:26,559 - INFO - Plan status is active for user ID: 6
2024-10-10 20:07:26,561 - ERROR - Error closing database connections: cannot access local variable 'ielts_cursor' where it is not associated with a value
2024-10-10 20:07:50,267 - INFO - Attempting to connect to MySQL database: ielts_payment
2024-10-10 20:07:50,270 - INFO - Attempting to connect to MySQL database: ielts_database
2024-10-10 20:07:50,273 - INFO - Checking plan status for user ID: 6
2024-10-10 20:07:50,275 - INFO - Plan status is active for user ID: 6
2024-10-10 20:07:50,276 - ERROR - Error closing database connections: cannot access local variable 'ielts_cursor' where it is not associated with a value
2024-10-10 20:08:00,914 - INFO - Attempting to connect to MySQL database: ielts_payment
2024-10-10 20:08:00,917 - INFO - Attempting to connect to MySQL database: ielts_database
2024-10-10 20:08:00,919 - INFO - Checking plan status for user ID: 6
2024-10-10 20:08:00,921 - INFO - Plan status is active for user ID: 6
2024-10-10 20:08:00,923 - ERROR - Error closing database connections: cannot access local variable 'ielts_cursor' where it is not associated with a value
2024-10-10 20:10:29,188 - INFO - Attempting to connect to MySQL database: ielts_payment
2024-10-10 20:10:29,191 - INFO - Attempting to connect to MySQL database: ielts_database
2024-10-10 20:10:29,194 - INFO - Checking plan status for user ID: 6
2024-10-10 20:10:29,196 - INFO - Plan status is active for user ID: 6
2024-10-10 20:10:29,197 - ERROR - Error closing database connections: cannot access local variable 'ielts_cursor' where it is not associated with a value
2024-10-10 20:12:28,631 - INFO - Attempting to connect to MySQL database: ielts_payment
2024-10-10 20:12:28,634 - INFO - Attempting to connect to MySQL database: ielts_database
2024-10-10 20:12:28,637 - INFO - Checking plan status for user ID: 6
2024-10-10 20:12:28,638 - INFO - Plan status is active for user ID: 6
2024-10-10 20:12:28,639 - ERROR - Error closing database connections: cannot access local variable 'ielts_cursor' where it is not associated with a value
2024-10-10 20:12:28,651 - INFO - Attempting to connect to MySQL database: ielts_payment
2024-10-10 20:12:28,654 - INFO - Attempting to connect to MySQL database: ielts_database
2024-10-10 20:12:28,656 - INFO - Checking plan status for user ID: 6
2024-10-10 20:12:28,658 - INFO - Plan status is active for user ID: 6
2024-10-10 20:12:28,659 - ERROR - Error closing database connections: cannot access local variable 'ielts_cursor' where it is not associated with a value
2024-10-10 20:22:36,637 - INFO - Attempting to connect to MySQL database: ielts_payment
2024-10-10 20:22:36,639 - INFO - Attempting to connect to MySQL database: ielts_database
2024-10-10 20:22:36,642 - INFO - Checking plan status for user ID: 6
2024-10-10 20:22:36,644 - INFO - Plan status is active for user ID: 6
2024-10-10 20:22:36,645 - ERROR - Error closing database connections: cannot access local variable 'ielts_cursor' where it is not associated with a value
2024-10-10 20:22:36,656 - INFO - Attempting to connect to MySQL database: ielts_payment
2024-10-10 20:22:36,659 - INFO - Attempting to connect to MySQL database: ielts_database
2024-10-10 20:22:36,661 - INFO - Checking plan status for user ID: 6
2024-10-10 20:22:36,663 - INFO - Plan status is active for user ID: 6
2024-10-10 20:22:36,663 - ERROR - Error closing database connections: cannot access local variable 'ielts_cursor' where it is not associated with a value
2024-10-10 20:28:08,741 - INFO - Attempting to connect to MySQL database: ielts_payment
2024-10-10 20:28:08,743 - INFO - Attempting to connect to MySQL database: ielts_database
2024-10-10 20:28:08,745 - INFO - Checking plan status for user ID: 6
2024-10-10 20:28:08,746 - INFO - Plan status is active for user ID: 6
2024-10-10 20:28:08,748 - ERROR - Error closing database connections: cannot access local variable 'ielts_cursor' where it is not associated with a value
2024-10-10 20:28:08,763 - INFO - Attempting to connect to MySQL database: ielts_payment
2024-10-10 20:28:08,768 - INFO - Attempting to connect to MySQL database: ielts_database
2024-10-10 20:28:08,778 - INFO - Checking plan status for user ID: 6
2024-10-10 20:28:08,782 - INFO - Plan status is active for user ID: 6
2024-10-10 20:28:08,783 - ERROR - Error closing database connections: cannot access local variable 'ielts_cursor' where it is not associated with a value
2024-10-10 20:30:39,979 - INFO - Attempting to connect to MySQL database: ielts_payment
2024-10-10 20:30:39,983 - INFO - Attempting to connect to MySQL database: ielts_database
2024-10-10 20:30:39,986 - INFO - Checking plan status for user ID: 6
2024-10-10 20:30:39,987 - INFO - Plan status is active for user ID: 6
2024-10-10 20:30:39,990 - ERROR - Error closing database connections: cannot access local variable 'ielts_cursor' where it is not associated with a value
2024-10-10 20:30:40,005 - INFO - Attempting to connect to MySQL database: ielts_payment
2024-10-10 20:30:40,009 - INFO - Attempting to connect to MySQL database: ielts_database
2024-10-10 20:30:40,012 - INFO - Checking plan status for user ID: 6
2024-10-10 20:30:40,014 - INFO - Plan status is active for user ID: 6
2024-10-10 20:30:40,015 - ERROR - Error closing database connections: cannot access local variable 'ielts_cursor' where it is not associated with a value
2024-10-10 20:31:19,168 - INFO - Attempting to connect to MySQL database: ielts_payment
2024-10-10 20:31:19,170 - INFO - Attempting to connect to MySQL database: ielts_database
2024-10-10 20:31:19,173 - INFO - Checking plan status for user ID: 6
2024-10-10 20:31:19,174 - INFO - Plan status is active for user ID: 6
2024-10-10 20:31:19,175 - ERROR - Error closing database connections: cannot access local variable 'ielts_cursor' where it is not associated with a value
2024-10-10 20:31:23,142 - INFO - Attempting to connect to MySQL database: ielts_payment
2024-10-10 20:31:23,145 - INFO - Attempting to connect to MySQL database: ielts_database
2024-10-10 20:31:23,147 - INFO - Checking plan status for user ID: 6
2024-10-10 20:31:23,148 - INFO - Plan status is active for user ID: 6
2024-10-10 20:31:23,149 - ERROR - Error closing database connections: cannot access local variable 'ielts_cursor' where it is not associated with a value
2024-10-10 20:32:27,792 - INFO - Attempting to connect to MySQL database: ielts_payment
2024-10-10 20:32:27,794 - INFO - Attempting to connect to MySQL database: ielts_database
2024-10-10 20:32:27,797 - INFO - Checking plan status for user ID: 6
2024-10-10 20:32:27,799 - INFO - Plan status is active for user ID: 6
2024-10-10 20:32:27,800 - ERROR - Error closing database connections: cannot access local variable 'ielts_cursor' where it is not associated with a value
2024-10-10 20:32:38,631 - INFO - Attempting to connect to MySQL database: ielts_payment
2024-10-10 20:32:38,633 - INFO - Attempting to connect to MySQL database: ielts_database
2024-10-10 20:32:38,635 - INFO - Checking plan status for user ID: 6
2024-10-10 20:32:38,636 - INFO - Plan status is active for user ID: 6
2024-10-10 20:32:38,637 - ERROR - Error closing database connections: cannot access local variable 'ielts_cursor' where it is not associated with a value
2024-10-10 20:32:41,047 - INFO - Attempting to connect to MySQL database: ielts_payment
2024-10-10 20:32:41,049 - INFO - Attempting to connect to MySQL database: ielts_database
2024-10-10 20:32:41,051 - INFO - Checking plan status for user ID: 6
2024-10-10 20:32:41,052 - INFO - Plan status is active for user ID: 6
2024-10-10 20:32:41,053 - ERROR - Error closing database connections: cannot access local variable 'ielts_cursor' where it is not associated with a value
2024-10-10 20:34:11,992 - INFO - Attempting to connect to MySQL database: ielts_payment
2024-10-10 20:34:11,994 - INFO - Attempting to connect to MySQL database: ielts_database
2024-10-10 20:34:11,997 - INFO - Checking plan status for user ID: 6
2024-10-10 20:34:11,998 - INFO - Plan status is active for user ID: 6
2024-10-10 20:34:11,999 - ERROR - Error closing database connections: cannot access local variable 'ielts_cursor' where it is not associated with a value
2024-10-10 20:34:31,121 - INFO - Attempting to connect to MySQL database: ielts_payment
2024-10-10 20:34:31,123 - INFO - Attempting to connect to MySQL database: ielts_database
2024-10-10 20:34:31,126 - INFO - Checking plan status for user ID: 6
2024-10-10 20:34:31,127 - INFO - Plan status is active for user ID: 6
2024-10-10 20:34:31,127 - ERROR - Error closing database connections: cannot access local variable 'ielts_cursor' where it is not associated with a value
2024-10-10 20:34:36,173 - INFO - Attempting to connect to MySQL database: ielts_payment
2024-10-10 20:34:36,175 - INFO - Attempting to connect to MySQL database: ielts_database
2024-10-10 20:34:36,177 - INFO - Checking plan status for user ID: 6
2024-10-10 20:34:36,178 - INFO - Plan status is active for user ID: 6
2024-10-10 20:34:36,179 - ERROR - Error closing database connections: cannot access local variable 'ielts_cursor' where it is not associated with a value
2024-10-10 20:34:40,138 - INFO - Attempting to connect to MySQL database: ielts_payment
2024-10-10 20:34:40,140 - INFO - Attempting to connect to MySQL database: ielts_database
2024-10-10 20:34:40,142 - INFO - Checking plan status for user ID: 6
2024-10-10 20:34:40,144 - INFO - Plan status is active for user ID: 6
2024-10-10 20:34:40,145 - ERROR - Error closing database connections: cannot access local variable 'ielts_cursor' where it is not associated with a value
2024-10-10 20:34:43,138 - INFO - Attempting to connect to MySQL database: ielts_payment
2024-10-10 20:34:43,140 - INFO - Attempting to connect to MySQL database: ielts_database
2024-10-10 20:34:43,142 - INFO - Checking plan status for user ID: 6
2024-10-10 20:34:43,144 - INFO - Plan status is active for user ID: 6
2024-10-10 20:34:43,145 - ERROR - Error closing database connections: cannot access local variable 'ielts_cursor' where it is not associated with a value
2024-10-10 20:34:46,801 - INFO - Attempting to connect to MySQL database: ielts_payment
2024-10-10 20:34:46,803 - INFO - Attempting to connect to MySQL database: ielts_database
2024-10-10 20:34:46,805 - INFO - Checking plan status for user ID: 6
2024-10-10 20:34:46,806 - INFO - Plan status is active for user ID: 6
2024-10-10 20:34:46,807 - ERROR - Error closing database connections: cannot access local variable 'ielts_cursor' where it is not associated with a value
2024-10-10 20:35:14,142 - INFO - Attempting to connect to MySQL database: ielts_payment
2024-10-10 20:35:14,144 - INFO - Attempting to connect to MySQL database: ielts_database
2024-10-10 20:35:14,146 - INFO - Checking plan status for user ID: 6
2024-10-10 20:35:14,148 - INFO - Plan status is active for user ID: 6
2024-10-10 20:35:14,149 - ERROR - Error closing database connections: cannot access local variable 'ielts_cursor' where it is not associated with a value
2024-10-10 20:35:15,128 - INFO - Attempting to connect to MySQL database: ielts_payment
2024-10-10 20:35:15,130 - INFO - Attempting to connect to MySQL database: ielts_database
2024-10-10 20:35:15,132 - INFO - Checking plan status for user ID: 6
2024-10-10 20:35:15,133 - INFO - Plan status is active for user ID: 6
2024-10-10 20:35:15,134 - ERROR - Error closing database connections: cannot access local variable 'ielts_cursor' where it is not associated with a value
2024-10-10 20:36:31,138 - INFO - Attempting to connect to MySQL database: ielts_payment
2024-10-10 20:36:31,140 - INFO - Attempting to connect to MySQL database: ielts_database
2024-10-10 20:36:31,143 - INFO - Checking plan status for user ID: 6
2024-10-10 20:36:31,145 - INFO - Plan status is active for user ID: 6
2024-10-10 20:36:31,145 - ERROR - Error closing database connections: cannot access local variable 'ielts_cursor' where it is not associated with a value
2024-10-10 20:36:31,787 - INFO - Attempting to connect to MySQL database: ielts_payment
2024-10-10 20:36:31,789 - INFO - Attempting to connect to MySQL database: ielts_database
2024-10-10 20:36:31,791 - INFO - Checking plan status for user ID: 6
2024-10-10 20:36:31,792 - INFO - Plan status is active for user ID: 6
2024-10-10 20:36:31,793 - ERROR - Error closing database connections: cannot access local variable 'ielts_cursor' where it is not associated with a value
2024-10-10 20:41:33,144 - INFO - Attempting to connect to MySQL database: ielts_payment
2024-10-10 20:41:33,147 - INFO - Attempting to connect to MySQL database: ielts_database
2024-10-10 20:41:33,150 - INFO - Checking plan status for user ID: 6
2024-10-10 20:41:33,151 - INFO - Plan status is active for user ID: 6
2024-10-10 20:41:33,153 - ERROR - Error closing database connections: cannot access local variable 'ielts_cursor' where it is not associated with a value
2024-10-10 20:41:34,182 - INFO - Attempting to connect to MySQL database: ielts_payment
2024-10-10 20:41:34,184 - INFO - Attempting to connect to MySQL database: ielts_database
2024-10-10 20:41:34,187 - INFO - Checking plan status for user ID: 6
2024-10-10 20:41:34,189 - INFO - Plan status is active for user ID: 6
2024-10-10 20:41:34,190 - ERROR - Error closing database connections: cannot access local variable 'ielts_cursor' where it is not associated with a value
2024-10-10 20:54:31,910 - INFO - Starting payments service
2024-10-10 20:54:31,912 - INFO - Starting Eureka client registration
2024-10-10 20:54:32,493 - INFO - Eureka client started and service registered successfully.
2024-10-10 20:54:39,637 - INFO - Starting payments service
2024-10-10 20:54:39,639 - INFO - Starting Eureka client registration
2024-10-10 20:54:40,186 - INFO - Eureka client started and service registered successfully.
2024-10-10 20:55:05,760 - INFO - Attempting to connect to MySQL database: ielts_payment
2024-10-10 20:55:05,773 - INFO - Attempting to connect to MySQL database: ielts_database
2024-10-10 20:55:05,778 - INFO - Checking plan status for user ID: 6
2024-10-10 20:55:05,780 - INFO - Plan status is active for user ID: 6
2024-10-10 20:55:05,781 - ERROR - Error closing database connections: cannot access local variable 'ielts_cursor' where it is not associated with a value
2024-10-10 20:55:05,791 - INFO - Attempting to connect to MySQL database: ielts_payment
2024-10-10 20:55:05,794 - INFO - Attempting to connect to MySQL database: ielts_database
2024-10-10 20:55:05,796 - INFO - Checking plan status for user ID: 6
2024-10-10 20:55:05,798 - INFO - Plan status is active for user ID: 6
2024-10-10 20:55:05,799 - ERROR - Error closing database connections: cannot access local variable 'ielts_cursor' where it is not associated with a value
2024-10-10 21:06:38,192 - INFO - Attempting to connect to MySQL database: ielts_payment
2024-10-10 21:06:38,194 - INFO - Attempting to connect to MySQL database: ielts_database
2024-10-10 21:06:38,197 - INFO - Checking plan status for user ID: 55
2024-10-10 21:06:38,199 - ERROR - Error closing database connections: cannot access local variable 'ielts_cursor' where it is not associated with a value
2024-10-10 21:06:38,213 - DEBUG - Received request to create order
2024-10-10 21:06:39,188 - INFO - Order created successfully with ID: order_P7O2OUsD9JmBv1
2024-10-10 21:07:01,688 - DEBUG - Received payment success notification
2024-10-10 21:07:01,688 - INFO - Attempting to connect to MySQL database: ielts_payment
2024-10-10 21:07:01,695 - INFO - Payment details stored in ielts_payment database for user ID: 55
2024-10-10 21:07:01,696 - INFO - Attempting to connect to MySQL database: ielts_database
2024-10-10 21:07:01,699 - INFO - User email retrieved: genaiuser@gmail.com
2024-10-10 21:07:06,846 - INFO - Thank you email sent to: genaiuser@gmail.com
2024-10-10 21:07:06,853 - INFO - User details updated in ielts_database for user ID: 55
2024-10-10 21:09:43,462 - INFO - Attempting to connect to MySQL database: ielts_payment
2024-10-10 21:09:43,466 - INFO - Attempting to connect to MySQL database: ielts_database
2024-10-10 21:09:43,469 - INFO - Checking plan status for user ID: 55
2024-10-10 21:09:43,471 - INFO - Plan status is active for user ID: 55
2024-10-10 21:09:43,473 - ERROR - Error closing database connections: cannot access local variable 'ielts_cursor' where it is not associated with a value
2024-10-10 21:09:43,486 - INFO - Attempting to connect to MySQL database: ielts_payment
2024-10-10 21:09:43,490 - INFO - Attempting to connect to MySQL database: ielts_database
2024-10-10 21:09:43,493 - INFO - Checking plan status for user ID: 55
2024-10-10 21:09:43,496 - INFO - Plan status is active for user ID: 55
2024-10-10 21:09:43,498 - ERROR - Error closing database connections: cannot access local variable 'ielts_cursor' where it is not associated with a value
2024-10-10 21:40:28,035 - INFO - Attempting to connect to MySQL database: ielts_payment
2024-10-10 21:40:28,040 - INFO - Attempting to connect to MySQL database: ielts_database
2024-10-10 21:40:28,044 - INFO - Checking plan status for user ID: 55
2024-10-10 21:40:28,045 - INFO - Plan status is active for user ID: 55
2024-10-10 21:40:28,047 - ERROR - Error closing database connections: cannot access local variable 'ielts_cursor' where it is not associated with a value
2024-10-10 21:40:28,064 - INFO - Attempting to connect to MySQL database: ielts_payment
2024-10-10 21:40:28,069 - INFO - Attempting to connect to MySQL database: ielts_database
2024-10-10 21:40:28,071 - INFO - Checking plan status for user ID: 55
2024-10-10 21:40:28,072 - INFO - Plan status is active for user ID: 55
2024-10-10 21:40:28,074 - ERROR - Error closing database connections: cannot access local variable 'ielts_cursor' where it is not associated with a value
2024-10-10 21:41:42,742 - INFO - Attempting to connect to MySQL database: ielts_payment
2024-10-10 21:41:42,745 - INFO - Attempting to connect to MySQL database: ielts_database
2024-10-10 21:41:42,748 - INFO - Checking plan status for user ID: 55
2024-10-10 21:41:42,750 - INFO - Plan status is active for user ID: 55
2024-10-10 21:41:42,752 - ERROR - Error closing database connections: cannot access local variable 'ielts_cursor' where it is not associated with a value
2024-10-10 21:41:42,763 - INFO - Attempting to connect to MySQL database: ielts_payment
2024-10-10 21:41:42,766 - INFO - Attempting to connect to MySQL database: ielts_database
2024-10-10 21:41:42,768 - INFO - Checking plan status for user ID: 55
2024-10-10 21:41:42,770 - INFO - Plan status is active for user ID: 55
2024-10-10 21:41:42,771 - ERROR - Error closing database connections: cannot access local variable 'ielts_cursor' where it is not associated with a value
2024-10-10 21:42:08,265 - INFO - Attempting to connect to MySQL database: ielts_payment
2024-10-10 21:42:08,268 - INFO - Attempting to connect to MySQL database: ielts_database
2024-10-10 21:42:08,272 - INFO - Checking plan status for user ID: 55
2024-10-10 21:42:08,276 - INFO - Plan status is active for user ID: 55
2024-10-10 21:42:08,277 - ERROR - Error closing database connections: cannot access local variable 'ielts_cursor' where it is not associated with a value
2024-10-10 21:42:08,303 - INFO - Attempting to connect to MySQL database: ielts_payment
2024-10-10 21:42:08,314 - INFO - Attempting to connect to MySQL database: ielts_database
2024-10-10 21:42:08,318 - INFO - Checking plan status for user ID: 55
2024-10-10 21:42:08,320 - INFO - Plan status is active for user ID: 55
2024-10-10 21:42:08,321 - ERROR - Error closing database connections: cannot access local variable 'ielts_cursor' where it is not associated with a value
2024-10-10 21:42:15,079 - INFO - Attempting to connect to MySQL database: ielts_payment
2024-10-10 21:42:15,083 - INFO - Attempting to connect to MySQL database: ielts_database
2024-10-10 21:42:15,086 - INFO - Checking plan status for user ID: 55
2024-10-10 21:42:15,087 - INFO - Plan status is active for user ID: 55
2024-10-10 21:42:15,092 - ERROR - Error closing database connections: cannot access local variable 'ielts_cursor' where it is not associated with a value
2024-10-10 21:42:15,104 - INFO - Attempting to connect to MySQL database: ielts_payment
2024-10-10 21:42:15,107 - INFO - Attempting to connect to MySQL database: ielts_database
2024-10-10 21:42:15,109 - INFO - Checking plan status for user ID: 55
2024-10-10 21:42:15,110 - INFO - Plan status is active for user ID: 55
2024-10-10 21:42:15,111 - ERROR - Error closing database connections: cannot access local variable 'ielts_cursor' where it is not associated with a value
2024-10-10 21:44:24,057 - INFO - Attempting to connect to MySQL database: ielts_payment
2024-10-10 21:44:24,060 - INFO - Attempting to connect to MySQL database: ielts_database
2024-10-10 21:44:24,062 - INFO - Checking plan status for user ID: 6
2024-10-10 21:44:24,064 - INFO - Plan status is active for user ID: 6
2024-10-10 21:44:24,065 - ERROR - Error closing database connections: cannot access local variable 'ielts_cursor' where it is not associated with a value
2024-10-10 21:44:24,078 - INFO - Attempting to connect to MySQL database: ielts_payment
2024-10-10 21:44:24,082 - INFO - Attempting to connect to MySQL database: ielts_database
2024-10-10 21:44:24,084 - INFO - Checking plan status for user ID: 6
2024-10-10 21:44:24,087 - INFO - Plan status is active for user ID: 6
2024-10-10 21:44:24,088 - ERROR - Error closing database connections: cannot access local variable 'ielts_cursor' where it is not associated with a value
2024-10-10 21:44:41,585 - INFO - Attempting to connect to MySQL database: ielts_payment
2024-10-10 21:44:41,587 - INFO - Attempting to connect to MySQL database: ielts_database
2024-10-10 21:44:41,589 - INFO - Checking plan status for user ID: 6
2024-10-10 21:44:41,590 - INFO - Plan status is active for user ID: 6
2024-10-10 21:44:41,591 - ERROR - Error closing database connections: cannot access local variable 'ielts_cursor' where it is not associated with a value
2024-10-10 21:44:41,610 - INFO - Attempting to connect to MySQL database: ielts_payment
2024-10-10 21:44:41,613 - INFO - Attempting to connect to MySQL database: ielts_database
2024-10-10 21:44:41,616 - INFO - Checking plan status for user ID: 6
2024-10-10 21:44:41,618 - INFO - Plan status is active for user ID: 6
2024-10-10 21:44:41,620 - ERROR - Error closing database connections: cannot access local variable 'ielts_cursor' where it is not associated with a value
2024-10-10 21:44:46,368 - INFO - Attempting to connect to MySQL database: ielts_payment
2024-10-10 21:44:46,370 - INFO - Attempting to connect to MySQL database: ielts_database
2024-10-10 21:44:46,372 - INFO - Checking plan status for user ID: 6
2024-10-10 21:44:46,373 - INFO - Plan status is active for user ID: 6
2024-10-10 21:44:46,374 - ERROR - Error closing database connections: cannot access local variable 'ielts_cursor' where it is not associated with a value
2024-10-10 21:44:46,386 - INFO - Attempting to connect to MySQL database: ielts_payment
2024-10-10 21:44:46,390 - INFO - Attempting to connect to MySQL database: ielts_database
2024-10-10 21:44:46,392 - INFO - Checking plan status for user ID: 6
2024-10-10 21:44:46,394 - INFO - Plan status is active for user ID: 6
2024-10-10 21:44:46,395 - ERROR - Error closing database connections: cannot access local variable 'ielts_cursor' where it is not associated with a value
2024-10-10 21:45:00,446 - INFO - Attempting to connect to MySQL database: ielts_payment
2024-10-10 21:45:00,448 - INFO - Attempting to connect to MySQL database: ielts_database
2024-10-10 21:45:00,451 - INFO - Checking plan status for user ID: 6
2024-10-10 21:45:00,453 - INFO - Plan status is active for user ID: 6
2024-10-10 21:45:00,454 - ERROR - Error closing database connections: cannot access local variable 'ielts_cursor' where it is not associated with a value
2024-10-10 21:45:00,466 - INFO - Attempting to connect to MySQL database: ielts_payment
2024-10-10 21:45:00,469 - INFO - Attempting to connect to MySQL database: ielts_database
2024-10-10 21:45:00,471 - INFO - Checking plan status for user ID: 6
2024-10-10 21:45:00,474 - INFO - Plan status is active for user ID: 6
2024-10-10 21:45:00,476 - ERROR - Error closing database connections: cannot access local variable 'ielts_cursor' where it is not associated with a value
2024-10-10 21:46:19,950 - INFO - Starting payments service
2024-10-10 21:46:19,953 - INFO - Starting Eureka client registration
2024-10-10 21:46:20,667 - INFO - Eureka client started and service registered successfully.
2024-10-10 21:46:24,282 - INFO - Starting payments service
2024-10-10 21:46:24,284 - INFO - Starting Eureka client registration
2024-10-10 21:46:25,927 - INFO - Eureka client started and service registered successfully.
2024-10-10 21:46:30,505 - INFO - Starting payments service
2024-10-10 21:46:30,507 - INFO - Starting Eureka client registration
2024-10-10 21:46:31,326 - INFO - Eureka client started and service registered successfully.
2024-10-10 21:46:59,404 - INFO - Attempting to connect to MySQL database: ielts_payment
2024-10-10 21:46:59,412 - INFO - Attempting to connect to MySQL database: ielts_database
2024-10-10 21:46:59,425 - INFO - Checking plan status for user ID: 6
2024-10-10 21:46:59,428 - INFO - Plan status is active for user ID: 6
2024-10-10 21:46:59,430 - ERROR - Error closing database connections: cannot access local variable 'ielts_cursor' where it is not associated with a value
2024-10-10 21:46:59,437 - INFO - Attempting to connect to MySQL database: ielts_payment
2024-10-10 21:46:59,440 - INFO - Attempting to connect to MySQL database: ielts_database
2024-10-10 21:46:59,443 - INFO - Checking plan status for user ID: 6
2024-10-10 21:46:59,447 - INFO - Plan status is active for user ID: 6
2024-10-10 21:46:59,448 - ERROR - Error closing database connections: cannot access local variable 'ielts_cursor' where it is not associated with a value
2024-10-10 21:47:44,079 - INFO - Attempting to connect to MySQL database: ielts_payment
2024-10-10 21:47:44,081 - INFO - Attempting to connect to MySQL database: ielts_database
2024-10-10 21:47:44,084 - INFO - Checking plan status for user ID: 6
2024-10-10 21:47:44,085 - INFO - Plan status is active for user ID: 6
2024-10-10 21:47:44,087 - ERROR - Error closing database connections: cannot access local variable 'ielts_cursor' where it is not associated with a value
2024-10-10 21:47:44,095 - INFO - Attempting to connect to MySQL database: ielts_payment
2024-10-10 21:47:44,100 - INFO - Attempting to connect to MySQL database: ielts_database
2024-10-10 21:47:44,107 - INFO - Checking plan status for user ID: 6
2024-10-10 21:47:44,109 - INFO - Plan status is active for user ID: 6
2024-10-10 21:47:44,110 - ERROR - Error closing database connections: cannot access local variable 'ielts_cursor' where it is not associated with a value
2024-10-10 21:48:04,337 - INFO - Attempting to connect to MySQL database: ielts_payment
2024-10-10 21:48:04,339 - INFO - Attempting to connect to MySQL database: ielts_database
2024-10-10 21:48:04,341 - INFO - Checking plan status for user ID: 6
2024-10-10 21:48:04,343 - INFO - Plan status is active for user ID: 6
2024-10-10 21:48:04,344 - ERROR - Error closing database connections: cannot access local variable 'ielts_cursor' where it is not associated with a value
2024-10-10 21:48:04,354 - INFO - Attempting to connect to MySQL database: ielts_payment
2024-10-10 21:48:04,356 - INFO - Attempting to connect to MySQL database: ielts_database
2024-10-10 21:48:04,359 - INFO - Checking plan status for user ID: 6
2024-10-10 21:48:04,361 - INFO - Plan status is active for user ID: 6
2024-10-10 21:48:04,363 - ERROR - Error closing database connections: cannot access local variable 'ielts_cursor' where it is not associated with a value
2024-10-10 21:48:45,396 - INFO - Attempting to connect to MySQL database: ielts_payment
2024-10-10 21:48:45,398 - INFO - Attempting to connect to MySQL database: ielts_database
2024-10-10 21:48:45,400 - INFO - Checking plan status for user ID: 6
2024-10-10 21:48:45,401 - INFO - Plan status is active for user ID: 6
2024-10-10 21:48:45,402 - ERROR - Error closing database connections: cannot access local variable 'ielts_cursor' where it is not associated with a value
2024-10-10 21:48:45,417 - INFO - Attempting to connect to MySQL database: ielts_payment
2024-10-10 21:48:45,419 - INFO - Attempting to connect to MySQL database: ielts_database
2024-10-10 21:48:45,422 - INFO - Checking plan status for user ID: 6
2024-10-10 21:48:45,423 - INFO - Plan status is active for user ID: 6
2024-10-10 21:48:45,425 - ERROR - Error closing database connections: cannot access local variable 'ielts_cursor' where it is not associated with a value
2024-10-10 21:48:53,721 - INFO - Attempting to connect to MySQL database: ielts_payment
2024-10-10 21:48:53,722 - INFO - Attempting to connect to MySQL database: ielts_database
2024-10-10 21:48:53,725 - INFO - Checking plan status for user ID: 6
2024-10-10 21:48:53,726 - INFO - Plan status is active for user ID: 6
2024-10-10 21:48:53,727 - ERROR - Error closing database connections: cannot access local variable 'ielts_cursor' where it is not associated with a value
2024-10-10 21:48:53,742 - INFO - Attempting to connect to MySQL database: ielts_payment
2024-10-10 21:48:53,745 - INFO - Attempting to connect to MySQL database: ielts_database
2024-10-10 21:48:53,747 - INFO - Checking plan status for user ID: 6
2024-10-10 21:48:53,748 - INFO - Plan status is active for user ID: 6
2024-10-10 21:48:53,749 - ERROR - Error closing database connections: cannot access local variable 'ielts_cursor' where it is not associated with a value
2024-10-10 21:49:14,214 - INFO - Starting payments service
2024-10-10 21:49:14,215 - INFO - Starting Eureka client registration
2024-10-10 21:49:14,914 - INFO - Eureka client started and service registered successfully.
2024-10-10 21:49:19,839 - INFO - Starting payments service
2024-10-10 21:49:19,892 - INFO - Starting Eureka client registration
2024-10-10 21:49:21,593 - INFO - Eureka client started and service registered successfully.
2024-10-10 21:49:33,825 - INFO - Attempting to connect to MySQL database: ielts_payment
2024-10-10 21:49:33,850 - INFO - Attempting to connect to MySQL database: ielts_database
2024-10-10 21:49:33,853 - INFO - Checking plan status for user ID: 6
2024-10-10 21:49:33,856 - INFO - Plan status is active for user ID: 6
2024-10-10 21:49:33,858 - ERROR - Error closing database connections: cannot access local variable 'ielts_cursor' where it is not associated with a value
2024-10-10 21:49:33,870 - INFO - Attempting to connect to MySQL database: ielts_payment
2024-10-10 21:49:33,875 - INFO - Attempting to connect to MySQL database: ielts_database
2024-10-10 21:49:33,883 - INFO - Checking plan status for user ID: 6
2024-10-10 21:49:33,885 - INFO - Plan status is active for user ID: 6
2024-10-10 21:49:33,886 - ERROR - Error closing database connections: cannot access local variable 'ielts_cursor' where it is not associated with a value
2024-10-10 21:54:36,603 - INFO - Attempting to connect to MySQL database: ielts_payment
2024-10-10 21:54:36,606 - INFO - Attempting to connect to MySQL database: ielts_database
2024-10-10 21:54:36,612 - INFO - Checking plan status for user ID: 6
2024-10-10 21:54:36,613 - INFO - Plan status is active for user ID: 6
2024-10-10 21:54:36,614 - ERROR - Error closing database connections: cannot access local variable 'ielts_cursor' where it is not associated with a value
2024-10-10 21:54:36,634 - INFO - Attempting to connect to MySQL database: ielts_payment
2024-10-10 21:54:36,636 - INFO - Attempting to connect to MySQL database: ielts_database
2024-10-10 21:54:36,640 - INFO - Checking plan status for user ID: 6
2024-10-10 21:54:36,642 - INFO - Plan status is active for user ID: 6
2024-10-10 21:54:36,644 - ERROR - Error closing database connections: cannot access local variable 'ielts_cursor' where it is not associated with a value
2024-10-10 21:55:24,043 - INFO - Attempting to connect to MySQL database: ielts_payment
2024-10-10 21:55:24,046 - INFO - Attempting to connect to MySQL database: ielts_database
2024-10-10 21:55:24,049 - INFO - Checking plan status for user ID: 6
2024-10-10 21:55:24,051 - INFO - Plan status is active for user ID: 6
2024-10-10 21:55:24,052 - ERROR - Error closing database connections: cannot access local variable 'ielts_cursor' where it is not associated with a value
2024-10-10 21:55:24,061 - INFO - Attempting to connect to MySQL database: ielts_payment
2024-10-10 21:55:24,063 - INFO - Attempting to connect to MySQL database: ielts_database
2024-10-10 21:55:24,066 - INFO - Checking plan status for user ID: 6
2024-10-10 21:55:24,069 - INFO - Plan status is active for user ID: 6
2024-10-10 21:55:24,070 - ERROR - Error closing database connections: cannot access local variable 'ielts_cursor' where it is not associated with a value
2024-10-10 21:56:06,839 - INFO - Attempting to connect to MySQL database: ielts_payment
2024-10-10 21:56:06,840 - INFO - Attempting to connect to MySQL database: ielts_database
2024-10-10 21:56:06,843 - INFO - Checking plan status for user ID: 6
2024-10-10 21:56:06,844 - INFO - Plan status is active for user ID: 6
2024-10-10 21:56:06,848 - ERROR - Error closing database connections: cannot access local variable 'ielts_cursor' where it is not associated with a value
2024-10-10 21:56:06,858 - INFO - Attempting to connect to MySQL database: ielts_payment
2024-10-10 21:56:06,865 - INFO - Attempting to connect to MySQL database: ielts_database
2024-10-10 21:56:06,868 - INFO - Checking plan status for user ID: 6
2024-10-10 21:56:06,870 - INFO - Plan status is active for user ID: 6
2024-10-10 21:56:06,872 - ERROR - Error closing database connections: cannot access local variable 'ielts_cursor' where it is not associated with a value
2024-10-10 22:01:35,236 - INFO - Attempting to connect to MySQL database: ielts_payment
2024-10-10 22:01:35,241 - INFO - Attempting to connect to MySQL database: ielts_database
2024-10-10 22:01:35,244 - INFO - Checking plan status for user ID: 6
2024-10-10 22:01:35,245 - INFO - Plan status is active for user ID: 6
2024-10-10 22:01:35,246 - ERROR - Error closing database connections: cannot access local variable 'ielts_cursor' where it is not associated with a value
2024-10-10 22:01:35,274 - INFO - Attempting to connect to MySQL database: ielts_payment
2024-10-10 22:01:35,278 - INFO - Attempting to connect to MySQL database: ielts_database
2024-10-10 22:01:35,283 - INFO - Checking plan status for user ID: 6
2024-10-10 22:01:35,296 - INFO - Plan status is active for user ID: 6
2024-10-10 22:01:35,299 - ERROR - Error closing database connections: cannot access local variable 'ielts_cursor' where it is not associated with a value
2024-10-10 22:03:03,181 - INFO - Attempting to connect to MySQL database: ielts_payment
2024-10-10 22:03:03,182 - INFO - Attempting to connect to MySQL database: ielts_database
2024-10-10 22:03:03,185 - INFO - Checking plan status for user ID: 6
2024-10-10 22:03:03,187 - INFO - Plan status is active for user ID: 6
2024-10-10 22:03:03,193 - ERROR - Error closing database connections: cannot access local variable 'ielts_cursor' where it is not associated with a value
2024-10-10 22:03:03,252 - INFO - Attempting to connect to MySQL database: ielts_payment
2024-10-10 22:03:03,293 - INFO - Attempting to connect to MySQL database: ielts_database
2024-10-10 22:03:03,294 - INFO - Checking plan status for user ID: 6
2024-10-10 22:03:03,297 - INFO - Plan status is active for user ID: 6
2024-10-10 22:03:03,298 - ERROR - Error closing database connections: cannot access local variable 'ielts_cursor' where it is not associated with a value
2024-10-10 22:04:46,673 - INFO - Starting payments service
2024-10-10 22:04:46,675 - INFO - Starting Eureka client registration
2024-10-10 22:04:47,112 - INFO - Eureka client started and service registered successfully.
2024-10-10 22:04:53,773 - INFO - Starting payments service
2024-10-10 22:04:53,774 - INFO - Starting Eureka client registration
2024-10-10 22:04:54,166 - INFO - Eureka client started and service registered successfully.
2024-10-10 22:05:55,272 - INFO - Attempting to connect to MySQL database: ielts_payment
2024-10-10 22:05:55,285 - INFO - Attempting to connect to MySQL database: ielts_database
2024-10-10 22:05:55,288 - INFO - Checking plan status for user ID: 6
2024-10-10 22:05:55,289 - INFO - Plan status is active for user ID: 6
2024-10-10 22:05:55,290 - ERROR - Error closing database connections: cannot access local variable 'ielts_cursor' where it is not associated with a value
2024-10-10 22:05:55,303 - INFO - Attempting to connect to MySQL database: ielts_payment
2024-10-10 22:05:55,305 - INFO - Attempting to connect to MySQL database: ielts_database
2024-10-10 22:05:55,307 - INFO - Checking plan status for user ID: 6
2024-10-10 22:05:55,309 - INFO - Plan status is active for user ID: 6
2024-10-10 22:05:55,310 - ERROR - Error closing database connections: cannot access local variable 'ielts_cursor' where it is not associated with a value
2024-10-10 22:08:40,869 - INFO - Attempting to connect to MySQL database: ielts_payment
2024-10-10 22:08:40,872 - INFO - Attempting to connect to MySQL database: ielts_database
2024-10-10 22:08:40,876 - INFO - Checking plan status for user ID: 6
2024-10-10 22:08:40,878 - INFO - Plan status is active for user ID: 6
2024-10-10 22:08:40,878 - ERROR - Error closing database connections: cannot access local variable 'ielts_cursor' where it is not associated with a value
2024-10-10 22:08:40,887 - INFO - Attempting to connect to MySQL database: ielts_payment
2024-10-10 22:08:40,894 - INFO - Attempting to connect to MySQL database: ielts_database
2024-10-10 22:08:40,898 - INFO - Checking plan status for user ID: 6
2024-10-10 22:08:40,899 - INFO - Plan status is active for user ID: 6
2024-10-10 22:08:40,901 - ERROR - Error closing database connections: cannot access local variable 'ielts_cursor' where it is not associated with a value
2024-10-10 22:10:22,449 - INFO - Attempting to connect to MySQL database: ielts_payment
2024-10-10 22:10:22,451 - INFO - Attempting to connect to MySQL database: ielts_database
2024-10-10 22:10:22,454 - INFO - Checking plan status for user ID: 6
2024-10-10 22:10:22,455 - INFO - Plan status is active for user ID: 6
2024-10-10 22:10:22,456 - ERROR - Error closing database connections: cannot access local variable 'ielts_cursor' where it is not associated with a value
2024-10-10 22:10:22,479 - INFO - Attempting to connect to MySQL database: ielts_payment
2024-10-10 22:10:22,482 - INFO - Attempting to connect to MySQL database: ielts_database
2024-10-10 22:10:22,485 - INFO - Checking plan status for user ID: 6
2024-10-10 22:10:22,488 - INFO - Plan status is active for user ID: 6
2024-10-10 22:10:22,489 - ERROR - Error closing database connections: cannot access local variable 'ielts_cursor' where it is not associated with a value
2024-10-10 23:04:59,377 - INFO - Starting payments service
2024-10-10 23:04:59,380 - INFO - Starting Eureka client registration
2024-10-10 23:04:59,945 - INFO - Eureka client started and service registered successfully.
2024-10-10 23:05:06,433 - INFO - Starting payments service
2024-10-10 23:05:06,434 - INFO - Starting Eureka client registration
2024-10-10 23:05:07,033 - INFO - Eureka client started and service registered successfully.
2024-10-11 02:17:30,295 - INFO - Starting payments service
2024-10-11 02:17:30,296 - INFO - Starting Eureka client registration
2024-10-11 02:17:38,914 - INFO - Eureka client started and service registered successfully.
2024-10-11 02:17:40,356 - INFO - Starting payments service
2024-10-11 02:17:40,358 - INFO - Starting Eureka client registration
2024-10-11 02:17:47,023 - INFO - Eureka client started and service registered successfully.
2024-10-11 02:18:34,490 - INFO - Starting payments service
2024-10-11 02:18:34,491 - INFO - Starting Eureka client registration
2024-10-11 02:18:34,814 - INFO - Eureka client started and service registered successfully.
2024-10-11 02:18:35,849 - INFO - Starting payments service
2024-10-11 02:18:35,850 - INFO - Starting Eureka client registration
2024-10-11 02:18:36,186 - INFO - Eureka client started and service registered successfully.
2024-10-11 02:19:34,409 - INFO - Attempting to connect to MySQL database: ielts_payment
2024-10-11 02:19:34,423 - INFO - Attempting to connect to MySQL database: ielts_database
2024-10-11 02:19:34,426 - INFO - Checking plan status for user ID: 6
2024-10-11 02:19:34,444 - INFO - Plan status is active for user ID: 6
2024-10-11 02:19:34,445 - ERROR - Error closing database connections: cannot access local variable 'ielts_cursor' where it is not associated with a value
2024-10-11 02:20:58,555 - INFO - Starting payments service
2024-10-11 02:20:58,556 - INFO - Starting Eureka client registration
2024-10-11 02:20:58,902 - INFO - Eureka client started and service registered successfully.
2024-10-11 02:21:02,067 - INFO - Starting payments service
2024-10-11 02:21:02,068 - INFO - Starting Eureka client registration
2024-10-11 02:21:02,394 - INFO - Eureka client started and service registered successfully.
2024-10-11 02:21:12,578 - INFO - Starting payments service
2024-10-11 02:21:12,580 - INFO - Starting Eureka client registration
2024-10-11 02:21:12,908 - INFO - Eureka client started and service registered successfully.
2024-10-11 02:34:28,781 - INFO - Starting payments service
2024-10-11 02:34:28,782 - INFO - Starting Eureka client registration
2024-10-11 02:34:29,118 - INFO - Eureka client started and service registered successfully.
2024-10-11 02:34:30,181 - INFO - Starting payments service
2024-10-11 02:34:30,182 - INFO - Starting Eureka client registration
2024-10-11 02:34:30,524 - INFO - Eureka client started and service registered successfully.
2024-10-11 02:34:34,550 - INFO - Attempting to connect to MySQL database: ielts_payment
2024-10-11 02:34:34,555 - INFO - Attempting to connect to MySQL database: ielts_database
2024-10-11 02:34:34,557 - INFO - Checking plan status for user ID: 6
2024-10-11 02:34:34,559 - INFO - Plan status is active for user ID: 6
2024-10-11 02:35:23,743 - INFO - Starting payments service
2024-10-11 02:35:23,744 - INFO - Starting Eureka client registration
2024-10-11 02:35:24,076 - INFO - Eureka client started and service registered successfully.
2024-10-11 02:35:30,239 - INFO - Starting payments service
2024-10-11 02:35:30,241 - INFO - Starting Eureka client registration
2024-10-11 02:35:30,575 - INFO - Eureka client started and service registered successfully.
2024-10-11 02:35:38,765 - INFO - Starting payments service
2024-10-11 02:35:38,767 - INFO - Starting Eureka client registration
2024-10-11 02:35:39,241 - INFO - Eureka client started and service registered successfully.
2024-10-11 02:36:49,519 - INFO - Starting payments service
2024-10-11 02:36:49,520 - INFO - Starting Eureka client registration
2024-10-11 02:36:49,971 - INFO - Eureka client started and service registered successfully.
2024-10-11 02:36:54,132 - INFO - Starting payments service
2024-10-11 02:36:54,133 - INFO - Starting Eureka client registration
2024-10-11 02:36:54,561 - INFO - Eureka client started and service registered successfully.
2024-10-11 02:37:10,720 - INFO - Starting payments service
2024-10-11 02:37:10,720 - INFO - Starting Eureka client registration
2024-10-11 02:37:11,161 - INFO - Eureka client started and service registered successfully.
2024-10-11 02:37:44,349 - INFO - Starting payments service
2024-10-11 02:37:44,350 - INFO - Starting Eureka client registration
2024-10-11 02:37:44,786 - INFO - Eureka client started and service registered successfully.
2024-10-11 02:37:49,683 - INFO - Starting payments service
2024-10-11 02:37:49,684 - INFO - Starting Eureka client registration
2024-10-11 02:37:50,151 - INFO - Eureka client started and service registered successfully.
2024-10-11 02:37:51,224 - INFO - Starting payments service
2024-10-11 02:37:51,225 - INFO - Starting Eureka client registration
2024-10-11 02:37:51,664 - INFO - Eureka client started and service registered successfully.
2024-10-11 02:37:53,008 - INFO - Attempting to connect to MySQL database: ielts_payment
2024-10-11 02:37:53,156 - INFO - Attempting to connect to MySQL database: ielts_database
2024-10-11 02:37:53,304 - INFO - Checking plan status for user ID: 6
2024-10-11 02:37:53,334 - INFO - Plan status is active for user ID: 6
2024-10-11 02:52:09,727 - INFO - Starting payments service
2024-10-11 02:52:09,728 - INFO - Starting Eureka client registration
2024-10-11 02:52:10,287 - INFO - Eureka client started and service registered successfully.
2024-10-11 02:55:05,534 - INFO - Attempting to connect to MySQL database: ielts_payment
2024-10-11 02:55:05,685 - INFO - Attempting to connect to MySQL database: ielts_database
2024-10-11 02:55:05,844 - INFO - Checking plan status for user ID: 49
2024-10-11 02:55:05,893 - DEBUG - Received request to create order
2024-10-11 02:55:06,839 - INFO - Order created successfully with ID: order_P7TyULRr5SDkEf
2024-10-11 02:55:26,955 - INFO - Attempting to connect to MySQL database: ielts_payment
2024-10-11 02:55:27,117 - INFO - Attempting to connect to MySQL database: ielts_database
2024-10-11 02:55:27,288 - INFO - Checking plan status for user ID: 49
2024-10-11 02:55:27,335 - DEBUG - Received request to create order
2024-10-11 02:55:27,382 - INFO - Order created successfully with ID: order_P7Tyqlj1pJQgyP
2024-10-10 21:44:21,982 - INFO - Starting payments service
2024-10-10 21:44:21,983 - INFO - Starting Eureka client registration
2024-10-10 21:44:22,009 - INFO - Eureka client started and service registered successfully.
2024-10-10 21:44:22,346 - INFO - Starting payments service
2024-10-10 21:44:22,347 - INFO - Starting Eureka client registration
2024-10-10 21:44:22,373 - INFO - Eureka client started and service registered successfully.
2024-10-10 21:45:26,777 - INFO - Starting payments service
2024-10-10 21:45:26,777 - INFO - Starting Eureka client registration
2024-10-10 21:45:26,807 - INFO - Eureka client started and service registered successfully.
2024-10-10 21:45:27,155 - INFO - Starting payments service
2024-10-10 21:45:27,156 - INFO - Starting Eureka client registration
2024-10-10 21:45:27,182 - INFO - Eureka client started and service registered successfully.
2024-10-10 21:45:55,054 - INFO - Attempting to connect to MySQL database: ielts_payment
2024-10-10 21:45:55,082 - INFO - Attempting to connect to MySQL database: ielts_database
2024-10-10 21:45:55,105 - INFO - Checking plan status for user ID: 11
2024-10-10 21:47:08,714 - DEBUG - Received request to create order
2024-10-10 21:47:10,275 - INFO - Order created successfully with ID: order_P7ULmbHQrf3OXf
2024-10-10 22:00:08,129 - INFO - Starting payments service
2024-10-10 22:00:08,130 - INFO - Starting Eureka client registration
2024-10-10 22:00:08,160 - INFO - Eureka client started and service registered successfully.
2024-10-10 22:00:08,550 - INFO - Starting payments service
2024-10-10 22:00:08,550 - INFO - Starting Eureka client registration
2024-10-10 22:00:08,584 - INFO - Eureka client started and service registered successfully.
2024-10-10 22:00:35,537 - INFO - Attempting to connect to MySQL database: ielts_payment
2024-10-10 22:00:35,563 - INFO - Attempting to connect to MySQL database: ielts_database
2024-10-10 22:00:35,595 - INFO - Checking plan status for user ID: 11
2024-10-10 22:00:47,510 - INFO - Attempting to connect to MySQL database: ielts_payment
2024-10-10 22:00:47,536 - INFO - Attempting to connect to MySQL database: ielts_database
2024-10-10 22:00:47,562 - INFO - Checking plan status for user ID: 11
2024-10-10 22:00:58,514 - INFO - Attempting to connect to MySQL database: ielts_payment
2024-10-10 22:00:58,535 - INFO - Attempting to connect to MySQL database: ielts_database
2024-10-10 22:00:58,556 - INFO - Checking plan status for user ID: 11
2024-10-10 22:12:37,027 - INFO - Starting payments service
2024-10-10 22:12:37,028 - INFO - Starting Eureka client registration
2024-10-10 22:12:37,059 - INFO - Eureka client started and service registered successfully.
2024-10-10 22:12:37,404 - INFO - Starting payments service
2024-10-10 22:12:37,405 - INFO - Starting Eureka client registration
2024-10-10 22:12:37,431 - INFO - Eureka client started and service registered successfully.
2024-10-10 22:14:59,259 - INFO - Attempting to connect to MySQL database: ielts_payment
2024-10-10 22:14:59,288 - INFO - Attempting to connect to MySQL database: ielts_database
2024-10-10 22:14:59,319 - INFO - Checking plan status for user ID: 11
2024-10-10 22:26:57,580 - INFO - Starting payments service
2024-10-10 22:26:57,581 - INFO - Starting Eureka client registration
2024-10-10 22:26:57,602 - INFO - Eureka client started and service registered successfully.
2024-10-10 22:26:57,940 - INFO - Starting payments service
2024-10-10 22:26:57,941 - INFO - Starting Eureka client registration
2024-10-10 22:26:57,962 - INFO - Eureka client started and service registered successfully.
2024-10-10 22:27:49,797 - INFO - Attempting to connect to MySQL database: ielts_payment
2024-10-10 22:27:49,827 - INFO - Attempting to connect to MySQL database: ielts_database
2024-10-10 22:27:49,850 - INFO - Checking plan status for user ID: 11
2024-10-10 22:35:42,606 - INFO - Starting payments service
2024-10-10 22:35:42,607 - INFO - Starting Eureka client registration
2024-10-10 22:35:42,631 - INFO - Eureka client started and service registered successfully.
2024-10-10 22:35:42,988 - INFO - Starting payments service
2024-10-10 22:35:42,989 - INFO - Starting Eureka client registration
2024-10-10 22:35:43,021 - INFO - Eureka client started and service registered successfully.
2024-10-10 22:37:15,554 - INFO - Attempting to connect to MySQL database: ielts_payment
2024-10-10 22:37:15,587 - INFO - Attempting to connect to MySQL database: ielts_database
2024-10-10 22:37:15,614 - INFO - Checking plan status for user ID: 11
2024-10-10 22:38:51,499 - DEBUG - Received request to create order
2024-10-10 22:38:52,262 - INFO - Order created successfully with ID: order_P7VEOfoiDHu0oP
2024-10-10 23:09:01,568 - INFO - Attempting to connect to MySQL database: ielts_database
2024-10-10 23:09:32,499 - INFO - Attempting to connect to MySQL database: ielts_database
2024-10-10 23:10:22,903 - INFO - Attempting to connect to MySQL database: ielts_database
2024-10-10 23:12:34,573 - INFO - Attempting to connect to MySQL database: ielts_database
2024-10-10 23:13:48,405 - INFO - Attempting to connect to MySQL database: ielts_database
2024-10-10 23:13:50,767 - INFO - Attempting to connect to MySQL database: ielts_database
2024-10-10 23:14:04,396 - INFO - Attempting to connect to MySQL database: ielts_database
2024-10-10 23:14:30,618 - DEBUG - Received request to create order
2024-10-10 23:14:30,619 - INFO - Attempting to connect to MySQL database: ielts_database
2024-10-10 23:14:31,303 - INFO - Order created successfully with ID: order_P7Vq3WWfrUoSau
2024-10-10 23:15:43,352 - DEBUG - Received payment success notification
2024-10-10 23:15:43,352 - INFO - Attempting to connect to MySQL database: ielts_payment
2024-10-10 23:15:43,383 - INFO - Payment details stored in ielts_payment database for user ID: 11
2024-10-10 23:15:43,384 - INFO - Attempting to connect to MySQL database: ielts_database
2024-10-10 23:15:43,407 - INFO - User email retrieved: deeepak.m@dsparkai.com
2024-10-10 23:15:45,258 - INFO - Thank you email sent to: deeepak.m@dsparkai.com
2024-10-10 23:15:45,263 - INFO - User details updated in ielts_database for user ID: 11
2024-10-10 23:16:16,339 - INFO - Attempting to connect to MySQL database: ielts_database
2024-10-10 23:16:58,427 - INFO - Attempting to connect to MySQL database: ielts_database
2024-10-10 23:16:58,494 - INFO - Attempting to connect to MySQL database: ielts_database
2024-12-23 12:26:52,346 - DEBUG - Received request to create order
2024-12-23 12:26:52,347 - INFO - Attempting to connect to MySQL database: ielts_database
2024-12-23 12:26:55,500 - DEBUG - Received request to create order
2024-12-23 12:26:55,501 - INFO - Attempting to connect to MySQL database: ielts_database
2024-12-23 12:28:21,869 - DEBUG - Received request to create order
2024-12-23 12:28:21,870 - INFO - Attempting to connect to MySQL database: ielts_database
2024-12-23 12:28:23,730 - INFO - Order created successfully with ID: order_PaWjpNpf40v5Hj
2024-12-23 12:28:59,430 - DEBUG - Received payment success notification
2024-12-23 12:28:59,431 - INFO - Attempting to connect to MySQL database: ielts_payment
2024-12-23 12:28:59,704 - INFO - Payment details stored in ielts_payment database for user ID: 1
2024-12-23 12:28:59,705 - INFO - Attempting to connect to MySQL database: ielts_database
2024-12-23 12:29:00,001 - INFO - User details updated in ielts_database for user ID: 1
2024-12-23 12:29:20,274 - INFO - Attempting to connect to MySQL database: ielts_database
2024-12-23 16:10:01,083 - DEBUG - Received request to create order
2024-12-23 16:10:01,085 - INFO - Attempting to connect to MySQL database: ielts_database
2024-12-23 16:10:02,968 - INFO - Order created successfully with ID: order_PaaVzf7fnpTOG6
2024-12-23 16:10:22,654 - DEBUG - Received payment success notification
2024-12-23 16:10:22,654 - INFO - Attempting to connect to MySQL database: ielts_payment
2024-12-23 16:10:23,897 - INFO - Payment details stored in ielts_payment database for user ID: 1
2024-12-23 16:10:23,898 - INFO - Attempting to connect to MySQL database: ielts_database
2024-12-23 16:10:25,228 - INFO - User details updated in ielts_database for user ID: 1
2024-12-23 16:11:21,420 - INFO - Attempting to connect to MySQL database: ielts_database
2025-09-09 15:09:17,377 - DEBUG - Received request to create order
2025-09-09 15:09:17,392 - INFO - Attempting to connect to MySQL database: ielts_database
2025-09-09 15:09:19,511 - INFO - Order created successfully with ID: order_RFSN3eiaoCw8t8
2025-09-09 15:10:32,388 - DEBUG - Received payment success notification
2025-09-09 15:10:32,390 - DEBUG - Payment data received: {'payment_id': 'pay_L6w1c7Y9dO9a2h', 'order_id': 'order_RFSN3eiaoCw8t8', 'signature': 'your_razorpay_signature_here', 'user_id': '1', 'plan_id': 'prod_7DaysPlan'}
2025-09-09 15:10:32,395 - ERROR - Signature verification failed: Razorpay Signature Verification Failed
2025-09-09 15:10:57,347 - DEBUG - Received payment success notification
2025-09-09 15:10:57,349 - DEBUG - Payment data received: {'payment_id': 'pay_L6w1c7Y9dO9a2h', 'order_id': 'order_RFSN3eiaoCw8t8', 'signature': 'wetjk6w1c7Y9dO9a2h', 'user_id': '1', 'plan_id': 'prod_7DaysPlan'}
2025-09-09 15:10:57,349 - ERROR - Signature verification failed: Razorpay Signature Verification Failed
2025-09-09 15:12:01,399 - DEBUG - Received payment success notification
2025-09-09 15:12:01,403 - DEBUG - Payment data received: {'payment_id': 'pay_L6w1c7Y9dO9a2h', 'order_id': 'order_RFSN3eiaoCw8t8', 'signature': '1aa3182e8f37a6a497e0f38dd07c4118415df0288ae5bda47d0cf3b1a4fa74de', 'user_id': '1', 'plan_id': 'prod_7DaysPlan'}
2025-09-09 15:12:01,404 - ERROR - Signature verification failed: Razorpay Signature Verification Failed
2025-09-09 15:16:42,409 - DEBUG - Received payment success notification
2025-09-09 15:16:42,427 - DEBUG - Payment data received: {'payment_id': 'pay_L6w1c7Y9dO9a2h', 'order_id': 'order_RFSN3eiaoCw8t8', 'signature': '', 'user_id': '1', 'plan_id': 'prod_7DaysPlan'}
2025-09-09 15:16:42,427 - WARNING - Signature not provided; skipping verification.
2025-09-09 15:16:42,428 - INFO - Attempting to connect to MySQL database: ielts_database
2025-09-09 15:16:42,665 - ERROR - User ID: 1 not found in database
2025-09-09 15:16:59,996 - DEBUG - Received payment success notification
2025-09-09 15:16:59,997 - DEBUG - Payment data received: {'payment_id': 'pay_L6w1c7Y9dO9a2h', 'order_id': 'order_RFSN3eiaoCw8t8', 'signature': '', 'user_id': '114', 'plan_id': 'prod_7DaysPlan'}
2025-09-09 15:16:59,999 - WARNING - Signature not provided; skipping verification.
2025-09-09 15:17:00,000 - INFO - Attempting to connect to MySQL database: ielts_database
2025-09-09 15:17:00,197 - ERROR - User ID: 114 not found in database
2025-09-09 15:17:11,248 - DEBUG - Received request to create order
2025-09-09 15:17:11,249 - INFO - Attempting to connect to MySQL database: ielts_database
2025-09-09 15:17:11,641 - INFO - Order created successfully with ID: order_RFSVN1BQhMQB39
2025-09-09 15:17:23,757 - DEBUG - Received payment success notification
2025-09-09 15:17:23,758 - DEBUG - Payment data received: {'payment_id': 'pay_L6w1c7Y9dO9a2h', 'order_id': 'order_RFSVN1BQhMQB39', 'signature': '', 'user_id': '114', 'plan_id': 'prod_7DaysPlan'}
2025-09-09 15:17:23,758 - WARNING - Signature not provided; skipping verification.
2025-09-09 15:17:23,759 - INFO - Attempting to connect to MySQL database: ielts_database
2025-09-09 15:17:23,951 - ERROR - User ID: 114 not found in database
2025-09-09 15:20:41,268 - DEBUG - Received request to create order
2025-09-09 15:20:41,270 - INFO - Attempting to connect to MySQL database: ielts_database
2025-09-09 15:20:42,371 - INFO - Order created successfully with ID: order_RFSZ52f2KuH3KI
2025-09-09 15:21:05,554 - DEBUG - Received payment success notification
2025-09-09 15:21:05,556 - DEBUG - Payment data received: {'payment_id': 'pay_L6w1c7Y9dO9a2h', 'order_id': 'order_RFSZ52f2KuH3KI', 'signature': '', 'user_id': '114', 'plan_id': 'prod_7DaysPlan'}
2025-09-09 15:21:05,557 - WARNING - Signature not provided; skipping verification.
2025-09-09 15:21:05,557 - INFO - Attempting to connect to MySQL database: ielts_database
2025-09-09 15:21:05,748 - ERROR - User ID: 114 not found in database
2025-09-09 15:22:32,049 - DEBUG - Received payment success notification
2025-09-09 15:22:32,052 - DEBUG - Payment data received: {'payment_id': 'pay_L6w1c7Y9dO9a2h', 'order_id': 'order_RFSZ52f2KuH3KI', 'signature': '', 'user_id': '114', 'plan_id': 'prod_7DaysPlan'}
2025-09-09 15:22:32,053 - WARNING - Signature not provided; skipping verification.
2025-09-09 15:22:32,053 - INFO - Attempting to connect to MySQL database: ielts_database
2025-09-09 15:22:32,231 - ERROR - User ID: 114 not found in database
2025-09-09 15:22:49,917 - DEBUG - Received payment success notification
2025-09-09 15:22:49,918 - DEBUG - Payment data received: {'payment_id': 'pay_L6w1c7Y9dO9a2h', 'order_id': 'order_RFSZ52f2KuH3KI', 'signature': 'Hhhsieis_mms', 'user_id': '114', 'plan_id': 'prod_7DaysPlan'}
2025-09-09 15:22:49,919 - ERROR - Signature verification failed: Razorpay Signature Verification Failed
2025-09-09 15:23:01,309 - DEBUG - Received payment success notification
2025-09-09 15:23:01,310 - DEBUG - Payment data received: {'payment_id': 'pay_L6w1c7Y9dO9a2h', 'order_id': 'order_RFSZ52f2KuH3KI', 'signature': '', 'user_id': '114', 'plan_id': 'prod_7DaysPlan'}
2025-09-09 15:23:01,310 - WARNING - Signature not provided; skipping verification.
2025-09-09 15:23:01,310 - INFO - Attempting to connect to MySQL database: ielts_database
2025-09-09 15:23:01,504 - ERROR - User ID: 114 not found in database
2025-09-09 15:23:58,878 - DEBUG - Received request to create order
2025-09-09 15:23:58,880 - INFO - Attempting to connect to MySQL database: ielts_database
2025-09-09 15:23:59,916 - INFO - Order created successfully with ID: order_RFScYgF569JfYZ
2025-09-09 15:24:22,669 - DEBUG - Received payment success notification
2025-09-09 15:24:22,670 - DEBUG - Payment data received: {'payment_id': 'pay_L6w1c7Y9dO9a2h', 'order_id': 'order_RFScYgF569JfYZ', 'signature': '', 'user_id': '172', 'plan_id': 'prod_7DaysPlan'}
2025-09-09 15:24:22,670 - WARNING - Signature not provided; skipping verification.
2025-09-09 15:24:22,670 - INFO - Attempting to connect to MySQL database: ielts_database
2025-09-09 15:24:22,946 - INFO - No center_code for user ID: 172
2025-09-09 15:24:22,947 - INFO - Attempting to connect to MySQL database: ielts_payment
2025-09-09 15:24:33,663 - INFO - Thank you email sent to: mugesh.q97@gmail.com
2025-09-09 15:24:33,748 - INFO - User details updated in ielts_database for user ID: 172
2025-09-09 15:25:57,673 - DEBUG - Received request to create order
2025-09-09 15:25:57,674 - INFO - Attempting to connect to MySQL database: ielts_database
2025-09-09 15:25:58,858 - INFO - Order created successfully with ID: order_RFSeeVHWeaFOAm
2025-09-09 15:26:35,171 - DEBUG - Received payment success notification
2025-09-09 15:26:35,172 - DEBUG - Payment data received: {'payment_id': 'pay_L6w1c7Y9dO9a2h', 'order_id': 'order_RFSeeVHWeaFOAm', 'signature': '', 'user_id': '531', 'plan_id': 'prod_7DaysPlan'}
2025-09-09 15:26:35,173 - WARNING - Signature not provided; skipping verification.
2025-09-09 15:26:35,173 - INFO - Attempting to connect to MySQL database: ielts_database
2025-09-09 15:26:35,359 - INFO - No center_code for user ID: 531
2025-09-09 15:26:35,360 - INFO - Attempting to connect to MySQL database: ielts_payment
2025-09-09 15:26:41,293 - INFO - Thank you email sent to: aswikavg.21msc@kongu.edu
2025-09-09 15:26:41,361 - INFO - User details updated in ielts_database for user ID: 531
2025-09-09 15:31:41,104 - INFO - Attempting to connect to MySQL database: ielts_database
2025-09-09 15:32:31,902 - INFO - Attempting to connect to MySQL database: ielts_database
2025-09-09 15:32:35,678 - INFO - Sent expiry notification email to: magendran.ramasamy@gmail.com
2025-09-09 15:32:38,370 - INFO - Sent expiry notification email to: balajiarjunan26@gmail.com
2025-09-09 15:32:41,058 - INFO - Sent expiry notification email to: raghul.s@dsparkai.com
2025-09-09 15:32:43,374 - INFO - Sent expiry notification email to: harikrishnas2020@gmail.com
2025-09-09 15:32:46,147 - INFO - Sent expiry notification email to: rglmouli@gmail.com
2025-09-09 15:32:49,434 - INFO - Sent expiry notification email to: punarroyal@gmail.com
2025-09-09 15:32:53,208 - INFO - Sent expiry notification email to: vmonisha20@gmail.com
2025-09-09 15:32:56,032 - INFO - Sent expiry notification email to: deepaktechie04@gmail.com
2025-09-09 15:32:59,442 - INFO - Sent expiry notification email to: awatisachin025@gmail.com
2025-09-09 15:33:02,221 - INFO - Sent expiry notification email to: labdsais@gmail.com
2025-09-09 15:33:04,610 - INFO - Sent expiry notification email to: deepaklearner004@gmail.com
2025-09-09 15:33:07,139 - INFO - Sent expiry notification email to: administrator@dsparkai.com
2025-09-09 15:33:09,556 - INFO - Sent expiry notification email to: vijaiveeramani.selvaraaj@gmail.com
2025-09-09 15:33:12,481 - INFO - Sent expiry notification email to: razorpayieltsgenai@gmail.com
2025-09-09 15:33:15,015 - INFO - Sent expiry notification email to: shibanashiq697@gmail.com
2025-09-09 15:33:17,436 - INFO - Sent expiry notification email to: punarvitha.ullayam@dsparkai.com
2025-09-09 15:33:20,037 - INFO - Sent expiry notification email to: shivasuryavasan@gmail.com
2025-09-09 15:33:22,607 - INFO - Sent expiry notification email to: monish2112@gmail.com
2025-09-09 15:33:26,079 - INFO - Sent expiry notification email to: vijayaragava2022@gmail.com
2025-09-09 15:33:28,434 - INFO - Sent expiry notification email to: kavi1352001@gmail.com
2025-09-09 15:33:31,920 - INFO - Sent expiry notification email to: dinahkezia@gmail.com
2025-09-09 15:33:34,388 - INFO - Sent expiry notification email to: selvakumar212402@gmail.com
2025-09-09 15:33:36,940 - INFO - Sent expiry notification email to: deepakecr143@gmail.com
2025-09-09 15:33:40,738 - INFO - Sent expiry notification email to: srinivasvenkateswaran@gmail.com
2025-09-09 15:33:43,409 - INFO - Sent expiry notification email to: arthurmorgan2505@gmail.com
2025-09-09 15:33:47,761 - INFO - Sent expiry notification email to: canva@dsparkai.com
2025-09-09 15:33:50,144 - INFO - Sent expiry notification email to: priyasri170501@gmail.com
2025-09-09 15:33:53,672 - INFO - Sent expiry notification email to: ramanit64@gmail.com
2025-09-09 15:33:55,988 - INFO - Sent expiry notification email to: archanavcnair@gmail.com
2025-09-09 15:34:00,644 - INFO - Sent expiry notification email to: arunkumar.p5329@gmail.com
2025-09-09 15:34:03,061 - INFO - Sent expiry notification email to: akashak2112@gmail.com
2025-09-09 15:34:06,526 - INFO - Sent expiry notification email to: chandru2712003@gmail.com
2025-09-16 17:46:20,092 - DEBUG - Received request to create order
2025-09-16 17:46:20,094 - INFO - Attempting to connect to MySQL database: ielts_database
2025-09-16 17:46:20,295 - WARNING - User ID: 181 has an active plan and cannot create a new order.
2025-09-16 17:46:52,082 - DEBUG - Received request to create order
2025-09-16 17:46:52,083 - INFO - Attempting to connect to MySQL database: ielts_database
2025-09-16 17:46:53,297 - INFO - Order created successfully with ID: order_RIGnRQOrG3sQUo
2025-09-16 17:47:33,074 - DEBUG - Received payment success notification
2025-09-16 17:47:33,074 - DEBUG - Payment data received: {'payment_id': 'pay_RHxctrM4oH6gIT', 'order_id': 'order_RIGnRQOrG3sQUo', 'signature': '', 'user_id': '126', 'plan_id': 'prod_7daysPlan'}
2025-09-16 17:47:33,075 - WARNING - Signature not provided; skipping verification.
2025-09-16 17:47:33,075 - INFO - Attempting to connect to MySQL database: ielts_database
2025-09-16 17:47:33,318 - INFO - No center_code for user ID: 126
2025-09-16 17:47:33,319 - INFO - Attempting to connect to MySQL database: ielts_payment
2025-09-16 17:47:41,167 - INFO - Thank you email sent to: vendhanarul664@gmail.com
2025-09-16 17:47:41,250 - INFO - User details updated in ielts_database for user ID: 126
2025-09-16 17:47:49,350 - INFO - Attempting to connect to MySQL database: ielts_database
